INFO 2026-02-27 11:54:07,911 autoreload 19584 17660 Watching for file changes with StatReloader
INFO 2026-02-27 11:54:25,452 basehttp 19584 16808 "GET / HTTP/1.1" 200 40380
WARNING 2026-02-27 11:54:29,998 log 19584 16808 Not Found: /favicon.ico
WARNING 2026-02-27 11:54:30,000 basehttp 19584 16808 "GET /favicon.ico HTTP/1.1" 404 33017
INFO 2026-03-06 06:46:34,239 autoreload 9484 9240 Watching for file changes with StatReloader
INFO 2026-03-06 06:46:49,544 basehttp 9484 11272 "GET / HTTP/1.1" 301 0
INFO 2026-03-06 06:46:49,563 basehttp 9484 15668 code 400, message Bad request version ('`R')
ERROR 2026-03-06 06:46:49,565 basehttp 9484 15668 You're accessing the development server over HTTPS, but it only supports HTTP.
INFO 2026-03-06 06:46:49,580 basehttp 9484 11808 code 400, message Bad request version ('C\x9d³É¸öó@?\x92P\x91P¿\x86ñ¹u\x05±\xad¦9ÀühÊç%\x11³<ìY?Nl\x84_KL\x80Ñ\x92ò9¾S\x12\x87\x13Ò\x89f\x96°C\x82sÓ')
ERROR 2026-03-06 06:46:49,582 basehttp 9484 11808 You're accessing the development server over HTTPS, but it only supports HTTP.
INFO 2026-03-06 06:47:36,198 autoreload 9484 9240 D:\AddClip3\venv\src\src\settings.py changed, reloading.
INFO 2026-03-06 06:47:38,895 autoreload 5724 9728 Watching for file changes with StatReloader
INFO 2026-03-06 06:47:56,368 basehttp 5724 12396 code 400, message Bad request version ('ZÌ>\x89\x97!e<ëËwã*Q)Z\x8dÄðÀ:\x10\x87\x07ÂÆ«\x05QÂ\x12')
ERROR 2026-03-06 06:47:56,370 basehttp 5724 12396 You're accessing the development server over HTTPS, but it only supports HTTP.
INFO 2026-03-06 06:47:56,370 basehttp 5724 15096 code 400, message Bad request version ('ÚÚ\x13\x01\x13\x02\x13\x03À+À/À,À0Ì©Ì¨À\x13À\x14\x00\x9c\x00\x9d\x00/\x005\x01\x00\x06Súú\x00\x00\x00\x17\x00\x00\x00-\x00\x02\x01\x01ÿ\x01\x00\x01\x00\x00#\x00\x00\x00')
ERROR 2026-03-06 06:47:56,372 basehttp 5724 15096 You're accessing the development server over HTTPS, but it only supports HTTP.
INFO 2026-03-06 06:47:56,377 basehttp 5724 13528 code 400, message Bad request version ('\x16\x0657\x95b§a\x86\x02\x81£¹\x92Ë\x97\x1a"ÔÅfÒp§,¿©[O0\x1ab³`v.U\x02èõuEÑÀÛº\x9bûEiÁj)ât#»åÁA§Ê&8Z\x1bäÂp\x12u]ÐQ\x9f·\x91\x80ZY@{_i')
ERROR 2026-03-06 06:47:56,378 basehttp 5724 13528 You're accessing the development server over HTTPS, but it only supports HTTP.
INFO 2026-03-06 06:47:56,378 basehttp 5724 2244 code 400, message Bad request version ('³,¾2ÖÆw\x8d\x00)\x8f\x7f\x1bÁ2¡`Ïspðª\x00')
ERROR 2026-03-06 06:47:56,379 basehttp 5724 2244 You're accessing the development server over HTTPS, but it only supports HTTP.
INFO 2026-03-06 06:47:56,420 basehttp 5724 8572 code 400, message Bad request version ('fS\x1b\x0f±>ç;²Dwú,[Õ9\x0e<\x9c\x9eÔê2')
ERROR 2026-03-06 06:47:56,422 basehttp 5724 8572 You're accessing the development server over HTTPS, but it only supports HTTP.
INFO 2026-03-06 06:47:56,433 basehttp 5724 2132 code 400, message Bad request version ('ÇÙ\x10ú¬×¸(\x08e')
ERROR 2026-03-06 06:47:56,434 basehttp 5724 2132 You're accessing the development server over HTTPS, but it only supports HTTP.
INFO 2026-03-08 13:23:35,706 autoreload 11476 1332 Watching for file changes with StatReloader
INFO 2026-04-11 13:26:02,124 autoreload 14160 12864 Watching for file changes with StatReloader
INFO 2026-04-18 17:11:21,517 autoreload 12720 10216 Watching for file changes with StatReloader
INFO 2026-06-19 03:19:46,613 autoreload 13708 4012 Watching for file changes with StatReloader
INFO 2026-06-19 03:19:54,384 basehttp 13708 6460 "GET / HTTP/1.1" 200 52768
INFO 2026-06-19 03:19:54,879 basehttp 13708 12712 "GET /static/images/elegance-lux.png HTTP/1.1" 200 920529
INFO 2026-06-19 03:19:54,888 basehttp 13708 7752 "GET /static/images/tech-sphere.png HTTP/1.1" 200 961500
INFO 2026-06-19 03:19:54,910 basehttp 13708 6460 "GET /static/images/landing/landing-hero.png HTTP/1.1" 200 97489
INFO 2026-06-19 03:19:54,918 basehttp 13708 10916 "GET /static/images/Elan-noir.png HTTP/1.1" 200 724295
INFO 2026-06-19 03:20:14,170 basehttp 13708 10916 "GET /about/ HTTP/1.1" 200 34862
INFO 2026-06-19 03:20:14,232 basehttp 13708 6460 "GET /static/accounts/js/auth.js HTTP/1.1" 200 1805
INFO 2026-06-19 03:20:14,237 basehttp 13708 7752 "GET /static/js/checkout.js HTTP/1.1" 200 4447
INFO 2026-06-19 03:20:14,244 basehttp 13708 10916 "GET /static/images/landing/jerase.png HTTP/1.1" 200 180618
INFO 2026-06-25 08:16:23,791 autoreload 8520 648 Watching for file changes with StatReloader
INFO 2026-06-25 08:16:31,828 basehttp 8520 13892 "GET / HTTP/1.1" 200 52768
INFO 2026-06-25 08:16:31,878 basehttp 8520 13892 "GET /static/images/landing/landing-hero.png HTTP/1.1" 304 0
INFO 2026-06-25 08:16:31,879 basehttp 8520 5476 "GET /static/images/Elan-noir.png HTTP/1.1" 304 0
INFO 2026-06-25 08:16:31,881 basehttp 8520 14800 "GET /static/images/tech-sphere.png HTTP/1.1" 304 0
INFO 2026-06-25 08:16:31,896 basehttp 8520 2444 "GET /static/images/elegance-lux.png HTTP/1.1" 304 0
WARNING 2026-06-25 08:16:32,092 log 8520 2444 Not Found: /favicon.ico
WARNING 2026-06-25 08:16:32,093 basehttp 8520 2444 "GET /favicon.ico HTTP/1.1" 404 39557
INFO 2026-06-25 08:36:02,009 basehttp 8520 1868 "GET /admin/ HTTP/1.1" 302 0
INFO 2026-06-25 08:36:02,127 basehttp 8520 1868 "GET /admin/login/?next=/admin/ HTTP/1.1" 200 4173
INFO 2026-06-25 08:36:02,739 basehttp 8520 1868 "GET /static/admin/css/base.css HTTP/1.1" 200 22120
INFO 2026-06-25 08:36:02,785 basehttp 8520 5328 "GET /static/admin/css/login.css HTTP/1.1" 200 951
INFO 2026-06-25 08:36:02,793 basehttp 8520 1788 "GET /static/admin/css/nav_sidebar.css HTTP/1.1" 200 2810
INFO 2026-06-25 08:36:02,802 basehttp 8520 10976 "GET /static/admin/css/dark_mode.css HTTP/1.1" 200 2808
INFO 2026-06-25 08:36:02,827 basehttp 8520 5616 "GET /static/admin/css/responsive.css HTTP/1.1" 200 16565
INFO 2026-06-25 08:36:02,832 basehttp 8520 4440 "GET /static/admin/js/theme.js HTTP/1.1" 200 1653
INFO 2026-06-25 08:36:02,843 basehttp 8520 5616 "GET /static/admin/js/nav_sidebar.js HTTP/1.1" 200 3063
INFO 2026-06-25 08:36:11,285 basehttp 8520 5616 "POST /admin/login/?next=/admin/ HTTP/1.1" 200 4341
INFO 2026-06-25 08:37:09,783 autoreload 656 5056 Watching for file changes with StatReloader
INFO 2026-06-25 08:37:14,730 basehttp 656 14544 "POST /admin/login/?next=/admin/ HTTP/1.1" 302 0
INFO 2026-06-25 08:37:15,142 basehttp 656 14544 "GET /admin/ HTTP/1.1" 200 51640
INFO 2026-06-25 08:37:15,366 basehttp 656 14544 "GET /static/admin/css/dashboard.css HTTP/1.1" 200 441
INFO 2026-06-25 08:37:15,382 basehttp 656 14544 "GET /static/admin/img/icon-addlink.svg HTTP/1.1" 200 331
INFO 2026-06-25 08:37:15,385 basehttp 656 12284 "GET /static/admin/img/icon-changelink.svg HTTP/1.1" 200 380
INFO 2026-06-25 08:39:14,344 basehttp 656 9008 "GET /admin/builder/template/ HTTP/1.1" 200 40419
INFO 2026-06-25 08:39:14,405 basehttp 656 9008 "GET /static/admin/css/changelists.css HTTP/1.1" 200 6878
INFO 2026-06-25 08:39:14,412 basehttp 656 14608 "GET /admin/jsi18n/ HTTP/1.1" 200 3342
INFO 2026-06-25 08:39:14,413 basehttp 656 13516 "GET /static/admin/js/jquery.init.js HTTP/1.1" 200 347
INFO 2026-06-25 08:39:14,413 basehttp 656 4620 "GET /static/admin/js/core.js HTTP/1.1" 200 6208
INFO 2026-06-25 08:39:14,415 basehttp 656 9008 "GET /static/admin/js/actions.js HTTP/1.1" 200 8076
INFO 2026-06-25 08:39:14,415 basehttp 656 8696 "GET /static/admin/js/admin/RelatedObjectLookups.js HTTP/1.1" 200 9777
INFO 2026-06-25 08:39:14,422 basehttp 656 4620 "GET /static/admin/js/urlify.js HTTP/1.1" 200 7887
INFO 2026-06-25 08:39:14,429 basehttp 656 896 "GET /static/admin/js/vendor/jquery/jquery.js HTTP/1.1" 200 285314
INFO 2026-06-25 08:39:14,433 basehttp 656 14608 "GET /static/admin/js/prepopulate.js HTTP/1.1" 200 1531
INFO 2026-06-25 08:39:14,442 basehttp 656 13516 "GET /static/admin/js/vendor/xregexp/xregexp.js HTTP/1.1" 200 325171
INFO 2026-06-25 08:39:14,491 basehttp 656 13516 "GET /static/admin/js/filters.js HTTP/1.1" 200 978
INFO 2026-06-25 08:39:14,530 basehttp 656 13516 "GET /static/admin/img/tooltag-add.svg HTTP/1.1" 200 331
INFO 2026-06-25 08:52:56,954 basehttp 656 11432 "GET /admin/builder/template/add/ HTTP/1.1" 200 51115
INFO 2026-06-25 08:52:57,018 basehttp 656 11432 "GET /static/admin/css/forms.css HTTP/1.1" 200 8525
INFO 2026-06-25 08:52:57,030 basehttp 656 11668 "GET /admin/jsi18n/ HTTP/1.1" 200 3342
INFO 2026-06-25 08:52:57,065 basehttp 656 11668 "GET /static/admin/css/widgets.css HTTP/1.1" 200 11973
INFO 2026-06-25 08:52:57,079 basehttp 656 6244 "GET /static/admin/js/prepopulate_init.js HTTP/1.1" 200 586
INFO 2026-06-25 08:52:57,117 basehttp 656 6244 "GET /static/admin/img/icon-viewlink.svg HTTP/1.1" 200 581
INFO 2026-06-25 08:52:57,120 basehttp 656 11668 "GET /static/admin/js/change_form.js HTTP/1.1" 200 606
INFO 2026-06-25 08:53:17,415 basehttp 656 11668 "GET /admin/builder/templatecategory/add/?_to_field=id&_popup=1 HTTP/1.1" 200 7349
INFO 2026-06-25 08:53:17,480 basehttp 656 11668 "GET /admin/jsi18n/ HTTP/1.1" 200 3342
INFO 2026-06-25 08:53:29,535 basehttp 656 11668 "POST /admin/builder/templatecategory/add/?_to_field=id&_popup=1 HTTP/1.1" 200 329
INFO 2026-06-25 08:53:29,565 basehttp 656 11668 "GET /static/admin/js/popup_response.js HTTP/1.1" 200 532
INFO 2026-06-25 08:53:56,434 basehttp 656 11668 "POST /admin/builder/template/add/ HTTP/1.1" 200 51465
INFO 2026-06-25 08:53:56,494 basehttp 656 11668 "GET /admin/jsi18n/ HTTP/1.1" 200 3342
INFO 2026-06-25 08:54:18,514 basehttp 656 11668 "POST /admin/builder/template/add/ HTTP/1.1" 302 0
INFO 2026-06-25 08:54:18,721 basehttp 656 11668 "GET /admin/builder/template/ HTTP/1.1" 200 41985
INFO 2026-06-25 08:54:18,803 basehttp 656 11668 "GET /admin/jsi18n/ HTTP/1.1" 200 3342
INFO 2026-06-25 08:54:18,823 basehttp 656 11668 "GET /static/admin/img/icon-yes.svg HTTP/1.1" 200 436
INFO 2026-06-25 08:54:32,413 basehttp 656 11668 "GET /admin/builder/template/ HTTP/1.1" 200 41755
INFO 2026-06-25 08:54:32,496 basehttp 656 11668 "GET /admin/jsi18n/ HTTP/1.1" 200 3342
INFO 2026-06-25 08:54:34,474 basehttp 656 11668 "GET / HTTP/1.1" 200 52774
INFO 2026-06-25 08:54:41,105 basehttp 656 11668 "GET /dashboard/ HTTP/1.1" 200 32252
INFO 2026-06-25 08:54:41,152 basehttp 656 6244 "GET /static/accounts/js/auth.js HTTP/1.1" 304 0
INFO 2026-06-25 08:54:41,171 basehttp 656 11668 "GET /static/js/checkout.js HTTP/1.1" 304 0
INFO 2026-06-25 08:54:58,529 basehttp 656 13648 "GET /dashboard/ HTTP/1.1" 200 32252
INFO 2026-06-25 08:55:03,089 basehttp 656 13648 "GET /templates/ HTTP/1.1" 200 33409
INFO 2026-06-25 08:55:07,540 basehttp 656 13648 "GET /editor/ModernEcommerce27/ HTTP/1.1" 200 595457
INFO 2026-06-25 08:55:08,145 basehttp 656 3816 "GET /builder/api/color-palettes/ HTTP/1.1" 200 86
INFO 2026-06-25 08:55:08,213 basehttp 656 3816 "GET /builder/api/color-palettes/ HTTP/1.1" 200 86
INFO 2026-06-25 08:55:08,281 basehttp 656 13648 "GET /builder/get-components/ HTTP/1.1" 200 23001
INFO 2026-06-25 08:55:08,424 basehttp 656 3816 "GET /builder/api/template-color-variables/ModernEcommerce27/ HTTP/1.1" 200 1896
INFO 2026-06-25 08:55:08,450 basehttp 656 13648 "GET /builder/load-template/ModernEcommerce27/?page=home HTTP/1.1" 200 79642
INFO 2026-06-25 08:55:15,223 basehttp 656 13648 "GET /builder/api/check-subdomain/?subdomain=j HTTP/1.1" 200 159
INFO 2026-06-25 08:55:19,523 basehttp 656 13648 "GET /builder/api/check-subdomain/?subdomain=jera HTTP/1.1" 200 117
INFO 2026-06-25 08:58:23,063 basehttp 656 7468 "GET /editor/ModernEcommerce27/ HTTP/1.1" 200 595457
INFO 2026-06-25 08:58:23,214 basehttp 656 5968 "GET /builder/api/color-palettes/ HTTP/1.1" 200 86
INFO 2026-06-25 08:58:23,219 basehttp 656 7468 "GET /builder/get-components/ HTTP/1.1" 200 23001
INFO 2026-06-25 08:58:23,262 basehttp 656 7468 "GET /builder/load-template/ModernEcommerce27/?page=home HTTP/1.1" 200 79656
INFO 2026-06-25 08:58:23,300 basehttp 656 7468 "GET /builder/api/color-palettes/ HTTP/1.1" 200 86
INFO 2026-06-25 08:58:23,582 basehttp 656 7468 "GET /builder/api/template-color-variables/ModernEcommerce27/ HTTP/1.1" 200 1896
INFO 2026-06-25 08:59:50,947 basehttp 656 7468 "GET /editor/ModernEcommerce27/ HTTP/1.1" 200 595457
INFO 2026-06-25 08:59:51,073 basehttp 656 5968 "GET /builder/api/color-palettes/ HTTP/1.1" 200 86
INFO 2026-06-25 08:59:51,087 basehttp 656 7468 "GET /builder/get-components/ HTTP/1.1" 200 23001
INFO 2026-06-25 08:59:51,126 basehttp 656 7468 "GET /builder/load-template/ModernEcommerce27/?page=home HTTP/1.1" 200 79671
INFO 2026-06-25 08:59:51,168 basehttp 656 7468 "GET /builder/api/color-palettes/ HTTP/1.1" 200 86
INFO 2026-06-25 08:59:51,658 basehttp 656 7468 "GET /builder/api/template-color-variables/ModernEcommerce27/ HTTP/1.1" 200 1896
INFO 2026-06-26 06:30:04,576 basehttp 656 16080 "GET /editor/ModernEcommerce27/ HTTP/1.1" 200 595457
INFO 2026-06-26 06:30:04,786 basehttp 656 15160 "GET /builder/api/color-palettes/ HTTP/1.1" 200 86
INFO 2026-06-26 06:30:04,826 basehttp 656 16080 "GET /builder/get-components/ HTTP/1.1" 200 23001
INFO 2026-06-26 06:30:04,880 basehttp 656 15160 "GET /builder/api/color-palettes/ HTTP/1.1" 200 86
INFO 2026-06-26 06:30:05,185 basehttp 656 15160 "GET /builder/load-template/ModernEcommerce27/?page=home HTTP/1.1" 200 80120
INFO 2026-06-26 06:30:05,286 basehttp 656 16080 "GET /builder/api/template-color-variables/ModernEcommerce27/ HTTP/1.1" 200 1896
INFO 2026-06-26 06:31:49,204 basehttp 656 16080 "GET /editor/ModernEcommerce27/ HTTP/1.1" 200 595457
INFO 2026-06-26 06:31:49,328 basehttp 656 15160 "GET /builder/api/color-palettes/ HTTP/1.1" 200 86
INFO 2026-06-26 06:31:49,336 basehttp 656 16080 "GET /builder/get-components/ HTTP/1.1" 200 23001
INFO 2026-06-26 06:31:49,367 basehttp 656 16080 "GET /builder/load-template/ModernEcommerce27/?page=home HTTP/1.1" 200 80120
INFO 2026-06-26 06:31:49,465 basehttp 656 16080 "GET /builder/api/color-palettes/ HTTP/1.1" 200 86
INFO 2026-06-26 06:31:49,718 basehttp 656 16080 "GET /builder/api/template-color-variables/ModernEcommerce27/ HTTP/1.1" 200 1896
INFO 2026-06-26 06:47:22,509 basehttp 656 5284 "GET /editor/ModernEcommerce27/ HTTP/1.1" 200 595457
INFO 2026-06-26 06:47:22,686 basehttp 656 2364 "GET /builder/api/color-palettes/ HTTP/1.1" 200 86
INFO 2026-06-26 06:47:22,706 basehttp 656 5284 "GET /builder/get-components/ HTTP/1.1" 200 23001
INFO 2026-06-26 06:47:22,735 basehttp 656 5284 "GET /builder/load-template/ModernEcommerce27/?page=home HTTP/1.1" 200 80335
INFO 2026-06-26 06:47:22,792 basehttp 656 5284 "GET /builder/api/color-palettes/ HTTP/1.1" 200 86
INFO 2026-06-26 06:47:23,089 basehttp 656 5284 "GET /builder/api/template-color-variables/ModernEcommerce27/ HTTP/1.1" 200 1896
INFO 2026-06-26 06:49:33,195 basehttp 656 5284 "GET /editor/ModernEcommerce27/ HTTP/1.1" 200 595457
INFO 2026-06-26 06:49:33,379 basehttp 656 2364 "GET /builder/api/color-palettes/ HTTP/1.1" 200 86
INFO 2026-06-26 06:49:33,395 basehttp 656 5284 "GET /builder/get-components/ HTTP/1.1" 200 23001
INFO 2026-06-26 06:49:33,442 basehttp 656 5284 "GET /builder/load-template/ModernEcommerce27/?page=home HTTP/1.1" 200 80334
INFO 2026-06-26 06:49:33,465 basehttp 656 2364 "GET /builder/api/color-palettes/ HTTP/1.1" 200 86
INFO 2026-06-26 06:49:33,939 basehttp 656 2364 "GET /builder/api/template-color-variables/ModernEcommerce27/ HTTP/1.1" 200 1896
INFO 2026-06-26 06:50:43,438 basehttp 656 2364 "GET /editor/ModernEcommerce27/ HTTP/1.1" 200 595457
INFO 2026-06-26 06:50:43,587 basehttp 656 5284 "GET /builder/api/color-palettes/ HTTP/1.1" 200 86
INFO 2026-06-26 06:50:43,593 basehttp 656 2364 "GET /builder/get-components/ HTTP/1.1" 200 23001
INFO 2026-06-26 06:50:43,623 basehttp 656 2364 "GET /builder/load-template/ModernEcommerce27/?page=home HTTP/1.1" 200 80334
INFO 2026-06-26 06:50:43,676 basehttp 656 2364 "GET /builder/api/color-palettes/ HTTP/1.1" 200 86
INFO 2026-06-26 06:50:44,004 basehttp 656 2364 "GET /builder/api/template-color-variables/ModernEcommerce27/ HTTP/1.1" 200 1896
INFO 2026-06-26 06:53:50,212 basehttp 656 2364 "GET /editor/ModernEcommerce27/ HTTP/1.1" 200 595457
INFO 2026-06-26 06:53:50,366 basehttp 656 5284 "GET /builder/api/color-palettes/ HTTP/1.1" 200 86
INFO 2026-06-26 06:53:50,374 basehttp 656 2364 "GET /builder/get-components/ HTTP/1.1" 200 23001
INFO 2026-06-26 06:53:50,403 basehttp 656 2364 "GET /builder/load-template/ModernEcommerce27/?page=home HTTP/1.1" 200 80335
INFO 2026-06-26 06:53:50,454 basehttp 656 2364 "GET /builder/api/color-palettes/ HTTP/1.1" 200 86
INFO 2026-06-26 06:53:50,730 basehttp 656 2364 "GET /builder/api/template-color-variables/ModernEcommerce27/ HTTP/1.1" 200 1896
INFO 2026-06-26 06:54:07,984 basehttp 656 2364 "GET /editor/ModernEcommerce27/ HTTP/1.1" 200 595457
INFO 2026-06-26 06:54:08,141 basehttp 656 5284 "GET /builder/api/color-palettes/ HTTP/1.1" 200 86
INFO 2026-06-26 06:54:08,152 basehttp 656 2364 "GET /builder/get-components/ HTTP/1.1" 200 23001
INFO 2026-06-26 06:54:08,194 basehttp 656 2364 "GET /builder/load-template/ModernEcommerce27/?page=home HTTP/1.1" 200 80334
INFO 2026-06-26 06:54:08,217 basehttp 656 5284 "GET /builder/api/color-palettes/ HTTP/1.1" 200 86
INFO 2026-06-26 06:54:08,671 basehttp 656 5284 "GET /builder/api/template-color-variables/ModernEcommerce27/ HTTP/1.1" 200 1896
INFO 2026-06-26 06:56:16,772 basehttp 656 5284 "GET /editor/ModernEcommerce27/ HTTP/1.1" 200 595457
INFO 2026-06-26 06:56:16,924 basehttp 656 2364 "GET /builder/api/color-palettes/ HTTP/1.1" 200 86
INFO 2026-06-26 06:56:16,931 basehttp 656 5284 "GET /builder/get-components/ HTTP/1.1" 200 23001
INFO 2026-06-26 06:56:16,977 basehttp 656 5284 "GET /builder/load-template/ModernEcommerce27/?page=home HTTP/1.1" 200 80331
INFO 2026-06-26 06:56:17,028 basehttp 656 5284 "GET /builder/api/color-palettes/ HTTP/1.1" 200 86
INFO 2026-06-26 06:56:17,566 basehttp 656 5284 "GET /builder/api/template-color-variables/ModernEcommerce27/ HTTP/1.1" 200 1896
INFO 2026-06-26 06:56:41,412 basehttp 656 5284 "GET /editor/ModernEcommerce27/ HTTP/1.1" 200 595457
INFO 2026-06-26 06:56:41,554 basehttp 656 2364 "GET /builder/api/color-palettes/ HTTP/1.1" 200 86
INFO 2026-06-26 06:56:41,568 basehttp 656 5284 "GET /builder/get-components/ HTTP/1.1" 200 23001
INFO 2026-06-26 06:56:41,613 basehttp 656 5284 "GET /builder/load-template/ModernEcommerce27/?page=home HTTP/1.1" 200 80336
INFO 2026-06-26 06:56:41,646 basehttp 656 2364 "GET /builder/api/color-palettes/ HTTP/1.1" 200 86
INFO 2026-06-26 06:56:41,998 basehttp 656 2364 "GET /builder/api/template-color-variables/ModernEcommerce27/ HTTP/1.1" 200 1896
INFO 2026-06-26 06:57:14,918 basehttp 656 2364 "GET /editor/ModernEcommerce27/ HTTP/1.1" 200 595457
INFO 2026-06-26 06:57:15,070 basehttp 656 5284 "GET /builder/api/color-palettes/ HTTP/1.1" 200 86
INFO 2026-06-26 06:57:15,087 basehttp 656 2364 "GET /builder/get-components/ HTTP/1.1" 200 23001
INFO 2026-06-26 06:57:15,126 basehttp 656 2364 "GET /builder/load-template/ModernEcommerce27/?page=home HTTP/1.1" 200 80337
INFO 2026-06-26 06:57:15,177 basehttp 656 2364 "GET /builder/api/color-palettes/ HTTP/1.1" 200 86
INFO 2026-06-26 06:57:15,577 basehttp 656 2364 "GET /builder/api/template-color-variables/ModernEcommerce27/ HTTP/1.1" 200 1896
INFO 2026-06-26 07:26:58,533 basehttp 656 16048 "GET /editor/ModernEcommerce27/ HTTP/1.1" 200 595457
INFO 2026-06-26 07:26:58,693 basehttp 656 12124 "GET /builder/api/color-palettes/ HTTP/1.1" 200 86
INFO 2026-06-26 07:26:58,705 basehttp 656 16048 "GET /builder/get-components/ HTTP/1.1" 200 23001
INFO 2026-06-26 07:26:58,743 basehttp 656 16048 "GET /builder/load-template/ModernEcommerce27/?page=home HTTP/1.1" 200 80452
INFO 2026-06-26 07:26:58,787 basehttp 656 16048 "GET /builder/api/color-palettes/ HTTP/1.1" 200 86
INFO 2026-06-26 07:26:59,256 basehttp 656 16048 "GET /builder/api/template-color-variables/ModernEcommerce27/ HTTP/1.1" 200 1896
INFO 2026-06-26 07:27:50,951 basehttp 656 16048 "GET /editor/ModernEcommerce27/ HTTP/1.1" 200 595457
INFO 2026-06-26 07:27:51,108 basehttp 656 12124 "GET /builder/api/color-palettes/ HTTP/1.1" 200 86
INFO 2026-06-26 07:27:51,116 basehttp 656 16048 "GET /builder/get-components/ HTTP/1.1" 200 23001
INFO 2026-06-26 07:27:51,169 basehttp 656 16048 "GET /builder/load-template/ModernEcommerce27/?page=home HTTP/1.1" 200 80455
INFO 2026-06-26 07:27:51,193 basehttp 656 12124 "GET /builder/api/color-palettes/ HTTP/1.1" 200 86
INFO 2026-06-26 07:27:51,642 basehttp 656 12124 "GET /builder/api/template-color-variables/ModernEcommerce27/ HTTP/1.1" 200 1896
INFO 2026-06-26 07:29:55,428 basehttp 656 12124 "GET /editor/ModernEcommerce27/ HTTP/1.1" 200 595457
INFO 2026-06-26 07:29:55,565 basehttp 656 16048 "GET /builder/api/color-palettes/ HTTP/1.1" 200 86
INFO 2026-06-26 07:29:55,574 basehttp 656 12124 "GET /builder/get-components/ HTTP/1.1" 200 23001
INFO 2026-06-26 07:29:55,606 basehttp 656 12124 "GET /builder/load-template/ModernEcommerce27/?page=home HTTP/1.1" 200 80455
INFO 2026-06-26 07:29:55,646 basehttp 656 12124 "GET /builder/api/color-palettes/ HTTP/1.1" 200 86
INFO 2026-06-26 07:29:55,957 basehttp 656 12124 "GET /builder/api/template-color-variables/ModernEcommerce27/ HTTP/1.1" 200 1896
INFO 2026-06-26 07:30:44,553 basehttp 656 12124 "GET /editor/ModernEcommerce27/ HTTP/1.1" 200 595457
INFO 2026-06-26 07:30:44,687 basehttp 656 16048 "GET /builder/api/color-palettes/ HTTP/1.1" 200 86
INFO 2026-06-26 07:30:44,697 basehttp 656 12124 "GET /builder/get-components/ HTTP/1.1" 200 23001
INFO 2026-06-26 07:30:44,724 basehttp 656 12124 "GET /builder/load-template/ModernEcommerce27/?page=home HTTP/1.1" 200 80324
INFO 2026-06-26 07:30:44,771 basehttp 656 12124 "GET /builder/api/color-palettes/ HTTP/1.1" 200 86
INFO 2026-06-26 07:30:44,983 basehttp 656 12124 "GET /builder/api/template-color-variables/ModernEcommerce27/ HTTP/1.1" 200 1896
INFO 2026-06-26 07:31:11,037 basehttp 656 12124 "GET /editor/ModernEcommerce27/ HTTP/1.1" 200 595457
INFO 2026-06-26 07:31:11,163 basehttp 656 16048 "GET /builder/api/color-palettes/ HTTP/1.1" 200 86
INFO 2026-06-26 07:31:11,191 basehttp 656 12124 "GET /builder/get-components/ HTTP/1.1" 200 23001
INFO 2026-06-26 07:31:11,251 basehttp 656 12124 "GET /builder/load-template/ModernEcommerce27/?page=home HTTP/1.1" 200 80337
INFO 2026-06-26 07:31:11,257 basehttp 656 16048 "GET /builder/api/color-palettes/ HTTP/1.1" 200 86
INFO 2026-06-26 07:31:11,612 basehttp 656 16048 "GET /builder/api/template-color-variables/ModernEcommerce27/ HTTP/1.1" 200 1896
INFO 2026-06-26 07:34:52,919 basehttp 656 16048 "GET /editor/ModernEcommerce27/ HTTP/1.1" 200 595457
INFO 2026-06-26 07:34:53,058 basehttp 656 12124 "GET /builder/api/color-palettes/ HTTP/1.1" 200 86
INFO 2026-06-26 07:34:53,080 basehttp 656 16048 "GET /builder/get-components/ HTTP/1.1" 200 23001
INFO 2026-06-26 07:34:53,109 basehttp 656 16048 "GET /builder/load-template/ModernEcommerce27/?page=home HTTP/1.1" 200 80459
INFO 2026-06-26 07:34:53,156 basehttp 656 16048 "GET /builder/api/color-palettes/ HTTP/1.1" 200 86
INFO 2026-06-26 07:34:53,429 basehttp 656 16048 "GET /builder/api/template-color-variables/ModernEcommerce27/ HTTP/1.1" 200 1896
INFO 2026-06-26 07:35:58,338 basehttp 656 16048 "GET /editor/ModernEcommerce27/ HTTP/1.1" 200 595457
INFO 2026-06-26 07:35:58,518 basehttp 656 12124 "GET /builder/api/color-palettes/ HTTP/1.1" 200 86
INFO 2026-06-26 07:35:58,554 basehttp 656 16048 "GET /builder/get-components/ HTTP/1.1" 200 23001
INFO 2026-06-26 07:35:58,598 basehttp 656 12124 "GET /builder/load-template/ModernEcommerce27/?page=home HTTP/1.1" 200 80455
INFO 2026-06-26 07:35:58,627 basehttp 656 16048 "GET /builder/api/color-palettes/ HTTP/1.1" 200 86
INFO 2026-06-26 07:35:58,897 basehttp 656 16048 "GET /builder/api/template-color-variables/ModernEcommerce27/ HTTP/1.1" 200 1896
INFO 2026-06-26 07:36:30,764 basehttp 656 16048 "GET /editor/ModernEcommerce27/ HTTP/1.1" 200 595457
INFO 2026-06-26 07:36:30,889 basehttp 656 12124 "GET /builder/api/color-palettes/ HTTP/1.1" 200 86
INFO 2026-06-26 07:36:30,912 basehttp 656 16048 "GET /builder/get-components/ HTTP/1.1" 200 23001
INFO 2026-06-26 07:36:30,952 basehttp 656 16048 "GET /builder/load-template/ModernEcommerce27/?page=home HTTP/1.1" 200 80459
INFO 2026-06-26 07:36:31,002 basehttp 656 16048 "GET /builder/api/color-palettes/ HTTP/1.1" 200 86
INFO 2026-06-26 07:36:31,250 basehttp 656 16048 "GET /builder/api/template-color-variables/ModernEcommerce27/ HTTP/1.1" 200 1896
INFO 2026-06-26 07:37:40,441 basehttp 656 16048 "GET /editor/ModernEcommerce27/ HTTP/1.1" 200 595457
INFO 2026-06-26 07:37:40,577 basehttp 656 12124 "GET /builder/api/color-palettes/ HTTP/1.1" 200 86
INFO 2026-06-26 07:37:40,585 basehttp 656 16048 "GET /builder/get-components/ HTTP/1.1" 200 23001
INFO 2026-06-26 07:37:40,617 basehttp 656 16048 "GET /builder/load-template/ModernEcommerce27/?page=home HTTP/1.1" 200 80807
INFO 2026-06-26 07:37:40,662 basehttp 656 16048 "GET /builder/api/color-palettes/ HTTP/1.1" 200 86
INFO 2026-06-26 07:37:40,998 basehttp 656 16048 "GET /builder/api/template-color-variables/ModernEcommerce27/ HTTP/1.1" 200 1896
INFO 2026-06-26 07:39:09,352 basehttp 656 16048 "GET /editor/ModernEcommerce27/ HTTP/1.1" 200 595457
INFO 2026-06-26 07:39:09,490 basehttp 656 12124 "GET /builder/api/color-palettes/ HTTP/1.1" 200 86
INFO 2026-06-26 07:39:09,501 basehttp 656 16048 "GET /builder/get-components/ HTTP/1.1" 200 23001
INFO 2026-06-26 07:39:09,523 basehttp 656 16048 "GET /builder/load-template/ModernEcommerce27/?page=home HTTP/1.1" 200 80807
INFO 2026-06-26 07:39:09,576 basehttp 656 16048 "GET /builder/api/color-palettes/ HTTP/1.1" 200 86
INFO 2026-06-26 07:39:09,935 basehttp 656 16048 "GET /builder/api/template-color-variables/ModernEcommerce27/ HTTP/1.1" 200 1896
INFO 2026-06-26 07:44:46,384 basehttp 656 13412 "GET /editor/ModernEcommerce27/ HTTP/1.1" 200 595457
INFO 2026-06-26 07:44:46,587 basehttp 656 9740 "GET /builder/api/color-palettes/ HTTP/1.1" 200 86
INFO 2026-06-26 07:44:46,604 basehttp 656 13412 "GET /builder/get-components/ HTTP/1.1" 200 23001
INFO 2026-06-26 07:44:46,638 basehttp 656 13412 "GET /builder/load-template/ModernEcommerce27/?page=home HTTP/1.1" 200 81045
INFO 2026-06-26 07:44:46,687 basehttp 656 13412 "GET /builder/api/color-palettes/ HTTP/1.1" 200 86
INFO 2026-06-26 07:44:46,998 basehttp 656 13412 "GET /builder/api/template-color-variables/ModernEcommerce27/ HTTP/1.1" 200 1896
INFO 2026-06-26 08:05:55,853 basehttp 656 18400 "GET /editor/ModernEcommerce27/ HTTP/1.1" 200 595457
INFO 2026-06-26 08:05:56,035 basehttp 656 17092 "GET /builder/api/color-palettes/ HTTP/1.1" 200 86
INFO 2026-06-26 08:05:56,045 basehttp 656 18400 "GET /builder/get-components/ HTTP/1.1" 200 23001
INFO 2026-06-26 08:05:56,085 basehttp 656 18400 "GET /builder/load-template/ModernEcommerce27/?page=home HTTP/1.1" 200 81150
INFO 2026-06-26 08:05:56,140 basehttp 656 18400 "GET /builder/api/color-palettes/ HTTP/1.1" 200 86
INFO 2026-06-26 08:05:56,496 basehttp 656 18400 "GET /builder/api/template-color-variables/ModernEcommerce27/ HTTP/1.1" 200 1896
INFO 2026-06-26 10:41:41,278 basehttp 656 15512 "GET /editor/ModernEcommerce27/ HTTP/1.1" 200 595457
INFO 2026-06-26 10:41:41,472 basehttp 656 14840 "GET /builder/api/color-palettes/ HTTP/1.1" 200 86
INFO 2026-06-26 10:41:41,502 basehttp 656 15512 "GET /builder/get-components/ HTTP/1.1" 200 23001
INFO 2026-06-26 10:41:41,527 basehttp 656 15512 "GET /builder/load-template/ModernEcommerce27/?page=home HTTP/1.1" 200 81146
INFO 2026-06-26 10:41:41,706 basehttp 656 15512 "GET /builder/api/color-palettes/ HTTP/1.1" 200 86
INFO 2026-06-26 10:41:42,151 basehttp 656 15512 "GET /builder/api/template-color-variables/ModernEcommerce27/ HTTP/1.1" 200 1896
INFO 2026-06-26 12:15:05,588 basehttp 656 3284 "GET /editor/ModernEcommerce27/ HTTP/1.1" 200 595457
INFO 2026-06-26 12:15:05,936 basehttp 656 6992 "GET /builder/api/color-palettes/ HTTP/1.1" 200 86
INFO 2026-06-26 12:15:06,060 basehttp 656 6992 "GET /builder/api/color-palettes/ HTTP/1.1" 200 86
INFO 2026-06-26 12:15:06,107 basehttp 656 3284 "GET /builder/get-components/ HTTP/1.1" 200 23001
INFO 2026-06-26 12:15:06,158 basehttp 656 3284 "GET /builder/load-template/ModernEcommerce27/?page=home HTTP/1.1" 200 81303
INFO 2026-06-26 12:15:06,185 basehttp 656 6992 "GET /builder/api/template-color-variables/ModernEcommerce27/ HTTP/1.1" 200 1896
INFO 2026-06-26 12:45:54,812 basehttp 656 17244 "GET /editor/ModernEcommerce27/ HTTP/1.1" 200 595457
INFO 2026-06-26 12:45:55,021 basehttp 656 17928 "GET /builder/api/color-palettes/ HTTP/1.1" 200 86
INFO 2026-06-26 12:45:55,027 basehttp 656 17244 "GET /builder/get-components/ HTTP/1.1" 200 23001
INFO 2026-06-26 12:45:55,067 basehttp 656 17244 "GET /builder/load-template/ModernEcommerce27/?page=home HTTP/1.1" 200 81312
INFO 2026-06-26 12:45:55,122 basehttp 656 17928 "GET /builder/api/color-palettes/ HTTP/1.1" 200 86
INFO 2026-06-26 12:45:55,454 basehttp 656 17928 "GET /builder/api/template-color-variables/ModernEcommerce27/ HTTP/1.1" 200 1896
INFO 2026-06-26 13:25:14,670 basehttp 656 15808 "GET /editor/ModernEcommerce27/ HTTP/1.1" 200 595457
INFO 2026-06-26 13:25:14,845 basehttp 656 17280 "GET /builder/api/color-palettes/ HTTP/1.1" 200 86
INFO 2026-06-26 13:25:14,855 basehttp 656 15808 "GET /builder/get-components/ HTTP/1.1" 200 23001
INFO 2026-06-26 13:25:14,877 basehttp 656 15808 "GET /builder/load-template/ModernEcommerce27/?page=home HTTP/1.1" 200 81312
INFO 2026-06-26 13:25:14,925 basehttp 656 15808 "GET /builder/api/color-palettes/ HTTP/1.1" 200 86
INFO 2026-06-26 13:25:15,493 basehttp 656 15808 "GET /builder/api/template-color-variables/ModernEcommerce27/ HTTP/1.1" 200 1896
INFO 2026-06-26 16:26:27,227 basehttp 656 13272 "GET /editor/ModernEcommerce27/ HTTP/1.1" 200 595457
INFO 2026-06-26 16:26:27,421 basehttp 656 15084 "GET /builder/api/color-palettes/ HTTP/1.1" 200 86
INFO 2026-06-26 16:26:27,458 basehttp 656 13272 "GET /builder/get-components/ HTTP/1.1" 200 23001
INFO 2026-06-26 16:26:27,509 basehttp 656 13272 "GET /builder/load-template/ModernEcommerce27/?page=home HTTP/1.1" 200 81329
INFO 2026-06-26 16:26:27,524 basehttp 656 15084 "GET /builder/api/color-palettes/ HTTP/1.1" 200 86
INFO 2026-06-26 16:26:27,851 basehttp 656 15084 "GET /builder/api/template-color-variables/ModernEcommerce27/ HTTP/1.1" 200 1896
INFO 2026-06-26 16:34:45,299 basehttp 656 17892 "GET /editor/ModernEcommerce27/ HTTP/1.1" 200 595457
INFO 2026-06-26 16:34:45,453 basehttp 656 10256 "GET /builder/api/color-palettes/ HTTP/1.1" 200 86
INFO 2026-06-26 16:34:45,478 basehttp 656 17892 "GET /builder/get-components/ HTTP/1.1" 200 23001
INFO 2026-06-26 16:34:45,515 basehttp 656 17892 "GET /builder/load-template/ModernEcommerce27/?page=home HTTP/1.1" 200 81392
INFO 2026-06-26 16:34:45,571 basehttp 656 17892 "GET /builder/api/color-palettes/ HTTP/1.1" 200 86
INFO 2026-06-26 16:34:46,018 basehttp 656 17892 "GET /builder/api/template-color-variables/ModernEcommerce27/ HTTP/1.1" 200 1896
INFO 2026-06-26 16:43:28,851 basehttp 656 4952 "GET /editor/ModernEcommerce27/ HTTP/1.1" 200 595457
INFO 2026-06-26 16:43:29,011 basehttp 656 10604 "GET /builder/api/color-palettes/ HTTP/1.1" 200 86
INFO 2026-06-26 16:43:29,027 basehttp 656 4952 "GET /builder/get-components/ HTTP/1.1" 200 23001
INFO 2026-06-26 16:43:29,079 basehttp 656 4952 "GET /builder/load-template/ModernEcommerce27/?page=home HTTP/1.1" 200 81482
INFO 2026-06-26 16:43:29,112 basehttp 656 10604 "GET /builder/api/color-palettes/ HTTP/1.1" 200 86
INFO 2026-06-26 16:43:29,422 basehttp 656 10604 "GET /builder/api/template-color-variables/ModernEcommerce27/ HTTP/1.1" 200 1896
INFO 2026-06-26 16:49:09,353 basehttp 656 7216 "GET /editor/ModernEcommerce27/ HTTP/1.1" 200 595457
INFO 2026-06-26 16:49:09,522 basehttp 656 3404 "GET /builder/api/color-palettes/ HTTP/1.1" 200 86
INFO 2026-06-26 16:49:09,537 basehttp 656 7216 "GET /builder/get-components/ HTTP/1.1" 200 23001
INFO 2026-06-26 16:49:09,563 basehttp 656 7216 "GET /builder/load-template/ModernEcommerce27/?page=home HTTP/1.1" 200 81512
INFO 2026-06-26 16:49:09,628 basehttp 656 7216 "GET /builder/api/color-palettes/ HTTP/1.1" 200 86
INFO 2026-06-26 16:49:09,888 basehttp 656 7216 "GET /builder/api/template-color-variables/ModernEcommerce27/ HTTP/1.1" 200 1896
INFO 2026-06-26 16:49:56,620 basehttp 656 7216 "POST /builder/upload-image/ HTTP/1.1" 200 75
INFO 2026-06-26 16:58:46,633 basehttp 656 19224 "GET /editor/ModernEcommerce27/ HTTP/1.1" 200 595457
INFO 2026-06-26 16:58:46,740 basehttp 656 8992 "GET /builder/api/color-palettes/ HTTP/1.1" 200 86
INFO 2026-06-26 16:58:46,746 basehttp 656 19224 "GET /builder/get-components/ HTTP/1.1" 200 23001
INFO 2026-06-26 16:58:46,766 basehttp 656 19224 "GET /builder/load-template/ModernEcommerce27/?page=home HTTP/1.1" 200 81529
INFO 2026-06-26 16:58:46,885 basehttp 656 19224 "GET /builder/api/color-palettes/ HTTP/1.1" 200 86
INFO 2026-06-26 16:58:47,013 basehttp 656 19224 "GET /builder/api/template-color-variables/ModernEcommerce27/ HTTP/1.1" 200 1896
INFO 2026-06-26 17:01:17,248 basehttp 656 19224 "GET /editor/ModernEcommerce27/ HTTP/1.1" 200 595457
INFO 2026-06-26 17:01:17,359 basehttp 656 8992 "GET /builder/api/color-palettes/ HTTP/1.1" 200 86
INFO 2026-06-26 17:01:17,387 basehttp 656 19224 "GET /builder/get-components/ HTTP/1.1" 200 23001
INFO 2026-06-26 17:01:17,435 basehttp 656 19224 "GET /builder/load-template/ModernEcommerce27/?page=home HTTP/1.1" 200 81546
INFO 2026-06-26 17:01:17,463 basehttp 656 8992 "GET /builder/api/color-palettes/ HTTP/1.1" 200 86
INFO 2026-06-26 17:01:17,864 basehttp 656 8992 "GET /builder/api/template-color-variables/ModernEcommerce27/ HTTP/1.1" 200 1896
INFO 2026-06-26 17:03:54,508 basehttp 656 8992 "GET /editor/ModernEcommerce27/ HTTP/1.1" 200 595457
INFO 2026-06-26 17:03:54,649 basehttp 656 19224 "GET /builder/api/color-palettes/ HTTP/1.1" 200 86
INFO 2026-06-26 17:03:54,662 basehttp 656 8992 "GET /builder/get-components/ HTTP/1.1" 200 23001
INFO 2026-06-26 17:03:54,690 basehttp 656 8992 "GET /builder/load-template/ModernEcommerce27/?page=home HTTP/1.1" 200 81595
INFO 2026-06-26 17:03:54,778 basehttp 656 8992 "GET /builder/api/color-palettes/ HTTP/1.1" 200 86
INFO 2026-06-26 17:03:55,095 basehttp 656 8992 "GET /builder/api/template-color-variables/ModernEcommerce27/ HTTP/1.1" 200 1896
INFO 2026-06-26 17:05:38,921 basehttp 656 8992 "POST /builder/publish/ HTTP/1.1" 200 191
INFO 2026-06-26 17:05:40,563 basehttp 656 8992 "GET /builder/dashboard/ HTTP/1.1" 200 36080
ERROR 2026-06-26 17:05:48,670 log 656 16352 Internal Server Error: /
Traceback (most recent call last):
  File "C:\Users\user\AppData\Roaming\Python\Python313\site-packages\django\core\handlers\exception.py", line 55, in inner
    response = get_response(request)
  File "C:\Users\user\AppData\Roaming\Python\Python313\site-packages\django\core\handlers\base.py", line 197, in _get_response
    response = wrapped_callback(request, *callback_args, **callback_kwargs)
  File "D:\360ExtremeBrowserDownload\Test\venv\src\builder\decorators.py", line 54, in _wrapped_view
    return view_func(request, *args, **kwargs)
  File "D:\360ExtremeBrowserDownload\Test\venv\src\builder\views.py", line 764, in public_page
    return render(request, template_path, context)
  File "C:\Users\user\AppData\Roaming\Python\Python313\site-packages\django\shortcuts.py", line 25, in render
    content = loader.render_to_string(template_name, context, request, using=using)
  File "C:\Users\user\AppData\Roaming\Python\Python313\site-packages\django\template\loader.py", line 62, in render_to_string
    return template.render(context, request)
           ~~~~~~~~~~~~~~~^^^^^^^^^^^^^^^^^^
  File "C:\Users\user\AppData\Roaming\Python\Python313\site-packages\django\template\backends\django.py", line 107, in render
    return self.template.render(context)
           ~~~~~~~~~~~~~~~~~~~~^^^^^^^^^
  File "C:\Users\user\AppData\Roaming\Python\Python313\site-packages\django\template\base.py", line 171, in render
    return self._render(context)
           ~~~~~~~~~~~~^^^^^^^^^
  File "C:\Users\user\AppData\Roaming\Python\Python313\site-packages\django\template\base.py", line 163, in _render
    return self.nodelist.render(context)
           ~~~~~~~~~~~~~~~~~~~~^^^^^^^^^
  File "C:\Users\user\AppData\Roaming\Python\Python313\site-packages\django\template\base.py", line 1016, in render
    return SafeString("".join([node.render_annotated(context) for node in self]))
                               ~~~~~~~~~~~~~~~~~~~~~^^^^^^^^^
  File "C:\Users\user\AppData\Roaming\Python\Python313\site-packages\django\template\base.py", line 977, in render_annotated
    return self.render(context)
           ~~~~~~~~~~~^^^^^^^^^
  File "C:\Users\user\AppData\Roaming\Python\Python313\site-packages\django\template\defaulttags.py", line 480, in render
    url = reverse(view_name, args=args, kwargs=kwargs, current_app=current_app)
  File "C:\Users\user\AppData\Roaming\Python\Python313\site-packages\django\urls\base.py", line 98, in reverse
    resolved_url = resolver._reverse_with_prefix(view, prefix, *args, **kwargs)
  File "C:\Users\user\AppData\Roaming\Python\Python313\site-packages\django\urls\resolvers.py", line 831, in _reverse_with_prefix
    raise NoReverseMatch(msg)
django.urls.exceptions.NoReverseMatch: Reverse for 'public_return_policy' not found. 'public_return_policy' is not a valid view function or pattern name.
ERROR 2026-06-26 17:05:48,682 basehttp 656 16352 "GET / HTTP/1.1" 500 228760
WARNING 2026-06-26 17:05:49,008 log 656 16352 Not Found: /favicon.ico
WARNING 2026-06-26 17:05:49,009 basehttp 656 16352 "GET /favicon.ico HTTP/1.1" 404 39563
ERROR 2026-06-26 17:08:34,246 log 656 16352 Internal Server Error: /
Traceback (most recent call last):
  File "C:\Users\user\AppData\Roaming\Python\Python313\site-packages\django\core\handlers\exception.py", line 55, in inner
    response = get_response(request)
  File "C:\Users\user\AppData\Roaming\Python\Python313\site-packages\django\core\handlers\base.py", line 197, in _get_response
    response = wrapped_callback(request, *callback_args, **callback_kwargs)
  File "D:\360ExtremeBrowserDownload\Test\venv\src\builder\decorators.py", line 54, in _wrapped_view
    return view_func(request, *args, **kwargs)
  File "D:\360ExtremeBrowserDownload\Test\venv\src\builder\views.py", line 764, in public_page
    return render(request, template_path, context)
  File "C:\Users\user\AppData\Roaming\Python\Python313\site-packages\django\shortcuts.py", line 25, in render
    content = loader.render_to_string(template_name, context, request, using=using)
  File "C:\Users\user\AppData\Roaming\Python\Python313\site-packages\django\template\loader.py", line 62, in render_to_string
    return template.render(context, request)
           ~~~~~~~~~~~~~~~^^^^^^^^^^^^^^^^^^
  File "C:\Users\user\AppData\Roaming\Python\Python313\site-packages\django\template\backends\django.py", line 107, in render
    return self.template.render(context)
           ~~~~~~~~~~~~~~~~~~~~^^^^^^^^^
  File "C:\Users\user\AppData\Roaming\Python\Python313\site-packages\django\template\base.py", line 171, in render
    return self._render(context)
           ~~~~~~~~~~~~^^^^^^^^^
  File "C:\Users\user\AppData\Roaming\Python\Python313\site-packages\django\template\base.py", line 163, in _render
    return self.nodelist.render(context)
           ~~~~~~~~~~~~~~~~~~~~^^^^^^^^^
  File "C:\Users\user\AppData\Roaming\Python\Python313\site-packages\django\template\base.py", line 1016, in render
    return SafeString("".join([node.render_annotated(context) for node in self]))
                               ~~~~~~~~~~~~~~~~~~~~~^^^^^^^^^
  File "C:\Users\user\AppData\Roaming\Python\Python313\site-packages\django\template\base.py", line 977, in render_annotated
    return self.render(context)
           ~~~~~~~~~~~^^^^^^^^^
  File "C:\Users\user\AppData\Roaming\Python\Python313\site-packages\django\template\defaulttags.py", line 480, in render
    url = reverse(view_name, args=args, kwargs=kwargs, current_app=current_app)
  File "C:\Users\user\AppData\Roaming\Python\Python313\site-packages\django\urls\base.py", line 98, in reverse
    resolved_url = resolver._reverse_with_prefix(view, prefix, *args, **kwargs)
  File "C:\Users\user\AppData\Roaming\Python\Python313\site-packages\django\urls\resolvers.py", line 831, in _reverse_with_prefix
    raise NoReverseMatch(msg)
django.urls.exceptions.NoReverseMatch: Reverse for 'public_return_policy' not found. 'public_return_policy' is not a valid view function or pattern name.
ERROR 2026-06-26 17:08:34,258 basehttp 656 16352 "GET / HTTP/1.1" 500 229369
INFO 2026-06-26 17:09:24,487 basehttp 656 16352 "GET / HTTP/1.1" 200 92954
INFO 2026-06-26 17:09:24,560 basehttp 656 16352 "GET /static/builder/js/cart-manager.js HTTP/1.1" 200 36069
INFO 2026-06-26 17:09:25,087 basehttp 656 16352 "GET /builder/cart/data/test1/ HTTP/1.1" 200 79
INFO 2026-06-26 17:09:25,105 basehttp 656 16352 "GET /builder/cart/data/test1/ HTTP/1.1" 200 79
INFO 2026-06-26 17:10:08,331 basehttp 656 18588 "GET / HTTP/1.1" 200 92954
INFO 2026-06-26 17:10:22,554 basehttp 656 18588 "GET /builder/cart/data/test1/ HTTP/1.1" 200 79
INFO 2026-06-26 17:10:22,599 basehttp 656 18588 "GET /builder/cart/data/test1/ HTTP/1.1" 200 79
INFO 2026-06-26 17:11:04,051 basehttp 656 13796 "GET /?page=home HTTP/1.1" 200 92954
INFO 2026-06-26 17:11:04,440 basehttp 656 13796 "GET /builder/cart/data/test1/ HTTP/1.1" 200 79
INFO 2026-06-26 17:11:04,470 basehttp 656 13796 "GET /builder/cart/data/test1/ HTTP/1.1" 200 79
INFO 2026-06-26 17:11:12,865 basehttp 656 11932 "GET /editor/ModernEcommerce27/test1/ HTTP/1.1" 200 640440
INFO 2026-06-26 17:11:13,047 basehttp 656 11932 "GET /builder/get-components/ HTTP/1.1" 200 23001
INFO 2026-06-26 17:11:13,047 basehttp 656 11596 "GET /builder/api/color-palettes/?page_subdomain=test1 HTTP/1.1" 200 86
INFO 2026-06-26 17:11:13,113 basehttp 656 11932 "GET /builder/load-template/ModernEcommerce27/?page=home&edit=test1 HTTP/1.1" 200 81595
INFO 2026-06-26 17:11:13,129 basehttp 656 11596 "GET /builder/api/color-palettes/?page_subdomain=test1 HTTP/1.1" 200 86
INFO 2026-06-26 17:11:13,152 basehttp 656 11932 "GET /builder/api/page-palette/test1/ HTTP/1.1" 200 31
INFO 2026-06-26 17:11:13,385 basehttp 656 11932 "GET /builder/api/template-color-variables/ModernEcommerce27/ HTTP/1.1" 200 1896
INFO 2026-06-26 17:11:13,474 basehttp 656 11932 "GET /builder/api/page-palette/test1/ HTTP/1.1" 200 31
INFO 2026-06-26 17:15:23,418 basehttp 656 11932 "GET /editor/ModernEcommerce27/test1/ HTTP/1.1" 200 640440
INFO 2026-06-26 17:15:23,577 basehttp 656 11596 "GET /builder/api/color-palettes/?page_subdomain=test1 HTTP/1.1" 200 86
INFO 2026-06-26 17:15:23,585 basehttp 656 11932 "GET /builder/get-components/ HTTP/1.1" 200 23001
INFO 2026-06-26 17:15:23,621 basehttp 656 11932 "GET /builder/load-template/ModernEcommerce27/?page=home&edit=test1 HTTP/1.1" 200 81595
INFO 2026-06-26 17:15:23,677 basehttp 656 11596 "GET /builder/api/color-palettes/?page_subdomain=test1 HTTP/1.1" 200 86
INFO 2026-06-26 17:15:23,679 basehttp 656 11932 "GET /builder/api/page-palette/test1/ HTTP/1.1" 200 31
INFO 2026-06-26 17:15:24,007 basehttp 656 11932 "GET /builder/api/template-color-variables/ModernEcommerce27/ HTTP/1.1" 200 1896
INFO 2026-06-26 17:15:24,166 basehttp 656 11932 "GET /builder/api/page-palette/test1/ HTTP/1.1" 200 31
INFO 2026-06-26 17:15:40,239 basehttp 656 13796 "GET /?page=home HTTP/1.1" 200 92970
INFO 2026-06-26 17:15:40,820 basehttp 656 13796 "GET /builder/cart/data/test1/ HTTP/1.1" 200 79
INFO 2026-06-26 17:15:40,885 basehttp 656 13796 "GET /builder/cart/data/test1/ HTTP/1.1" 200 79
INFO 2026-06-26 17:15:43,434 basehttp 656 13796 "GET /?page=home HTTP/1.1" 200 92970
INFO 2026-06-26 17:15:43,842 basehttp 656 13796 "GET /builder/cart/data/test1/ HTTP/1.1" 200 79
INFO 2026-06-26 17:15:43,868 basehttp 656 13796 "GET /builder/cart/data/test1/ HTTP/1.1" 200 79
INFO 2026-06-26 17:16:29,355 basehttp 656 13796 "GET /?page=home HTTP/1.1" 200 92972
INFO 2026-06-26 17:16:29,775 basehttp 656 13796 "GET /builder/cart/data/test1/ HTTP/1.1" 200 79
INFO 2026-06-26 17:16:29,807 basehttp 656 13796 "GET /builder/cart/data/test1/ HTTP/1.1" 200 79
INFO 2026-06-26 17:16:33,437 basehttp 656 13796 "GET /?page=home HTTP/1.1" 200 92972
INFO 2026-06-26 17:16:33,806 basehttp 656 13796 "GET /builder/cart/data/test1/ HTTP/1.1" 200 79
INFO 2026-06-26 17:16:33,840 basehttp 656 13796 "GET /builder/cart/data/test1/ HTTP/1.1" 200 79
INFO 2026-06-27 02:57:18,960 basehttp 656 17864 "GET /editor/ModernEcommerce27/test1/ HTTP/1.1" 200 640440
INFO 2026-06-27 02:57:19,129 basehttp 656 11848 "GET /builder/api/color-palettes/?page_subdomain=test1 HTTP/1.1" 200 86
INFO 2026-06-27 02:57:19,193 basehttp 656 17864 "GET /builder/get-components/ HTTP/1.1" 200 23001
INFO 2026-06-27 02:57:19,241 basehttp 656 11848 "GET /builder/api/color-palettes/?page_subdomain=test1 HTTP/1.1" 200 86
INFO 2026-06-27 02:57:19,267 basehttp 656 17864 "GET /builder/load-template/ModernEcommerce27/?page=home&edit=test1 HTTP/1.1" 200 81639
INFO 2026-06-27 02:57:19,332 basehttp 656 17864 "GET /builder/api/page-palette/test1/ HTTP/1.1" 200 31
INFO 2026-06-27 02:57:19,393 basehttp 656 11848 "GET /builder/api/template-color-variables/ModernEcommerce27/ HTTP/1.1" 200 1896
INFO 2026-06-27 02:57:19,626 basehttp 656 11848 "GET /builder/api/page-palette/test1/ HTTP/1.1" 200 31
INFO 2026-06-27 02:59:31,144 basehttp 656 11848 "GET /editor/ModernEcommerce27/test1/ HTTP/1.1" 200 640440
INFO 2026-06-27 02:59:31,259 basehttp 656 17864 "GET /builder/api/color-palettes/?page_subdomain=test1 HTTP/1.1" 200 86
INFO 2026-06-27 02:59:31,264 basehttp 656 11848 "GET /builder/get-components/ HTTP/1.1" 200 23001
INFO 2026-06-27 02:59:31,314 basehttp 656 11848 "GET /builder/load-template/ModernEcommerce27/?page=home&edit=test1 HTTP/1.1" 200 81723
INFO 2026-06-27 02:59:31,371 basehttp 656 17864 "GET /builder/api/page-palette/test1/ HTTP/1.1" 200 31
INFO 2026-06-27 02:59:31,382 basehttp 656 11848 "GET /builder/api/color-palettes/?page_subdomain=test1 HTTP/1.1" 200 86
INFO 2026-06-27 02:59:31,634 basehttp 656 11848 "GET /builder/api/template-color-variables/ModernEcommerce27/ HTTP/1.1" 200 1896
INFO 2026-06-27 02:59:31,783 basehttp 656 11848 "GET /builder/api/page-palette/test1/ HTTP/1.1" 200 31
INFO 2026-06-27 03:02:41,651 basehttp 656 2460 "GET /?page=home HTTP/1.1" 200 92975
INFO 2026-06-27 03:02:42,035 basehttp 656 2460 "GET /builder/cart/data/test1/ HTTP/1.1" 200 79
INFO 2026-06-27 03:02:42,079 basehttp 656 2460 "GET /builder/cart/data/test1/ HTTP/1.1" 200 79
INFO 2026-06-27 03:08:47,126 basehttp 656 10612 "GET /?page=home HTTP/1.1" 200 92991
INFO 2026-06-27 03:08:47,519 basehttp 656 10612 "GET /builder/cart/data/test1/ HTTP/1.1" 200 79
INFO 2026-06-27 03:08:47,561 basehttp 656 10612 "GET /builder/cart/data/test1/ HTTP/1.1" 200 79
INFO 2026-06-27 03:13:13,269 basehttp 656 10612 "GET /?page=home HTTP/1.1" 200 86960
INFO 2026-06-27 03:13:13,839 basehttp 656 10612 "GET /builder/cart/data/test1/ HTTP/1.1" 200 79
INFO 2026-06-27 03:13:13,892 basehttp 656 10612 "GET /builder/cart/data/test1/ HTTP/1.1" 200 79
INFO 2026-06-27 03:13:15,456 basehttp 656 10612 "GET /?page=home HTTP/1.1" 200 86960
INFO 2026-06-27 03:13:15,542 basehttp 656 10612 "GET /builder/cart/data/test1/ HTTP/1.1" 200 79
INFO 2026-06-27 03:13:15,579 basehttp 656 10612 "GET /builder/cart/data/test1/ HTTP/1.1" 200 79
INFO 2026-06-27 03:14:21,042 basehttp 656 10612 "GET /?page=home HTTP/1.1" 200 89668
INFO 2026-06-27 03:14:21,469 basehttp 656 10612 "GET /builder/cart/data/test1/ HTTP/1.1" 200 79
INFO 2026-06-27 03:14:21,493 basehttp 656 10612 "GET /builder/cart/data/test1/ HTTP/1.1" 200 79
INFO 2026-06-27 03:30:04,524 basehttp 656 17172 "GET /dashboard/ HTTP/1.1" 200 37036
INFO 2026-06-27 03:30:10,841 basehttp 656 17172 "GET /manage-products/test1/ HTTP/1.1" 200 71796
INFO 2026-06-27 03:30:45,143 basehttp 656 17172 "POST /add-product-simple/test1/ HTTP/1.1" 200 34
INFO 2026-06-27 03:30:46,724 basehttp 656 17172 "GET /manage-products/test1/ HTTP/1.1" 200 75971
INFO 2026-06-27 03:30:54,778 basehttp 656 17172 "GET /product-editor/test1/1/ HTTP/1.1" 200 80642
INFO 2026-06-27 03:32:00,471 basehttp 656 17172 "POST /update-product/test1/1/ HTTP/1.1" 200 50
INFO 2026-06-27 03:32:04,953 basehttp 656 17172 "POST /update-product/test1/1/ HTTP/1.1" 200 50
INFO 2026-06-27 03:33:23,822 basehttp 656 8644 "GET /?page=home HTTP/1.1" 200 90334
INFO 2026-06-27 03:33:24,216 basehttp 656 8644 "GET /builder/cart/data/test1/ HTTP/1.1" 200 79
INFO 2026-06-27 03:33:24,241 basehttp 656 8644 "GET /builder/cart/data/test1/ HTTP/1.1" 200 79
WARNING 2026-06-27 03:33:29,556 log 656 8644 Not Found: /builder/reviews/1/
WARNING 2026-06-27 03:33:29,559 basehttp 656 8644 "GET /builder/reviews/1/ HTTP/1.1" 404 69249
INFO 2026-06-27 03:34:41,071 basehttp 656 8644 "GET /builder/cart/data/test1/ HTTP/1.1" 200 79
WARNING 2026-06-27 03:35:01,691 log 656 8644 Not Found: /builder/reviews/1/
WARNING 2026-06-27 03:35:01,693 basehttp 656 8644 "GET /builder/reviews/1/ HTTP/1.1" 404 69249
INFO 2026-06-27 03:35:10,281 basehttp 656 8644 "GET /builder/cart/data/test1/ HTTP/1.1" 200 79
INFO 2026-06-27 03:35:16,477 basehttp 656 8644 "GET /builder/cart/data/test1/ HTTP/1.1" 200 79
WARNING 2026-06-27 03:35:22,675 log 656 8644 Not Found: /builder/reviews/1/
WARNING 2026-06-27 03:35:22,677 basehttp 656 8644 "GET /builder/reviews/1/ HTTP/1.1" 404 69249
INFO 2026-06-27 03:35:24,767 basehttp 656 8644 "GET /payments/select-payment/test1/ HTTP/1.1" 200 90079
INFO 2026-06-27 03:35:25,017 basehttp 656 8344 "GET /static/accounts/js/auth.js HTTP/1.1" 200 1805
INFO 2026-06-27 03:35:25,157 basehttp 656 8344 "GET /static/js/checkout.js HTTP/1.1" 200 4447
INFO 2026-06-27 03:35:25,237 basehttp 656 8644 "GET /builder/cart/data/test1/ HTTP/1.1" 200 79
WARNING 2026-06-27 03:36:48,099 log 656 8644 Not Found: /.well-known/appspecific/com.chrome.devtools.json
WARNING 2026-06-27 03:36:48,100 basehttp 656 8644 "GET /.well-known/appspecific/com.chrome.devtools.json HTTP/1.1" 404 39711
INFO 2026-06-27 03:40:44,238 autoreload 656 5056 D:\360ExtremeBrowserDownload\Test\venv\src\builder\models.py changed, reloading.
INFO 2026-06-27 03:40:49,138 autoreload 18452 18028 Watching for file changes with StatReloader
INFO 2026-06-27 03:41:11,788 autoreload 18452 18028 D:\360ExtremeBrowserDownload\Test\venv\src\builder\models.py changed, reloading.
INFO 2026-06-27 03:41:13,604 autoreload 17548 16316 Watching for file changes with StatReloader
INFO 2026-06-27 03:42:27,585 autoreload 18752 19452 Watching for file changes with StatReloader
INFO 2026-06-27 03:46:00,025 autoreload 18752 19452 D:\360ExtremeBrowserDownload\Test\venv\src\builder\models.py changed, reloading.
INFO 2026-06-27 03:46:02,039 autoreload 15388 2516 Watching for file changes with StatReloader
INFO 2026-06-27 03:46:29,552 autoreload 19164 18992 Watching for file changes with StatReloader
INFO 2026-06-27 03:46:35,123 basehttp 19164 756 "GET /?page=home HTTP/1.1" 200 90334
INFO 2026-06-27 03:46:35,619 basehttp 19164 756 "GET /builder/cart/data/test1/ HTTP/1.1" 200 79
INFO 2026-06-27 03:46:35,638 basehttp 19164 756 "GET /builder/cart/data/test1/ HTTP/1.1" 200 79
INFO 2026-06-27 03:48:14,318 basehttp 19164 756 "GET /?page=home HTTP/1.1" 200 90639
INFO 2026-06-27 03:48:14,939 basehttp 19164 756 "GET /builder/cart/data/test1/ HTTP/1.1" 200 79
INFO 2026-06-27 03:48:14,956 basehttp 19164 756 "GET /builder/cart/data/test1/ HTTP/1.1" 200 79
WARNING 2026-06-27 03:51:14,904 log 19164 756 Not Found: /.well-known/appspecific/com.chrome.devtools.json
WARNING 2026-06-27 03:51:14,905 basehttp 19164 756 "GET /.well-known/appspecific/com.chrome.devtools.json HTTP/1.1" 404 39711
INFO 2026-06-27 03:53:50,206 autoreload 19164 18992 D:\360ExtremeBrowserDownload\Test\venv\src\builder\urls.py changed, reloading.
INFO 2026-06-27 03:53:52,820 autoreload 19000 6932 Watching for file changes with StatReloader
INFO 2026-06-27 03:54:26,126 autoreload 19000 6932 D:\360ExtremeBrowserDownload\Test\venv\src\builder\views.py changed, reloading.
INFO 2026-06-27 03:54:28,664 autoreload 12136 12236 Watching for file changes with StatReloader
INFO 2026-06-27 03:56:35,833 autoreload 12136 12236 D:\360ExtremeBrowserDownload\Test\venv\src\builder\views.py changed, reloading.
INFO 2026-06-27 03:56:38,171 autoreload 15860 8636 Watching for file changes with StatReloader
INFO 2026-06-27 03:58:18,000 basehttp 15860 16176 "GET /manage-products/test1/ HTTP/1.1" 200 75971
INFO 2026-06-27 03:58:20,038 basehttp 15860 16176 "GET /manage-products/test1/ HTTP/1.1" 200 75971
INFO 2026-06-27 03:58:44,418 basehttp 15860 16176 "GET /product-editor/test1/1/ HTTP/1.1" 200 80975
ERROR 2026-06-27 03:58:49,234 log 15860 16176 Internal Server Error: /variants/test1/1/
Traceback (most recent call last):
  File "C:\Users\user\AppData\Roaming\Python\Python313\site-packages\django\core\handlers\exception.py", line 55, in inner
    response = get_response(request)
  File "C:\Users\user\AppData\Roaming\Python\Python313\site-packages\django\core\handlers\base.py", line 197, in _get_response
    response = wrapped_callback(request, *callback_args, **callback_kwargs)
  File "C:\Users\user\AppData\Roaming\Python\Python313\site-packages\django\contrib\auth\decorators.py", line 59, in _view_wrapper
    return view_func(request, *args, **kwargs)
  File "D:\360ExtremeBrowserDownload\Test\venv\src\builder\views.py", line 8600, in manage_variants
    return render(request, 'builder/product_variants.html', context)
  File "C:\Users\user\AppData\Roaming\Python\Python313\site-packages\django\shortcuts.py", line 25, in render
    content = loader.render_to_string(template_name, context, request, using=using)
  File "C:\Users\user\AppData\Roaming\Python\Python313\site-packages\django\template\loader.py", line 61, in render_to_string
    template = get_template(template_name, using=using)
  File "C:\Users\user\AppData\Roaming\Python\Python313\site-packages\django\template\loader.py", line 19, in get_template
    raise TemplateDoesNotExist(template_name, chain=chain)
django.template.exceptions.TemplateDoesNotExist: builder/product_variants.html
ERROR 2026-06-27 03:58:49,244 basehttp 15860 16176 "GET /variants/test1/1/ HTTP/1.1" 500 100746
INFO 2026-06-27 03:59:59,024 basehttp 15860 16176 "GET /product-editor/test1/1/ HTTP/1.1" 200 80883
ERROR 2026-06-27 04:00:05,259 log 15860 16176 Internal Server Error: /variants/test1/1/
Traceback (most recent call last):
  File "C:\Users\user\AppData\Roaming\Python\Python313\site-packages\django\core\handlers\exception.py", line 55, in inner
    response = get_response(request)
  File "C:\Users\user\AppData\Roaming\Python\Python313\site-packages\django\core\handlers\base.py", line 197, in _get_response
    response = wrapped_callback(request, *callback_args, **callback_kwargs)
  File "C:\Users\user\AppData\Roaming\Python\Python313\site-packages\django\contrib\auth\decorators.py", line 59, in _view_wrapper
    return view_func(request, *args, **kwargs)
  File "D:\360ExtremeBrowserDownload\Test\venv\src\builder\views.py", line 8600, in manage_variants
    return render(request, 'builder/product_variants.html', context)
  File "C:\Users\user\AppData\Roaming\Python\Python313\site-packages\django\shortcuts.py", line 25, in render
    content = loader.render_to_string(template_name, context, request, using=using)
  File "C:\Users\user\AppData\Roaming\Python\Python313\site-packages\django\template\loader.py", line 61, in render_to_string
    template = get_template(template_name, using=using)
  File "C:\Users\user\AppData\Roaming\Python\Python313\site-packages\django\template\loader.py", line 19, in get_template
    raise TemplateDoesNotExist(template_name, chain=chain)
django.template.exceptions.TemplateDoesNotExist: builder/product_variants.html
ERROR 2026-06-27 04:00:05,262 basehttp 15860 16176 "GET /variants/test1/1/ HTTP/1.1" 500 100746
ERROR 2026-06-27 04:00:31,139 log 15860 16176 Internal Server Error: /variants/test1/1/
Traceback (most recent call last):
  File "C:\Users\user\AppData\Roaming\Python\Python313\site-packages\django\core\handlers\exception.py", line 55, in inner
    response = get_response(request)
  File "C:\Users\user\AppData\Roaming\Python\Python313\site-packages\django\core\handlers\base.py", line 197, in _get_response
    response = wrapped_callback(request, *callback_args, **callback_kwargs)
  File "C:\Users\user\AppData\Roaming\Python\Python313\site-packages\django\contrib\auth\decorators.py", line 59, in _view_wrapper
    return view_func(request, *args, **kwargs)
  File "D:\360ExtremeBrowserDownload\Test\venv\src\builder\views.py", line 8600, in manage_variants
    return render(request, 'builder/product_variants.html', context)
  File "C:\Users\user\AppData\Roaming\Python\Python313\site-packages\django\shortcuts.py", line 25, in render
    content = loader.render_to_string(template_name, context, request, using=using)
  File "C:\Users\user\AppData\Roaming\Python\Python313\site-packages\django\template\loader.py", line 61, in render_to_string
    template = get_template(template_name, using=using)
  File "C:\Users\user\AppData\Roaming\Python\Python313\site-packages\django\template\loader.py", line 19, in get_template
    raise TemplateDoesNotExist(template_name, chain=chain)
django.template.exceptions.TemplateDoesNotExist: builder/product_variants.html
ERROR 2026-06-27 04:00:31,142 basehttp 15860 16176 "GET /variants/test1/1/ HTTP/1.1" 500 100746
INFO 2026-06-27 04:01:44,775 basehttp 15860 16176 "GET /product-editor/test1/1/ HTTP/1.1" 200 80883
INFO 2026-06-27 04:01:46,433 basehttp 15860 16176 "GET /variants/test1/1/ HTTP/1.1" 200 46779
WARNING 2026-06-27 04:03:05,560 log 15860 16176 Not Found: /.well-known/appspecific/com.chrome.devtools.json
WARNING 2026-06-27 04:03:05,561 basehttp 15860 16176 "GET /.well-known/appspecific/com.chrome.devtools.json HTTP/1.1" 404 42264
INFO 2026-06-27 04:08:25,906 basehttp 15860 13084 "GET /variants/test1/1/ HTTP/1.1" 200 55464
WARNING 2026-06-27 04:10:04,738 log 15860 13084 Not Found: /.well-known/appspecific/com.chrome.devtools.json
WARNING 2026-06-27 04:10:04,739 basehttp 15860 13084 "GET /.well-known/appspecific/com.chrome.devtools.json HTTP/1.1" 404 42264
INFO 2026-06-27 04:17:17,719 basehttp 15860 18904 "GET /variants/test1/1/ HTTP/1.1" 200 55464
WARNING 2026-06-27 04:17:23,856 log 15860 18904 Not Found: /.well-known/appspecific/com.chrome.devtools.json
WARNING 2026-06-27 04:17:23,867 basehttp 15860 18904 "GET /.well-known/appspecific/com.chrome.devtools.json HTTP/1.1" 404 42264
INFO 2026-06-27 04:18:29,296 basehttp 15860 18904 "POST /builder/api/create-option/test1/ HTTP/1.1" 200 136
ERROR 2026-06-27 04:18:30,468 log 15860 18904 Internal Server Error: /variants/test1/1/
Traceback (most recent call last):
  File "C:\Users\user\AppData\Roaming\Python\Python313\site-packages\django\core\handlers\exception.py", line 55, in inner
    response = get_response(request)
  File "C:\Users\user\AppData\Roaming\Python\Python313\site-packages\django\core\handlers\base.py", line 197, in _get_response
    response = wrapped_callback(request, *callback_args, **callback_kwargs)
  File "C:\Users\user\AppData\Roaming\Python\Python313\site-packages\django\contrib\auth\decorators.py", line 59, in _view_wrapper
    return view_func(request, *args, **kwargs)
  File "D:\360ExtremeBrowserDownload\Test\venv\src\builder\views.py", line 8560, in manage_variants
    values = list(option.values.filter(is_active=True).values_list('value', flat=True))
                  ~~~~~~~~~~~~~~~~~~~~^^^^^^^^^^^^^^^^
  File "C:\Users\user\AppData\Roaming\Python\Python313\site-packages\django\db\models\manager.py", line 87, in manager_method
    return getattr(self.get_queryset(), name)(*args, **kwargs)
           ~~~~~~~~~~~~~~~~~~~~~~~~~~~~~~~~~~^^^^^^^^^^^^^^^^^
  File "C:\Users\user\AppData\Roaming\Python\Python313\site-packages\django\db\models\query.py", line 1493, in filter
    return self._filter_or_exclude(False, args, kwargs)
           ~~~~~~~~~~~~~~~~~~~~~~~^^^^^^^^^^^^^^^^^^^^^
  File "C:\Users\user\AppData\Roaming\Python\Python313\site-packages\django\db\models\query.py", line 1511, in _filter_or_exclude
    clone._filter_or_exclude_inplace(negate, args, kwargs)
    ~~~~~~~~~~~~~~~~~~~~~~~~~~~~~~~~^^^^^^^^^^^^^^^^^^^^^^
  File "C:\Users\user\AppData\Roaming\Python\Python313\site-packages\django\db\models\query.py", line 1518, in _filter_or_exclude_inplace
    self._query.add_q(Q(*args, **kwargs))
    ~~~~~~~~~~~~~~~~~^^^^^^^^^^^^^^^^^^^^
  File "C:\Users\user\AppData\Roaming\Python\Python313\site-packages\django\db\models\sql\query.py", line 1646, in add_q
    clause, _ = self._add_q(q_object, can_reuse)
                ~~~~~~~~~~~^^^^^^^^^^^^^^^^^^^^^
  File "C:\Users\user\AppData\Roaming\Python\Python313\site-packages\django\db\models\sql\query.py", line 1678, in _add_q
    child_clause, needed_inner = self.build_filter(
                                 ~~~~~~~~~~~~~~~~~^
        child,
        ^^^^^^
    ...<7 lines>...
        update_join_types=update_join_types,
        ^^^^^^^^^^^^^^^^^^^^^^^^^^^^^^^^^^^^
    )
    ^
  File "C:\Users\user\AppData\Roaming\Python\Python313\site-packages\django\db\models\sql\query.py", line 1526, in build_filter
    lookups, parts, reffed_expression = self.solve_lookup_type(arg, summarize)
                                        ~~~~~~~~~~~~~~~~~~~~~~^^^^^^^^^^^^^^^^
  File "C:\Users\user\AppData\Roaming\Python\Python313\site-packages\django\db\models\sql\query.py", line 1333, in solve_lookup_type
    _, field, _, lookup_parts = self.names_to_path(lookup_splitted, self.get_meta())
                                ~~~~~~~~~~~~~~~~~~^^^^^^^^^^^^^^^^^^^^^^^^^^^^^^^^^^
  File "C:\Users\user\AppData\Roaming\Python\Python313\site-packages\django\db\models\sql\query.py", line 1806, in names_to_path
    raise FieldError(
    ...<2 lines>...
    )
django.core.exceptions.FieldError: Cannot resolve keyword 'is_active' into field. Choices are: color_code, display_order, id, image, option, option_id, value
ERROR 2026-06-27 04:18:30,478 basehttp 15860 18904 "GET /variants/test1/1/ HTTP/1.1" 500 128527
INFO 2026-06-27 04:20:55,873 autoreload 15860 8636 D:\360ExtremeBrowserDownload\Test\venv\src\builder\models.py changed, reloading.
INFO 2026-06-27 04:20:58,617 autoreload 3692 16900 Watching for file changes with StatReloader
INFO 2026-06-27 04:21:33,114 autoreload 17104 6464 Watching for file changes with StatReloader
INFO 2026-06-27 04:21:39,047 basehttp 17104 16028 "GET /variants/test1/1/ HTTP/1.1" 200 59305
INFO 2026-06-27 04:22:06,084 basehttp 17104 16028 "POST /builder/api/bulk-update-variants/test1/1/ HTTP/1.1" 200 94
INFO 2026-06-27 04:22:19,584 basehttp 17104 16028 "POST /builder/api/bulk-update-variants/test1/1/ HTTP/1.1" 200 94
INFO 2026-06-27 04:24:11,431 autoreload 17104 6464 D:\360ExtremeBrowserDownload\Test\venv\src\builder\models.py changed, reloading.
INFO 2026-06-27 04:24:15,392 autoreload 9396 18956 Watching for file changes with StatReloader
INFO 2026-06-27 04:25:04,249 autoreload 12608 16344 Watching for file changes with StatReloader
INFO 2026-06-27 04:25:17,629 basehttp 12608 19336 "POST /builder/api/bulk-update-variants/test1/1/ HTTP/1.1" 200 89
INFO 2026-06-27 04:25:19,309 basehttp 12608 19336 "GET /variants/test1/1/ HTTP/1.1" 200 59876
INFO 2026-06-27 04:26:17,987 basehttp 12608 19336 "POST /builder/api/create-option/test1/ HTTP/1.1" 200 137
INFO 2026-06-27 04:26:19,116 basehttp 12608 19336 "GET /variants/test1/1/ HTTP/1.1" 200 59989
INFO 2026-06-27 04:26:51,230 basehttp 12608 19336 "POST /builder/api/delete-option/test1/2/ HTTP/1.1" 200 17
INFO 2026-06-27 04:26:51,306 basehttp 12608 19336 "GET /variants/test1/1/ HTTP/1.1" 200 59876
INFO 2026-06-27 04:26:57,187 basehttp 12608 19336 "POST /builder/api/bulk-update-variants/test1/1/ HTTP/1.1" 200 89
INFO 2026-06-27 04:26:58,747 basehttp 12608 19336 "GET /variants/test1/1/ HTTP/1.1" 200 59876
INFO 2026-06-27 04:31:32,907 basehttp 12608 13480 "POST /builder/api/duplicate-variant/test1/1/ HTTP/1.1" 200 83
INFO 2026-06-27 04:31:34,465 basehttp 12608 13480 "POST /builder/api/duplicate-variant/test1/1/ HTTP/1.1" 200 83
INFO 2026-06-27 04:37:12,780 basehttp 12608 15892 "GET /variants/test1/1/ HTTP/1.1" 200 59654
WARNING 2026-06-27 04:38:13,628 log 12608 15892 Not Found: /builder/api/add-variant-simple/test1/1/
WARNING 2026-06-27 04:38:13,629 basehttp 12608 15892 "POST /builder/api/add-variant-simple/test1/1/ HTTP/1.1" 404 74510
WARNING 2026-06-27 04:38:30,764 log 12608 15892 Not Found: /.well-known/appspecific/com.chrome.devtools.json
WARNING 2026-06-27 04:38:30,772 basehttp 12608 15892 "GET /.well-known/appspecific/com.chrome.devtools.json HTTP/1.1" 404 42264
WARNING 2026-06-27 04:38:57,926 log 12608 18596 Not Found: /builder/api/add-variant-simple/test1/1/
WARNING 2026-06-27 04:38:57,927 basehttp 12608 18596 "POST /builder/api/add-variant-simple/test1/1/ HTTP/1.1" 404 74510
WARNING 2026-06-27 04:39:02,634 log 12608 18596 Not Found: /builder/api/add-variant-simple/test1/1/
WARNING 2026-06-27 04:39:02,635 basehttp 12608 18596 "POST /builder/api/add-variant-simple/test1/1/ HTTP/1.1" 404 74510
WARNING 2026-06-27 04:39:10,500 log 12608 18596 Not Found: /builder/api/add-variant-simple/test1/1/
WARNING 2026-06-27 04:39:10,501 basehttp 12608 18596 "POST /builder/api/add-variant-simple/test1/1/ HTTP/1.1" 404 74510
WARNING 2026-06-27 04:39:19,207 log 12608 18596 Not Found: /builder/api/add-variant-simple/test1/1/
WARNING 2026-06-27 04:39:19,209 basehttp 12608 18596 "POST /builder/api/add-variant-simple/test1/1/ HTTP/1.1" 404 74510
WARNING 2026-06-27 04:39:24,465 log 12608 18596 Not Found: /builder/api/add-variant-simple/test1/1/
WARNING 2026-06-27 04:39:24,466 basehttp 12608 18596 "POST /builder/api/add-variant-simple/test1/1/ HTTP/1.1" 404 74510
WARNING 2026-06-27 04:39:29,805 log 12608 18596 Not Found: /builder/api/add-variant-simple/test1/1/
WARNING 2026-06-27 04:39:29,806 basehttp 12608 18596 "POST /builder/api/add-variant-simple/test1/1/ HTTP/1.1" 404 74510
INFO 2026-06-27 04:41:34,308 autoreload 12608 16344 D:\360ExtremeBrowserDownload\Test\venv\src\builder\urls.py changed, reloading.
INFO 2026-06-27 04:41:37,576 autoreload 18704 17060 Watching for file changes with StatReloader
INFO 2026-06-27 04:41:53,860 autoreload 18704 17060 D:\360ExtremeBrowserDownload\Test\venv\src\builder\views.py changed, reloading.
INFO 2026-06-27 04:41:56,346 autoreload 1544 11372 Watching for file changes with StatReloader
INFO 2026-06-27 04:42:08,086 basehttp 1544 17248 "POST /builder/api/add-variant-simple/test1/1/ HTTP/1.1" 200 144
INFO 2026-06-27 04:42:08,727 basehttp 1544 17248 "GET /variants/test1/1/ HTTP/1.1" 200 61534
INFO 2026-06-27 04:42:09,059 basehttp 1544 17248 "GET /variant_images/ajax-logo.jpg_QjkAM5zT2.jpg HTTP/1.1" 200 22380
INFO 2026-06-27 04:48:53,627 basehttp 1544 13284 "POST /builder/api/quick-edit-variant/test1/1/ HTTP/1.1" 200 47
INFO 2026-06-27 04:48:53,916 basehttp 1544 13284 "POST /builder/api/upload-variant-image/test1/1/ HTTP/1.1" 200 74
INFO 2026-06-27 04:48:54,552 basehttp 1544 13284 "GET /variants/test1/1/ HTTP/1.1" 200 61541
INFO 2026-06-27 04:48:54,609 basehttp 1544 13284 "GET /variant_images/4qjs6hztwk1k7j0a2w64.jpg HTTP/1.1" 200 16864
INFO 2026-06-27 04:48:54,613 basehttp 1544 8184 "GET /variant_images/ajax-logo.jpg_QjkAM5zT2.jpg HTTP/1.1" 304 0
INFO 2026-06-27 04:49:37,522 basehttp 1544 8184 "POST /builder/api/quick-edit-variant/test1/2/ HTTP/1.1" 200 47
INFO 2026-06-27 04:49:38,161 basehttp 1544 8184 "GET /variants/test1/1/ HTTP/1.1" 200 61541
INFO 2026-06-27 04:49:38,234 basehttp 1544 13284 "GET /variant_images/ajax-logo.jpg_QjkAM5zT2.jpg HTTP/1.1" 304 0
INFO 2026-06-27 04:49:38,235 basehttp 1544 8184 "GET /variant_images/4qjs6hztwk1k7j0a2w64.jpg HTTP/1.1" 304 0
INFO 2026-06-27 05:02:52,599 basehttp 1544 5548 "GET /?page=home HTTP/1.1" 200 106725
INFO 2026-06-27 05:02:53,108 basehttp 1544 5548 "GET /builder/cart/data/test1/ HTTP/1.1" 200 79
INFO 2026-06-27 05:03:14,484 basehttp 1544 5548 "GET /?page=home HTTP/1.1" 200 106725
INFO 2026-06-27 05:03:14,977 basehttp 1544 5548 "GET /builder/cart/data/test1/ HTTP/1.1" 200 79
INFO 2026-06-27 05:03:28,717 basehttp 1544 7428 "GET /manage-products/test1/ HTTP/1.1" 200 75971
INFO 2026-06-27 05:03:40,319 basehttp 1544 7428 "GET /product-editor/test1/1/ HTTP/1.1" 200 80883
INFO 2026-06-27 05:03:48,883 basehttp 1544 7428 "POST /update-product/test1/1/ HTTP/1.1" 200 60
INFO 2026-06-27 05:03:50,389 basehttp 1544 7428 "POST /update-product/test1/1/ HTTP/1.1" 200 60
INFO 2026-06-27 05:03:51,995 basehttp 1544 7428 "GET /manage-products/test1/ HTTP/1.1" 200 75976
INFO 2026-06-27 05:03:55,406 basehttp 1544 5548 "GET /?page=home HTTP/1.1" 200 106725
INFO 2026-06-27 05:03:55,776 basehttp 1544 5548 "GET /builder/cart/data/test1/ HTTP/1.1" 200 79
WARNING 2026-06-27 05:05:07,551 log 1544 5548 Not Found: /.well-known/appspecific/com.chrome.devtools.json
WARNING 2026-06-27 05:05:07,552 basehttp 1544 5548 "GET /.well-known/appspecific/com.chrome.devtools.json HTTP/1.1" 404 43255
INFO 2026-06-27 05:10:38,777 basehttp 1544 16512 "GET /?page=home HTTP/1.1" 200 107216
WARNING 2026-06-27 05:10:58,469 log 1544 16512 Not Found: /.well-known/appspecific/com.chrome.devtools.json
WARNING 2026-06-27 05:10:58,476 basehttp 1544 16512 "GET /.well-known/appspecific/com.chrome.devtools.json HTTP/1.1" 404 43255
INFO 2026-06-27 05:13:28,810 basehttp 1544 6816 "GET /?page=home HTTP/1.1" 200 105543
WARNING 2026-06-27 05:13:29,020 log 1544 6816 Not Found: /.well-known/appspecific/com.chrome.devtools.json
WARNING 2026-06-27 05:13:29,058 basehttp 1544 6816 "GET /.well-known/appspecific/com.chrome.devtools.json HTTP/1.1" 404 43255
WARNING 2026-06-27 05:13:29,704 log 1544 18464 Not Found: /builder/wishlist/data/test1/
WARNING 2026-06-27 05:13:29,707 basehttp 1544 18464 "GET /builder/wishlist/data/test1/ HTTP/1.1" 404 76465
INFO 2026-06-27 05:13:30,022 basehttp 1544 2760 "GET /builder/cart/data/test1/ HTTP/1.1" 200 79
INFO 2026-06-27 05:13:36,929 basehttp 1544 18464 "GET /variant_images/4qjs6hztwk1k7j0a2w64.jpg HTTP/1.1" 200 16864
INFO 2026-06-27 05:13:37,358 basehttp 1544 2760 "GET /builder/reviews/test1/1/ HTTP/1.1" 200 129
INFO 2026-06-27 05:13:49,060 basehttp 1544 2760 "GET /variant_images/ajax-logo.jpg_QjkAM5zT2.jpg HTTP/1.1" 200 22380
INFO 2026-06-27 05:13:58,885 basehttp 1544 2760 "GET /builder/reviews/test1/1/ HTTP/1.1" 200 129
INFO 2026-06-27 05:14:22,355 basehttp 1544 2760 "GET /builder/reviews/test1/1/ HTTP/1.1" 200 129
INFO 2026-06-27 05:15:08,328 basehttp 1544 2760 "GET /builder/reviews/test1/1/ HTTP/1.1" 200 129
INFO 2026-06-27 05:15:25,582 basehttp 1544 16928 "GET /product-editor/test1/1/ HTTP/1.1" 200 80883
INFO 2026-06-27 05:15:27,650 basehttp 1544 16928 "GET /variants/test1/1/ HTTP/1.1" 200 61541
INFO 2026-06-27 05:15:27,703 basehttp 1544 16928 "GET /variant_images/4qjs6hztwk1k7j0a2w64.jpg HTTP/1.1" 304 0
INFO 2026-06-27 05:15:27,704 basehttp 1544 15764 "GET /variant_images/ajax-logo.jpg_QjkAM5zT2.jpg HTTP/1.1" 304 0
INFO 2026-06-27 05:15:58,751 basehttp 1544 15764 "POST /builder/api/delete-variant/test1/1/ HTTP/1.1" 200 17
INFO 2026-06-27 05:16:03,244 basehttp 1544 15764 "POST /builder/api/add-variant-simple/test1/1/ HTTP/1.1" 200 127
INFO 2026-06-27 05:16:03,897 basehttp 1544 15764 "GET /variants/test1/1/ HTTP/1.1" 200 61447
INFO 2026-06-27 05:16:18,983 basehttp 1544 15764 "POST /builder/api/delete-variant/test1/3/ HTTP/1.1" 200 17
INFO 2026-06-27 05:16:50,054 basehttp 1544 15764 "POST /builder/api/add-variant-simple/test1/1/ HTTP/1.1" 200 146
INFO 2026-06-27 05:16:50,626 basehttp 1544 15764 "GET /variants/test1/1/ HTTP/1.1" 200 61739
INFO 2026-06-27 05:16:50,680 basehttp 1544 15764 "GET /variant_images/bootstrap-original-wordmark-8x.png HTTP/1.1" 200 79761
INFO 2026-06-27 05:16:54,444 basehttp 1544 2760 "GET /?page=home HTTP/1.1" 200 105671
INFO 2026-06-27 05:16:54,957 basehttp 1544 2760 "GET /builder/cart/data/test1/ HTTP/1.1" 200 79
WARNING 2026-06-27 05:16:55,324 log 1544 18464 Not Found: /builder/wishlist/data/test1/
WARNING 2026-06-27 05:16:55,331 basehttp 1544 18464 "GET /builder/wishlist/data/test1/ HTTP/1.1" 404 76465
INFO 2026-06-27 05:16:56,127 basehttp 1544 18464 "GET /builder/reviews/test1/1/ HTTP/1.1" 200 129
INFO 2026-06-27 05:16:59,910 basehttp 1544 18464 "GET /variant_images/bootstrap-original-wordmark-8x.png HTTP/1.1" 200 79761
INFO 2026-06-27 05:17:31,471 basehttp 1544 18464 "GET /variant_images/bootstrap-original-wordmark-8x.png HTTP/1.1" 304 0
INFO 2026-06-27 05:17:45,498 basehttp 1544 18464 "GET /builder/reviews/test1/1/ HTTP/1.1" 200 129
INFO 2026-06-27 05:18:06,434 basehttp 1544 18464 "GET /variant_images/bootstrap-original-wordmark-8x.png HTTP/1.1" 304 0
INFO 2026-06-27 05:18:16,638 basehttp 1544 18464 "POST /builder/cart/add/test1/ HTTP/1.1" 200 95
INFO 2026-06-27 05:18:17,495 basehttp 1544 2760 "GET /payments/select-payment/test1/ HTTP/1.1" 200 90079
INFO 2026-06-27 05:18:17,496 basehttp 1544 18464 "GET /builder/cart/data/test1/ HTTP/1.1" 200 249
INFO 2026-06-27 05:18:26,649 basehttp 1544 18464 "POST /builder/cart/add/test1/ HTTP/1.1" 200 110
INFO 2026-06-27 05:18:29,231 basehttp 1544 18464 "POST /builder/wishlist/add/test1/ HTTP/1.1" 200 52
INFO 2026-06-27 05:18:30,869 basehttp 1544 18464 "POST /builder/wishlist/add/test1/ HTTP/1.1" 200 52
INFO 2026-06-27 05:18:31,813 basehttp 1544 18464 "POST /builder/wishlist/add/test1/ HTTP/1.1" 200 52
INFO 2026-06-27 05:18:31,845 basehttp 1544 18464 "POST /builder/wishlist/add/test1/ HTTP/1.1" 200 52
INFO 2026-06-27 05:18:41,354 basehttp 1544 18464 "POST /builder/cart/remove/test1/ HTTP/1.1" 200 94
INFO 2026-06-27 05:18:41,790 basehttp 1544 18464 "GET /builder/cart/data/test1/ HTTP/1.1" 200 79
INFO 2026-06-27 05:18:49,256 basehttp 1544 18464 "POST /builder/cart/add/test1/ HTTP/1.1" 200 95
INFO 2026-06-27 05:18:49,727 basehttp 1544 18464 "GET /builder/cart/data/test1/ HTTP/1.1" 200 248
INFO 2026-06-27 05:19:00,036 basehttp 1544 18464 "POST /builder/cart/remove/test1/ HTTP/1.1" 200 94
INFO 2026-06-27 05:19:00,447 basehttp 1544 18464 "GET /builder/cart/data/test1/ HTTP/1.1" 200 79
INFO 2026-06-27 05:19:03,393 basehttp 1544 2760 "GET /variant_images/ajax-logo.jpg_QjkAM5zT2.jpg HTTP/1.1" 304 0
INFO 2026-06-27 05:19:03,754 basehttp 1544 18464 "GET /builder/reviews/test1/1/ HTTP/1.1" 200 129
INFO 2026-06-27 05:19:06,237 basehttp 1544 18464 "GET /variant_images/bootstrap-original-wordmark-8x.png HTTP/1.1" 304 0
INFO 2026-06-27 05:19:09,172 basehttp 1544 18464 "POST /builder/cart/add/test1/ HTTP/1.1" 200 95
INFO 2026-06-27 05:19:09,708 basehttp 1544 2760 "GET /payments/select-payment/test1/ HTTP/1.1" 200 90079
INFO 2026-06-27 05:19:09,859 basehttp 1544 18464 "GET /builder/cart/data/test1/ HTTP/1.1" 200 248
INFO 2026-06-27 05:19:23,021 basehttp 1544 18464 "POST /builder/cart/remove/test1/ HTTP/1.1" 200 94
INFO 2026-06-27 05:19:23,488 basehttp 1544 18464 "GET /builder/cart/data/test1/ HTTP/1.1" 200 79
INFO 2026-06-27 05:19:28,635 basehttp 1544 18464 "GET /builder/reviews/test1/1/ HTTP/1.1" 200 129
INFO 2026-06-27 05:19:30,702 basehttp 1544 18464 "GET /variant_images/bootstrap-original-wordmark-8x.png HTTP/1.1" 304 0
INFO 2026-06-27 05:19:38,807 basehttp 1544 18464 "POST /builder/wishlist/add/test1/ HTTP/1.1" 200 52
INFO 2026-06-27 05:19:45,245 basehttp 1544 18464 "POST /builder/cart/add/test1/ HTTP/1.1" 200 95
INFO 2026-06-27 05:19:45,672 basehttp 1544 18464 "GET /builder/cart/data/test1/ HTTP/1.1" 200 248
INFO 2026-06-27 05:19:47,770 basehttp 1544 18464 "GET /builder/reviews/test1/1/ HTTP/1.1" 200 129
INFO 2026-06-27 11:14:15,019 autoreload 4276 13216 Watching for file changes with StatReloader
INFO 2026-06-27 11:14:33,053 basehttp 4276 3412 code 400, message Bad request version ('\x00\x02\x01\x00\x00-\x00\x02\x01\x01\x00')
ERROR 2026-06-27 11:14:33,066 basehttp 4276 3412 You're accessing the development server over HTTPS, but it only supports HTTP.
INFO 2026-06-27 11:14:33,105 basehttp 4276 9988 code 400, message Bad request version ('jph')
ERROR 2026-06-27 11:14:33,115 basehttp 4276 9988 You're accessing the development server over HTTPS, but it only supports HTTP.
INFO 2026-06-27 11:14:53,673 basehttp 4276 14584 "GET / HTTP/1.1" 200 52774
WARNING 2026-06-27 11:14:54,164 log 4276 14584 Not Found: /favicon.ico
WARNING 2026-06-27 11:14:54,165 basehttp 4276 14584 "GET /favicon.ico HTTP/1.1" 404 43101
INFO 2026-06-27 11:15:29,615 basehttp 4276 8900 "GET /dashboard/ HTTP/1.1" 200 37036
INFO 2026-06-27 11:15:37,443 basehttp 4276 13848 "GET / HTTP/1.1" 200 105671
INFO 2026-06-27 11:15:38,179 basehttp 4276 13848 "GET /builder/cart/data/test1/ HTTP/1.1" 200 248
WARNING 2026-06-27 11:15:38,201 log 4276 18468 Not Found: /favicon.ico
WARNING 2026-06-27 11:15:38,202 basehttp 4276 18468 "GET /favicon.ico HTTP/1.1" 404 43107
WARNING 2026-06-27 11:15:38,562 log 4276 16976 Not Found: /builder/wishlist/data/test1/
WARNING 2026-06-27 11:15:38,565 basehttp 4276 16976 "GET /builder/wishlist/data/test1/ HTTP/1.1" 404 76465
INFO 2026-06-27 11:15:49,865 basehttp 4276 18468 "GET /variant_images/ajax-logo.jpg_QjkAM5zT2.jpg HTTP/1.1" 304 0
INFO 2026-06-27 11:15:50,194 basehttp 4276 16976 "GET /builder/reviews/test1/1/ HTTP/1.1" 200 129
INFO 2026-06-27 11:15:55,440 basehttp 4276 16976 "GET /variant_images/bootstrap-original-wordmark-8x.png HTTP/1.1" 304 0
INFO 2026-06-27 11:16:04,739 basehttp 4276 16976 "POST /builder/cart/add/test1/ HTTP/1.1" 200 110
INFO 2026-06-27 11:16:04,839 basehttp 4276 18468 "GET /payments/select-payment/test1/ HTTP/1.1" 200 90079
INFO 2026-06-27 11:16:12,844 basehttp 4276 18468 "POST /builder/cart/remove/test1/ HTTP/1.1" 200 94
INFO 2026-06-27 11:16:13,203 basehttp 4276 18468 "GET /builder/cart/data/test1/ HTTP/1.1" 200 79
INFO 2026-06-27 11:16:17,734 basehttp 4276 18468 "GET /builder/reviews/test1/1/ HTTP/1.1" 200 129
WARNING 2026-06-27 11:16:30,982 log 4276 18468 Not Found: /.well-known/appspecific/com.chrome.devtools.json
WARNING 2026-06-27 11:16:30,991 basehttp 4276 18468 "GET /.well-known/appspecific/com.chrome.devtools.json HTTP/1.1" 404 43255
INFO 2026-06-27 11:39:04,374 basehttp 4276 16684 "GET / HTTP/1.1" 200 110429
WARNING 2026-06-27 11:39:05,253 log 4276 15820 Not Found: /builder/wishlist/data/test1/
WARNING 2026-06-27 11:39:05,261 basehttp 4276 15820 "GET /builder/wishlist/data/test1/ HTTP/1.1" 404 76465
INFO 2026-06-27 11:39:05,267 basehttp 4276 16684 "GET /builder/cart/data/test1/ HTTP/1.1" 200 79
INFO 2026-06-27 11:39:06,021 basehttp 4276 16684 "GET /builder/reviews/test1/1/ HTTP/1.1" 200 129
INFO 2026-06-27 11:39:06,620 basehttp 4276 16684 "GET /builder/reviews/test1/1/ HTTP/1.1" 200 129
INFO 2026-06-27 11:46:23,892 basehttp 4276 3856 "GET / HTTP/1.1" 200 111716
INFO 2026-06-27 11:46:24,410 basehttp 4276 3856 "GET /builder/cart/data/test1/ HTTP/1.1" 200 79
WARNING 2026-06-27 11:46:24,750 log 4276 10932 Not Found: /builder/wishlist/data/test1/
WARNING 2026-06-27 11:46:24,751 basehttp 4276 10932 "GET /builder/wishlist/data/test1/ HTTP/1.1" 404 76465
INFO 2026-06-27 11:46:26,295 basehttp 4276 10932 "GET /builder/reviews/test1/1/ HTTP/1.1" 200 129
INFO 2026-06-27 11:46:44,958 basehttp 4276 10932 "POST /builder/cart/add/test1/ HTTP/1.1" 200 95
INFO 2026-06-27 11:46:45,332 basehttp 4276 10932 "GET /builder/cart/data/test1/ HTTP/1.1" 200 248
INFO 2026-06-27 11:46:51,996 basehttp 4276 10932 "POST /builder/cart/remove/test1/ HTTP/1.1" 200 94
INFO 2026-06-27 11:46:52,323 basehttp 4276 10932 "GET /builder/cart/data/test1/ HTTP/1.1" 200 79
INFO 2026-06-27 11:46:57,619 basehttp 4276 10932 "GET /builder/reviews/test1/1/ HTTP/1.1" 200 129
INFO 2026-06-27 11:47:09,466 basehttp 4276 10932 "POST /builder/cart/add/test1/ HTTP/1.1" 200 95
INFO 2026-06-27 11:47:09,870 basehttp 4276 10932 "GET /builder/cart/data/test1/ HTTP/1.1" 200 248
INFO 2026-06-27 12:41:43,938 autoreload 4276 13216 D:\360ExtremeBrowserDownload\Test\venv\src\builder\views.py changed, reloading.
INFO 2026-06-27 12:41:49,786 autoreload 16508 18232 Watching for file changes with StatReloader
INFO 2026-06-27 12:42:28,855 autoreload 16508 18232 D:\360ExtremeBrowserDownload\Test\venv\src\builder\views.py changed, reloading.
INFO 2026-06-27 12:42:33,717 autoreload 7912 7216 Watching for file changes with StatReloader
INFO 2026-06-27 12:43:13,990 basehttp 7912 3088 "GET / HTTP/1.1" 200 111965
INFO 2026-06-27 12:43:14,553 basehttp 7912 3088 "GET /builder/cart/data/test1/ HTTP/1.1" 200 77
WARNING 2026-06-27 12:43:15,006 log 7912 10340 Not Found: /builder/wishlist/data/test1/
WARNING 2026-06-27 12:43:15,009 basehttp 7912 10340 "GET /builder/wishlist/data/test1/ HTTP/1.1" 404 76465
INFO 2026-06-27 12:43:20,484 basehttp 7912 3088 "GET /variant_images/ajax-logo.jpg_QjkAM5zT2.jpg HTTP/1.1" 304 0
INFO 2026-06-27 12:43:20,852 basehttp 7912 10340 "GET /builder/reviews/test1/1/ HTTP/1.1" 200 129
INFO 2026-06-27 12:43:23,009 basehttp 7912 10340 "GET /variant_images/bootstrap-original-wordmark-8x.png HTTP/1.1" 304 0
INFO 2026-06-27 12:43:29,081 basehttp 7912 10340 "POST /builder/cart/add/test1/ HTTP/1.1" 200 98
INFO 2026-06-27 12:43:29,503 basehttp 7912 10340 "GET /builder/cart/data/test1/ HTTP/1.1" 200 77
WARNING 2026-06-27 12:43:47,342 log 7912 10340 Not Found: /.well-known/appspecific/com.chrome.devtools.json
WARNING 2026-06-27 12:43:47,353 basehttp 7912 10340 "GET /.well-known/appspecific/com.chrome.devtools.json HTTP/1.1" 404 43255
INFO 2026-06-27 12:44:21,037 basehttp 7912 10340 "GET /builder/reviews/test1/1/ HTTP/1.1" 200 129
INFO 2026-06-27 12:44:25,255 basehttp 7912 10340 "GET /builder/reviews/test1/1/ HTTP/1.1" 200 129
INFO 2026-06-27 12:44:32,142 basehttp 7912 10340 "POST /builder/wishlist/add/test1/ HTTP/1.1" 200 52
INFO 2026-06-27 12:44:32,966 basehttp 7912 10340 "POST /builder/wishlist/add/test1/ HTTP/1.1" 200 52
INFO 2026-06-27 12:44:34,172 basehttp 7912 10340 "GET /builder/reviews/test1/1/ HTTP/1.1" 200 129
INFO 2026-06-27 12:44:39,389 basehttp 7912 10340 "POST /builder/cart/add/test1/ HTTP/1.1" 200 98
INFO 2026-06-27 12:44:39,762 basehttp 7912 10340 "GET /builder/cart/data/test1/ HTTP/1.1" 200 77
INFO 2026-06-27 12:47:03,183 autoreload 7912 7216 D:\360ExtremeBrowserDownload\Test\venv\src\builder\views.py changed, reloading.
INFO 2026-06-27 12:47:05,690 autoreload 6580 18220 Watching for file changes with StatReloader
INFO 2026-06-27 12:47:45,917 autoreload 6580 18220 D:\360ExtremeBrowserDownload\Test\venv\src\builder\views.py changed, reloading.
INFO 2026-06-27 12:47:48,247 autoreload 1292 13520 Watching for file changes with StatReloader
INFO 2026-06-27 12:48:31,882 basehttp 1292 8244 "GET / HTTP/1.1" 200 113656
WARNING 2026-06-27 12:48:32,336 log 1292 3376 Not Found: /builder/wishlist/data/test1/
WARNING 2026-06-27 12:48:32,337 basehttp 1292 3376 "GET /builder/wishlist/data/test1/ HTTP/1.1" 404 76465
INFO 2026-06-27 12:48:32,670 basehttp 1292 8244 "GET /builder/cart/data/test1/ HTTP/1.1" 200 77
INFO 2026-06-27 12:48:34,599 basehttp 1292 8244 "GET /builder/reviews/test1/1/ HTTP/1.1" 200 129
INFO 2026-06-27 12:48:39,277 basehttp 1292 8244 "POST /builder/cart/add/test1/ HTTP/1.1" 200 98
INFO 2026-06-27 12:48:39,663 basehttp 1292 8244 "GET /builder/cart/data/test1/ HTTP/1.1" 200 77
INFO 2026-06-27 12:48:52,155 basehttp 1292 18172 "GET /dashboard/ HTTP/1.1" 200 37036
INFO 2026-06-27 12:48:57,491 basehttp 1292 18172 "GET /admin/ HTTP/1.1" 200 52418
INFO 2026-06-27 12:49:16,392 basehttp 1292 18172 "GET /admin/builder/cartitem/ HTTP/1.1" 200 41720
INFO 2026-06-27 12:49:16,454 basehttp 1292 18172 "GET /admin/jsi18n/ HTTP/1.1" 200 3342
INFO 2026-06-27 12:49:19,946 basehttp 1292 18172 "GET /admin/builder/cartitem/6/change/ HTTP/1.1" 200 49202
INFO 2026-06-27 12:49:19,990 basehttp 1292 18172 "GET /admin/jsi18n/ HTTP/1.1" 200 3342
INFO 2026-06-27 12:49:20,183 basehttp 1292 9448 "GET /static/admin/img/icon-deletelink.svg HTTP/1.1" 200 392
INFO 2026-06-27 12:49:30,807 basehttp 1292 9448 "GET /admin/builder/cartitem/ HTTP/1.1" 200 41720
INFO 2026-06-27 12:49:39,821 basehttp 1292 9448 "POST /admin/builder/cartitem/ HTTP/1.1" 200 40507
INFO 2026-06-27 12:49:39,856 basehttp 1292 9448 "GET /static/admin/js/cancel.js HTTP/1.1" 200 884
INFO 2026-06-27 12:49:41,814 basehttp 1292 9448 "POST /admin/builder/cartitem/ HTTP/1.1" 302 0
INFO 2026-06-27 12:49:41,892 basehttp 1292 9448 "GET /admin/builder/cartitem/ HTTP/1.1" 200 40563
INFO 2026-06-27 12:49:41,931 basehttp 1292 9448 "GET /admin/jsi18n/ HTTP/1.1" 200 3342
INFO 2026-06-27 12:49:45,395 basehttp 1292 9448 "GET /admin/builder/cart/ HTTP/1.1" 200 41759
INFO 2026-06-27 12:49:45,432 basehttp 1292 9448 "GET /admin/jsi18n/ HTTP/1.1" 200 3342
INFO 2026-06-27 12:49:51,604 basehttp 1292 9448 "POST /admin/builder/cart/ HTTP/1.1" 200 40518
INFO 2026-06-27 12:49:53,486 basehttp 1292 9448 "POST /admin/builder/cart/ HTTP/1.1" 302 0
INFO 2026-06-27 12:49:53,549 basehttp 1292 9448 "GET /admin/builder/cart/ HTTP/1.1" 200 40525
INFO 2026-06-27 12:49:53,591 basehttp 1292 9448 "GET /admin/jsi18n/ HTTP/1.1" 200 3342
INFO 2026-06-27 12:50:08,237 basehttp 1292 8244 "GET / HTTP/1.1" 200 113656
WARNING 2026-06-27 12:50:09,045 log 1292 3376 Not Found: /builder/wishlist/data/test1/
INFO 2026-06-27 12:50:09,048 basehttp 1292 8244 "GET /builder/cart/data/test1/ HTTP/1.1" 200 58
WARNING 2026-06-27 12:50:09,049 basehttp 1292 3376 "GET /builder/wishlist/data/test1/ HTTP/1.1" 404 76465
INFO 2026-06-27 12:50:10,238 basehttp 1292 3376 "GET /builder/reviews/test1/1/ HTTP/1.1" 200 129
INFO 2026-06-27 12:50:15,592 basehttp 1292 3376 "POST /builder/cart/add/test1/ HTTP/1.1" 200 95
INFO 2026-06-27 12:50:15,987 basehttp 1292 3376 "GET /builder/cart/data/test1/ HTTP/1.1" 200 77
INFO 2026-06-27 12:50:19,711 basehttp 1292 9448 "GET /admin/builder/cart/ HTTP/1.1" 200 41759
INFO 2026-06-27 12:50:19,749 basehttp 1292 9448 "GET /admin/jsi18n/ HTTP/1.1" 200 3342
INFO 2026-06-27 12:50:29,110 basehttp 1292 9448 "GET /admin/builder/cartitem/ HTTP/1.1" 200 41720
INFO 2026-06-27 12:50:29,155 basehttp 1292 9448 "GET /admin/jsi18n/ HTTP/1.1" 200 3342
INFO 2026-06-27 12:56:02,515 basehttp 1292 9984 "GET / HTTP/1.1" 200 113585
WARNING 2026-06-27 12:56:03,256 log 1292 9956 Not Found: /builder/wishlist/data/test1/
WARNING 2026-06-27 12:56:03,259 basehttp 1292 9956 "GET /builder/wishlist/data/test1/ HTTP/1.1" 404 76465
INFO 2026-06-27 12:56:03,695 basehttp 1292 9984 "GET /builder/cart/data/test1/ HTTP/1.1" 200 77
INFO 2026-06-27 12:56:14,095 basehttp 1292 9984 "POST /builder/wishlist/add/test1/ HTTP/1.1" 200 52
INFO 2026-06-27 12:56:15,303 basehttp 1292 9984 "POST /builder/wishlist/add/test1/ HTTP/1.1" 200 52
INFO 2026-06-27 12:56:18,153 basehttp 1292 9984 "GET /builder/reviews/test1/1/ HTTP/1.1" 200 129
INFO 2026-06-27 12:56:23,598 basehttp 1292 9984 "POST /builder/cart/add/test1/ HTTP/1.1" 200 98
INFO 2026-06-27 12:56:24,009 basehttp 1292 9984 "GET /builder/cart/data/test1/ HTTP/1.1" 200 77
INFO 2026-06-27 12:57:11,580 basehttp 1292 9984 "GET / HTTP/1.1" 200 114211
INFO 2026-06-27 12:57:12,039 basehttp 1292 9984 "GET /builder/cart/data/test1/ HTTP/1.1" 200 77
WARNING 2026-06-27 12:57:12,358 log 1292 9956 Not Found: /builder/wishlist/data/test1/
WARNING 2026-06-27 12:57:12,359 basehttp 1292 9956 "GET /builder/wishlist/data/test1/ HTTP/1.1" 404 76465
INFO 2026-06-27 12:57:18,969 basehttp 1292 9956 "GET /builder/cart/data/test1/ HTTP/1.1" 200 77
INFO 2026-06-27 12:57:20,229 basehttp 1292 9956 "GET /builder/cart/data/test1/ HTTP/1.1" 200 77
INFO 2026-06-27 12:57:20,824 basehttp 1292 9956 "GET /builder/cart/data/test1/ HTTP/1.1" 200 77
INFO 2026-06-27 12:57:20,852 basehttp 1292 9956 "GET /builder/cart/data/test1/ HTTP/1.1" 200 77
INFO 2026-06-27 12:57:24,339 basehttp 1292 9956 "GET /builder/cart/data/test1/ HTTP/1.1" 200 77
INFO 2026-06-27 12:57:24,375 basehttp 1292 9956 "GET /builder/cart/data/test1/ HTTP/1.1" 200 77
WARNING 2026-06-27 12:57:27,969 log 1292 9956 Not Found: /.well-known/appspecific/com.chrome.devtools.json
WARNING 2026-06-27 12:57:27,970 basehttp 1292 9956 "GET /.well-known/appspecific/com.chrome.devtools.json HTTP/1.1" 404 43255
INFO 2026-06-27 12:57:38,748 basehttp 1292 9956 "GET /builder/cart/data/test1/ HTTP/1.1" 200 77
INFO 2026-06-27 12:59:59,837 autoreload 1292 13520 D:\360ExtremeBrowserDownload\Test\venv\src\builder\models.py changed, reloading.
INFO 2026-06-27 13:00:02,447 autoreload 15520 17048 Watching for file changes with StatReloader
INFO 2026-06-27 13:00:05,138 basehttp 15520 17576 "GET / HTTP/1.1" 200 114211
WARNING 2026-06-27 13:00:05,489 log 15520 17576 Not Found: /.well-known/appspecific/com.chrome.devtools.json
WARNING 2026-06-27 13:00:05,543 basehttp 15520 17576 "GET /.well-known/appspecific/com.chrome.devtools.json HTTP/1.1" 404 43255
WARNING 2026-06-27 13:00:06,095 log 15520 8884 Not Found: /builder/wishlist/data/test1/
WARNING 2026-06-27 13:00:06,098 basehttp 15520 8884 "GET /builder/wishlist/data/test1/ HTTP/1.1" 404 76465
INFO 2026-06-27 13:00:06,410 basehttp 15520 17380 "GET /builder/cart/data/test1/ HTTP/1.1" 200 297
INFO 2026-06-27 13:00:14,338 basehttp 15520 17380 "GET /builder/cart/data/test1/ HTTP/1.1" 200 297
INFO 2026-06-27 13:00:47,267 basehttp 15520 17380 "GET /payments/select-payment/test1/ HTTP/1.1" 200 90079
INFO 2026-06-27 13:00:50,881 basehttp 15520 17380 "POST /payments/api/tax/calculate/test1/ HTTP/1.1" 200 156
INFO 2026-06-27 13:00:55,458 basehttp 15520 17380 "POST /payments/api/tax/calculate/test1/ HTTP/1.1" 200 156
INFO 2026-06-27 13:00:56,065 basehttp 15520 17380 "POST /payments/api/tax/calculate/test1/ HTTP/1.1" 200 156
INFO 2026-06-27 13:00:57,018 basehttp 15520 17380 "POST /payments/api/tax/calculate/test1/ HTTP/1.1" 200 156
INFO 2026-06-27 13:00:58,068 basehttp 15520 17380 "GET /payments/shipping/rates/test1/?address=%7B%22full_name%22%3A%22Mfecho%20Jerase%22%2C%22address_line1%22%3A%22Mile%204%20Nkwen%22%2C%22city%22%3A%22Bamenda%22%2C%22state%22%3A%22NorthWest%22%2C%22postal_code%22%3A%229001%22%2C%22country_code%22%3A%22CM%22%2C%22country_name%22%3A%22Cameroon%22%2C%22email%22%3A%22mjerase92%40gmail.com%22%2C%22phone%22%3A%22680044151%22%7D&type=instant&product=%7B%22weight%22%3A0%2C%22requires_shipping%22%3Atrue%7D HTTP/1.1" 200 381
INFO 2026-06-27 13:00:58,110 basehttp 15520 17380 "POST /payments/api/tax/calculate/test1/ HTTP/1.1" 200 156
INFO 2026-06-28 05:39:07,064 basehttp 15520 12356 "POST /builder/wishlist/add/test1/ HTTP/1.1" 200 52
INFO 2026-06-28 05:39:08,869 basehttp 15520 12356 "POST /builder/wishlist/add/test1/ HTTP/1.1" 200 52
INFO 2026-06-28 05:39:09,377 basehttp 15520 12356 "POST /builder/wishlist/add/test1/ HTTP/1.1" 200 52
INFO 2026-06-28 05:39:09,398 basehttp 15520 12356 "POST /builder/wishlist/add/test1/ HTTP/1.1" 200 52
WARNING 2026-06-28 05:39:13,774 log 15520 12356 Not Found: /.well-known/appspecific/com.chrome.devtools.json
WARNING 2026-06-28 05:39:13,776 basehttp 15520 12356 "GET /.well-known/appspecific/com.chrome.devtools.json HTTP/1.1" 404 43255
INFO 2026-06-28 05:39:22,146 basehttp 15520 12356 "POST /builder/wishlist/add/test1/ HTTP/1.1" 200 52
INFO 2026-06-28 05:39:22,380 basehttp 15520 12356 "POST /builder/wishlist/add/test1/ HTTP/1.1" 200 52
INFO 2026-06-28 05:39:23,358 basehttp 15520 12356 "POST /builder/wishlist/add/test1/ HTTP/1.1" 200 52
INFO 2026-06-28 05:39:25,067 basehttp 15520 12356 "POST /builder/wishlist/add/test1/ HTTP/1.1" 200 52
INFO 2026-06-28 05:39:31,697 basehttp 15520 16376 "GET /variant_images/ajax-logo.jpg_QjkAM5zT2.jpg HTTP/1.1" 304 0
INFO 2026-06-28 05:39:32,113 basehttp 15520 12356 "GET /builder/reviews/test1/1/ HTTP/1.1" 200 129
INFO 2026-06-28 05:39:34,919 basehttp 15520 12356 "POST /builder/wishlist/add/test1/ HTTP/1.1" 200 52
INFO 2026-06-28 05:39:35,798 basehttp 15520 12356 "POST /builder/wishlist/add/test1/ HTTP/1.1" 200 52
INFO 2026-06-28 05:39:35,835 basehttp 15520 16376 "POST /builder/wishlist/add/test1/ HTTP/1.1" 200 52
INFO 2026-06-28 05:39:36,442 basehttp 15520 16376 "POST /builder/wishlist/add/test1/ HTTP/1.1" 200 52
INFO 2026-06-28 05:39:36,467 basehttp 15520 12356 "POST /builder/wishlist/add/test1/ HTTP/1.1" 200 52
INFO 2026-06-28 05:39:37,189 basehttp 15520 12356 "POST /builder/wishlist/add/test1/ HTTP/1.1" 200 52
INFO 2026-06-28 05:39:37,209 basehttp 15520 16376 "POST /builder/wishlist/add/test1/ HTTP/1.1" 200 52
INFO 2026-06-28 05:39:37,724 basehttp 15520 16376 "POST /builder/wishlist/add/test1/ HTTP/1.1" 200 52
INFO 2026-06-28 05:39:48,158 basehttp 15520 16376 "GET /builder/reviews/test1/1/ HTTP/1.1" 200 129
INFO 2026-06-28 05:40:25,749 basehttp 15520 16376 "POST /builder/review/submit/test1/ HTTP/1.1" 200 53
INFO 2026-06-28 05:40:46,530 basehttp 15520 16376 "POST /builder/review/submit/test1/ HTTP/1.1" 200 53
INFO 2026-06-28 10:55:42,278 autoreload 2720 9564 Watching for file changes with StatReloader
INFO 2026-06-28 10:56:08,075 basehttp 2720 10352 "GET / HTTP/1.1" 200 52774
WARNING 2026-06-28 10:56:08,579 log 2720 10352 Not Found: /favicon.ico
WARNING 2026-06-28 10:56:08,581 basehttp 2720 10352 "GET /favicon.ico HTTP/1.1" 404 43101
INFO 2026-06-28 10:56:12,059 basehttp 2720 10352 "GET /dashboard/ HTTP/1.1" 200 37036
INFO 2026-06-28 10:56:17,711 basehttp 2720 1200 "GET / HTTP/1.1" 200 116181
WARNING 2026-06-28 10:56:18,881 log 2720 1200 Not Found: /builder/wishlist/data/test1/
WARNING 2026-06-28 10:56:18,923 basehttp 2720 1200 "GET /builder/wishlist/data/test1/ HTTP/1.1" 404 76465
WARNING 2026-06-28 10:56:18,923 log 2720 3416 Not Found: /favicon.ico
WARNING 2026-06-28 10:56:18,931 basehttp 2720 3416 "GET /favicon.ico HTTP/1.1" 404 43107
INFO 2026-06-28 10:56:18,932 basehttp 2720 6520 "GET /builder/cart/data/test1/ HTTP/1.1" 200 297
INFO 2026-06-28 10:56:18,970 basehttp 2720 3416 "GET /variant_images/bootstrap-original-wordmark-8x.png HTTP/1.1" 304 0
INFO 2026-06-28 10:57:48,965 basehttp 2720 6520 "GET /variant_images/ajax-logo.jpg_QjkAM5zT2.jpg HTTP/1.1" 304 0
INFO 2026-06-28 10:57:49,323 basehttp 2720 3416 "GET /builder/reviews/test1/1/ HTTP/1.1" 200 129
INFO 2026-06-28 10:57:54,375 basehttp 2720 3416 "POST /builder/wishlist/add/test1/ HTTP/1.1" 200 52
INFO 2026-06-28 10:58:09,547 basehttp 2720 3416 "POST /builder/cart/remove/test1/ HTTP/1.1" 200 94
INFO 2026-06-28 10:58:09,975 basehttp 2720 3416 "GET /builder/cart/data/test1/ HTTP/1.1" 200 58
INFO 2026-06-28 10:58:12,762 basehttp 2720 3416 "GET /builder/reviews/test1/1/ HTTP/1.1" 200 129
INFO 2026-06-28 10:58:35,477 basehttp 2720 3416 "POST /builder/cart/add/test1/ HTTP/1.1" 200 95
INFO 2026-06-28 10:58:35,526 basehttp 2720 6520 "GET /payments/select-payment/test1/ HTTP/1.1" 200 90079
INFO 2026-06-28 10:58:35,866 basehttp 2720 3416 "GET /builder/cart/data/test1/ HTTP/1.1" 200 296
INFO 2026-06-28 10:58:46,219 basehttp 2720 3416 "GET /builder/reviews/test1/1/ HTTP/1.1" 200 129
INFO 2026-06-28 10:59:04,880 basehttp 2720 3416 "POST /builder/review/submit/test1/ HTTP/1.1" 200 53
INFO 2026-06-28 10:59:10,343 basehttp 2720 3416 "POST /builder/review/submit/test1/ HTTP/1.1" 200 53
INFO 2026-06-28 11:07:43,106 basehttp 2720 10916 "POST /builder/review/submit/test1/ HTTP/1.1" 200 53
INFO 2026-06-28 11:14:37,036 basehttp 2720 8264 "GET / HTTP/1.1" 200 117365
WARNING 2026-06-28 11:14:37,986 log 2720 10828 Not Found: /builder/wishlist/data/test1/
INFO 2026-06-28 11:14:37,990 basehttp 2720 8264 "GET /builder/cart/data/test1/ HTTP/1.1" 200 296
WARNING 2026-06-28 11:14:37,991 basehttp 2720 10828 "GET /builder/wishlist/data/test1/ HTTP/1.1" 404 76465
INFO 2026-06-28 11:14:41,711 basehttp 2720 10828 "GET /builder/reviews/test1/1/ HTTP/1.1" 200 129
WARNING 2026-06-28 11:15:41,162 log 2720 10828 Not Found: /.well-known/appspecific/com.chrome.devtools.json
WARNING 2026-06-28 11:15:41,166 basehttp 2720 10828 "GET /.well-known/appspecific/com.chrome.devtools.json HTTP/1.1" 404 43255
INFO 2026-06-28 11:22:36,366 basehttp 2720 1104 "GET / HTTP/1.1" 200 116177
WARNING 2026-06-28 11:22:36,608 log 2720 1104 Not Found: /.well-known/appspecific/com.chrome.devtools.json
WARNING 2026-06-28 11:22:36,850 basehttp 2720 1104 "GET /.well-known/appspecific/com.chrome.devtools.json HTTP/1.1" 404 43255
WARNING 2026-06-28 11:22:37,263 log 2720 12660 Not Found: /builder/wishlist/data/test1/
WARNING 2026-06-28 11:22:37,267 basehttp 2720 12660 "GET /builder/wishlist/data/test1/ HTTP/1.1" 404 76465
INFO 2026-06-28 11:22:37,625 basehttp 2720 4168 "GET /builder/cart/data/test1/ HTTP/1.1" 200 296
INFO 2026-06-28 11:22:41,451 basehttp 2720 4168 "GET /builder/reviews/test1/1/ HTTP/1.1" 200 129
INFO 2026-06-28 11:23:09,898 basehttp 2720 4168 "POST /builder/review/submit/test1/ HTTP/1.1" 200 53
INFO 2026-06-28 11:23:17,977 basehttp 2720 4168 "POST /builder/review/submit/test1/ HTTP/1.1" 200 53
INFO 2026-06-28 11:26:41,357 basehttp 2720 4168 "POST /builder/review/submit/test1/ HTTP/1.1" 200 53
INFO 2026-06-28 11:29:07,040 basehttp 2720 9952 "GET / HTTP/1.1" 200 116177
WARNING 2026-06-28 11:29:07,163 log 2720 9952 Not Found: /.well-known/appspecific/com.chrome.devtools.json
WARNING 2026-06-28 11:29:07,166 basehttp 2720 9952 "GET /.well-known/appspecific/com.chrome.devtools.json HTTP/1.1" 404 43255
INFO 2026-06-28 11:29:07,923 basehttp 2720 9952 "GET /builder/cart/data/test1/ HTTP/1.1" 200 296
WARNING 2026-06-28 11:29:08,287 log 2720 4256 Not Found: /builder/wishlist/data/test1/
WARNING 2026-06-28 11:29:08,289 basehttp 2720 4256 "GET /builder/wishlist/data/test1/ HTTP/1.1" 404 76465
INFO 2026-06-28 11:29:09,673 basehttp 2720 4256 "GET /builder/reviews/test1/1/ HTTP/1.1" 200 129
INFO 2026-06-28 11:29:35,351 basehttp 2720 4256 "POST /builder/review/submit/test1/ HTTP/1.1" 200 53
INFO 2026-06-28 11:31:38,824 basehttp 2720 4224 "GET / HTTP/1.1" 200 116250
WARNING 2026-06-28 11:31:38,947 log 2720 4224 Not Found: /.well-known/appspecific/com.chrome.devtools.json
WARNING 2026-06-28 11:31:38,997 basehttp 2720 4224 "GET /.well-known/appspecific/com.chrome.devtools.json HTTP/1.1" 404 43255
WARNING 2026-06-28 11:31:39,607 log 2720 8668 Not Found: /builder/wishlist/data/test1/
WARNING 2026-06-28 11:31:39,611 basehttp 2720 8668 "GET /builder/wishlist/data/test1/ HTTP/1.1" 404 76465
INFO 2026-06-28 11:31:40,008 basehttp 2720 4224 "GET /builder/cart/data/test1/ HTTP/1.1" 200 296
INFO 2026-06-28 11:31:41,386 basehttp 2720 4224 "GET /builder/reviews/test1/1/ HTTP/1.1" 200 129
INFO 2026-06-28 11:31:55,909 basehttp 2720 4224 "POST /builder/review/submit/test1/ HTTP/1.1" 200 53
INFO 2026-06-28 11:34:23,705 basehttp 2720 4224 "POST /builder/review/submit/test1/ HTTP/1.1" 200 53
INFO 2026-06-28 11:36:52,051 basehttp 2720 4224 "GET / HTTP/1.1" 200 116311
WARNING 2026-06-28 11:36:52,181 log 2720 4224 Not Found: /.well-known/appspecific/com.chrome.devtools.json
WARNING 2026-06-28 11:36:52,300 basehttp 2720 4224 "GET /.well-known/appspecific/com.chrome.devtools.json HTTP/1.1" 404 43255
INFO 2026-06-28 11:36:53,075 basehttp 2720 8116 "GET /builder/cart/data/test1/ HTTP/1.1" 200 296
WARNING 2026-06-28 11:36:53,435 log 2720 4224 Not Found: /builder/wishlist/data/test1/
WARNING 2026-06-28 11:36:53,437 basehttp 2720 4224 "GET /builder/wishlist/data/test1/ HTTP/1.1" 404 76465
INFO 2026-06-28 11:36:54,474 basehttp 2720 4224 "GET /builder/reviews/test1/1/ HTTP/1.1" 200 129
INFO 2026-06-28 11:37:16,850 basehttp 2720 4224 "POST /builder/review/submit/test1/ HTTP/1.1" 200 53
INFO 2026-06-28 11:39:52,591 basehttp 2720 8480 "GET / HTTP/1.1" 200 117475
WARNING 2026-06-28 11:39:52,716 log 2720 8480 Not Found: /.well-known/appspecific/com.chrome.devtools.json
WARNING 2026-06-28 11:39:52,719 basehttp 2720 8480 "GET /.well-known/appspecific/com.chrome.devtools.json HTTP/1.1" 404 43255
WARNING 2026-06-28 11:39:53,674 log 2720 1748 Not Found: /builder/wishlist/data/test1/
WARNING 2026-06-28 11:39:53,695 basehttp 2720 1748 "GET /builder/wishlist/data/test1/ HTTP/1.1" 404 76465
INFO 2026-06-28 11:39:53,755 basehttp 2720 8480 "GET /builder/cart/data/test1/ HTTP/1.1" 200 296
INFO 2026-06-28 11:39:55,148 basehttp 2720 8480 "GET /builder/reviews/test1/1/ HTTP/1.1" 200 129
INFO 2026-06-28 11:40:12,370 basehttp 2720 8480 "POST /builder/review/submit/test1/ HTTP/1.1" 200 77
INFO 2026-06-28 11:40:12,807 basehttp 2720 8480 "GET /builder/reviews/test1/1/ HTTP/1.1" 200 303
WARNING 2026-06-28 11:40:50,552 log 2720 8480 Not Found: /.well-known/appspecific/com.chrome.devtools.json
WARNING 2026-06-28 11:40:50,553 basehttp 2720 8480 "GET /.well-known/appspecific/com.chrome.devtools.json HTTP/1.1" 404 43255
INFO 2026-06-28 11:42:25,170 basehttp 2720 8480 "GET / HTTP/1.1" 200 117477
WARNING 2026-06-28 11:42:25,470 log 2720 8480 Not Found: /.well-known/appspecific/com.chrome.devtools.json
WARNING 2026-06-28 11:42:25,567 basehttp 2720 8480 "GET /.well-known/appspecific/com.chrome.devtools.json HTTP/1.1" 404 43255
WARNING 2026-06-28 11:42:27,040 log 2720 8480 Not Found: /builder/wishlist/data/test1/
WARNING 2026-06-28 11:42:27,050 basehttp 2720 8480 "GET /builder/wishlist/data/test1/ HTTP/1.1" 404 76465
INFO 2026-06-28 11:42:27,066 basehttp 2720 1748 "GET /builder/cart/data/test1/ HTTP/1.1" 200 296
INFO 2026-06-28 11:42:28,888 basehttp 2720 1748 "GET /builder/reviews/test1/1/ HTTP/1.1" 200 303
INFO 2026-06-28 11:44:04,259 basehttp 2720 1748 "GET / HTTP/1.1" 200 117477
INFO 2026-06-28 11:44:05,308 basehttp 2720 1748 "GET /builder/cart/data/test1/ HTTP/1.1" 200 296
WARNING 2026-06-28 11:44:05,362 log 2720 10860 Not Found: /.well-known/appspecific/com.chrome.devtools.json
WARNING 2026-06-28 11:44:05,379 basehttp 2720 10860 "GET /.well-known/appspecific/com.chrome.devtools.json HTTP/1.1" 404 43255
WARNING 2026-06-28 11:44:05,776 log 2720 8480 Not Found: /builder/wishlist/data/test1/
WARNING 2026-06-28 11:44:05,778 basehttp 2720 8480 "GET /builder/wishlist/data/test1/ HTTP/1.1" 404 76465
INFO 2026-06-28 11:44:07,176 basehttp 2720 8480 "GET /builder/reviews/test1/1/ HTTP/1.1" 200 303
INFO 2026-06-28 11:44:28,770 basehttp 2720 8480 "GET / HTTP/1.1" 200 117427
INFO 2026-06-28 11:44:29,457 basehttp 2720 8480 "GET /builder/cart/data/test1/ HTTP/1.1" 200 296
WARNING 2026-06-28 11:44:29,610 log 2720 1748 Not Found: /.well-known/appspecific/com.chrome.devtools.json
WARNING 2026-06-28 11:44:29,611 basehttp 2720 1748 "GET /.well-known/appspecific/com.chrome.devtools.json HTTP/1.1" 404 43255
WARNING 2026-06-28 11:44:29,746 log 2720 10860 Not Found: /builder/wishlist/data/test1/
WARNING 2026-06-28 11:44:29,748 basehttp 2720 10860 "GET /builder/wishlist/data/test1/ HTTP/1.1" 404 76465
INFO 2026-06-28 11:44:30,681 basehttp 2720 10860 "GET /builder/reviews/test1/1/ HTTP/1.1" 200 303
INFO 2026-06-28 11:45:16,050 basehttp 2720 10860 "GET / HTTP/1.1" 200 117415
WARNING 2026-06-28 11:45:16,313 log 2720 8480 Not Found: /.well-known/appspecific/com.chrome.devtools.json
WARNING 2026-06-28 11:45:16,415 basehttp 2720 8480 "GET /.well-known/appspecific/com.chrome.devtools.json HTTP/1.1" 404 43255
WARNING 2026-06-28 11:45:16,937 log 2720 1748 Not Found: /builder/wishlist/data/test1/
WARNING 2026-06-28 11:45:16,940 basehttp 2720 1748 "GET /builder/wishlist/data/test1/ HTTP/1.1" 404 76465
INFO 2026-06-28 11:45:17,280 basehttp 2720 10860 "GET /builder/cart/data/test1/ HTTP/1.1" 200 296
INFO 2026-06-28 11:45:19,381 basehttp 2720 10860 "GET /builder/reviews/test1/1/ HTTP/1.1" 200 303
INFO 2026-06-28 12:05:57,740 basehttp 2720 14212 "GET / HTTP/1.1" 200 117420
INFO 2026-06-28 12:05:58,718 basehttp 2720 14212 "GET /builder/cart/data/test1/ HTTP/1.1" 200 296
WARNING 2026-06-28 12:05:59,052 log 2720 6100 Not Found: /builder/wishlist/data/test1/
WARNING 2026-06-28 12:05:59,055 basehttp 2720 6100 "GET /builder/wishlist/data/test1/ HTTP/1.1" 404 76465
WARNING 2026-06-28 12:05:59,087 log 2720 13460 Not Found: /.well-known/appspecific/com.chrome.devtools.json
WARNING 2026-06-28 12:05:59,088 basehttp 2720 13460 "GET /.well-known/appspecific/com.chrome.devtools.json HTTP/1.1" 404 43255
INFO 2026-06-28 12:06:00,223 basehttp 2720 13460 "GET /builder/reviews/test1/1/ HTTP/1.1" 200 303
INFO 2026-06-28 12:06:27,654 basehttp 2720 13460 "GET / HTTP/1.1" 200 117419
WARNING 2026-06-28 12:06:27,771 log 2720 13460 Not Found: /.well-known/appspecific/com.chrome.devtools.json
WARNING 2026-06-28 12:06:27,914 basehttp 2720 13460 "GET /.well-known/appspecific/com.chrome.devtools.json HTTP/1.1" 404 43255
INFO 2026-06-28 12:06:28,680 basehttp 2720 6100 "GET /builder/cart/data/test1/ HTTP/1.1" 200 296
WARNING 2026-06-28 12:06:29,093 log 2720 14212 Not Found: /builder/wishlist/data/test1/
WARNING 2026-06-28 12:06:29,095 basehttp 2720 14212 "GET /builder/wishlist/data/test1/ HTTP/1.1" 404 76465
INFO 2026-06-28 12:06:29,807 basehttp 2720 14212 "GET /builder/reviews/test1/1/ HTTP/1.1" 200 303
INFO 2026-06-28 12:06:59,983 basehttp 2720 14212 "GET / HTTP/1.1" 200 117477
WARNING 2026-06-28 12:07:00,687 log 2720 12388 Not Found: /.well-known/appspecific/com.chrome.devtools.json
WARNING 2026-06-28 12:07:00,690 basehttp 2720 12388 "GET /.well-known/appspecific/com.chrome.devtools.json HTTP/1.1" 404 43255
INFO 2026-06-28 12:07:00,697 basehttp 2720 14212 "GET /builder/cart/data/test1/ HTTP/1.1" 200 296
WARNING 2026-06-28 12:07:01,037 log 2720 6100 Not Found: /builder/wishlist/data/test1/
WARNING 2026-06-28 12:07:01,039 basehttp 2720 6100 "GET /builder/wishlist/data/test1/ HTTP/1.1" 404 76465
INFO 2026-06-28 12:07:01,678 basehttp 2720 6100 "GET /builder/reviews/test1/1/ HTTP/1.1" 200 303
INFO 2026-06-28 12:07:17,414 basehttp 2720 10492 "GET /dashboard/ HTTP/1.1" 200 37036
INFO 2026-06-28 12:07:22,201 basehttp 2720 10492 "GET /admin/ HTTP/1.1" 200 53082
INFO 2026-06-28 12:07:45,952 basehttp 2720 10492 "GET /admin/builder/productreview/ HTTP/1.1" 200 41784
INFO 2026-06-28 12:07:46,016 basehttp 2720 10492 "GET /admin/jsi18n/ HTTP/1.1" 200 3342
INFO 2026-06-28 12:07:48,258 basehttp 2720 10492 "GET /admin/builder/productreview/1/change/ HTTP/1.1" 200 50072
INFO 2026-06-28 12:07:48,307 basehttp 2720 10492 "GET /admin/jsi18n/ HTTP/1.1" 200 3342
INFO 2026-06-28 12:09:25,107 basehttp 2720 6100 "GET / HTTP/1.1" 200 117428
WARNING 2026-06-28 12:09:26,198 log 2720 14212 Not Found: /builder/wishlist/data/test1/
WARNING 2026-06-28 12:09:26,209 basehttp 2720 14212 "GET /builder/wishlist/data/test1/ HTTP/1.1" 404 76465
INFO 2026-06-28 12:09:26,250 basehttp 2720 6100 "GET /builder/cart/data/test1/ HTTP/1.1" 200 296
WARNING 2026-06-28 12:09:26,275 log 2720 12388 Not Found: /.well-known/appspecific/com.chrome.devtools.json
WARNING 2026-06-28 12:09:26,276 basehttp 2720 12388 "GET /.well-known/appspecific/com.chrome.devtools.json HTTP/1.1" 404 43255
INFO 2026-06-28 12:09:27,285 basehttp 2720 12388 "GET /builder/reviews/test1/1/ HTTP/1.1" 200 303
INFO 2026-06-28 12:10:30,402 basehttp 2720 12388 "GET / HTTP/1.1" 200 117422
WARNING 2026-06-28 12:10:31,542 log 2720 6100 Not Found: /builder/wishlist/data/test1/
WARNING 2026-06-28 12:10:31,556 basehttp 2720 6100 "GET /builder/wishlist/data/test1/ HTTP/1.1" 404 76465
WARNING 2026-06-28 12:10:31,595 log 2720 14212 Not Found: /.well-known/appspecific/com.chrome.devtools.json
INFO 2026-06-28 12:10:31,597 basehttp 2720 12388 "GET /builder/cart/data/test1/ HTTP/1.1" 200 296
WARNING 2026-06-28 12:10:31,598 basehttp 2720 14212 "GET /.well-known/appspecific/com.chrome.devtools.json HTTP/1.1" 404 43255
INFO 2026-06-28 12:10:32,263 basehttp 2720 14212 "GET /builder/reviews/test1/1/ HTTP/1.1" 200 303
INFO 2026-06-28 12:11:01,526 basehttp 2720 14212 "GET / HTTP/1.1" 200 117428
WARNING 2026-06-28 12:11:02,296 log 2720 6100 Not Found: /.well-known/appspecific/com.chrome.devtools.json
WARNING 2026-06-28 12:11:02,302 basehttp 2720 6100 "GET /.well-known/appspecific/com.chrome.devtools.json HTTP/1.1" 404 43255
INFO 2026-06-28 12:11:02,512 basehttp 2720 14212 "GET /builder/cart/data/test1/ HTTP/1.1" 200 296
WARNING 2026-06-28 12:11:02,677 log 2720 12388 Not Found: /builder/wishlist/data/test1/
WARNING 2026-06-28 12:11:02,678 basehttp 2720 12388 "GET /builder/wishlist/data/test1/ HTTP/1.1" 404 76465
INFO 2026-06-28 12:11:08,335 basehttp 2720 12388 "GET /builder/reviews/test1/1/ HTTP/1.1" 200 303
INFO 2026-06-28 12:20:38,603 basehttp 2720 9324 "GET / HTTP/1.1" 200 117427
WARNING 2026-06-28 12:20:38,856 log 2720 9324 Not Found: /.well-known/appspecific/com.chrome.devtools.json
WARNING 2026-06-28 12:20:38,959 basehttp 2720 9324 "GET /.well-known/appspecific/com.chrome.devtools.json HTTP/1.1" 404 43255
INFO 2026-06-28 12:20:39,605 basehttp 2720 13260 "GET /builder/cart/data/test1/ HTTP/1.1" 200 296
WARNING 2026-06-28 12:20:40,041 log 2720 13180 Not Found: /builder/wishlist/data/test1/
WARNING 2026-06-28 12:20:40,108 basehttp 2720 13180 "GET /builder/wishlist/data/test1/ HTTP/1.1" 404 76465
INFO 2026-06-28 12:20:40,554 basehttp 2720 13260 "GET /builder/reviews/test1/1/ HTTP/1.1" 200 303
INFO 2026-06-28 12:25:08,570 basehttp 2720 13260 "GET / HTTP/1.1" 200 117478
WARNING 2026-06-28 12:25:08,807 log 2720 9324 Not Found: /.well-known/appspecific/com.chrome.devtools.json
WARNING 2026-06-28 12:25:08,820 basehttp 2720 9324 "GET /.well-known/appspecific/com.chrome.devtools.json HTTP/1.1" 404 43255
WARNING 2026-06-28 12:25:09,945 log 2720 13180 Not Found: /builder/wishlist/data/test1/
WARNING 2026-06-28 12:25:09,952 basehttp 2720 13180 "GET /builder/wishlist/data/test1/ HTTP/1.1" 404 76465
INFO 2026-06-28 12:25:09,985 basehttp 2720 13260 "GET /builder/cart/data/test1/ HTTP/1.1" 200 296
INFO 2026-06-28 12:25:10,786 basehttp 2720 13260 "GET /builder/reviews/test1/1/ HTTP/1.1" 200 303
INFO 2026-06-28 12:25:37,543 basehttp 2720 13260 "GET / HTTP/1.1" 200 117478
WARNING 2026-06-28 12:25:38,246 log 2720 9324 Not Found: /.well-known/appspecific/com.chrome.devtools.json
WARNING 2026-06-28 12:25:38,252 basehttp 2720 9324 "GET /.well-known/appspecific/com.chrome.devtools.json HTTP/1.1" 404 43255
WARNING 2026-06-28 12:25:38,601 log 2720 13180 Not Found: /builder/wishlist/data/test1/
WARNING 2026-06-28 12:25:38,602 basehttp 2720 13180 "GET /builder/wishlist/data/test1/ HTTP/1.1" 404 76465
INFO 2026-06-28 12:25:38,610 basehttp 2720 13260 "GET /builder/cart/data/test1/ HTTP/1.1" 200 296
INFO 2026-06-28 12:25:39,341 basehttp 2720 13260 "GET /builder/reviews/test1/1/ HTTP/1.1" 200 303
INFO 2026-06-28 12:26:10,500 basehttp 2720 13260 "GET / HTTP/1.1" 200 117478
WARNING 2026-06-28 12:26:11,910 log 2720 9324 Not Found: /.well-known/appspecific/com.chrome.devtools.json
INFO 2026-06-28 12:26:11,910 basehttp 2720 13260 "GET /builder/cart/data/test1/ HTTP/1.1" 200 296
WARNING 2026-06-28 12:26:11,911 basehttp 2720 9324 "GET /.well-known/appspecific/com.chrome.devtools.json HTTP/1.1" 404 43255
WARNING 2026-06-28 12:26:12,243 log 2720 13180 Not Found: /builder/wishlist/data/test1/
WARNING 2026-06-28 12:26:12,246 basehttp 2720 13180 "GET /builder/wishlist/data/test1/ HTTP/1.1" 404 76465
INFO 2026-06-28 12:26:12,263 basehttp 2720 9324 "GET /builder/reviews/test1/1/ HTTP/1.1" 200 303
INFO 2026-06-28 12:35:35,666 basehttp 2720 3144 "GET / HTTP/1.1" 200 117734
WARNING 2026-06-28 12:35:36,236 log 2720 14056 Not Found: /.well-known/appspecific/com.chrome.devtools.json
WARNING 2026-06-28 12:35:36,244 basehttp 2720 14056 "GET /.well-known/appspecific/com.chrome.devtools.json HTTP/1.1" 404 43255
WARNING 2026-06-28 12:35:36,577 log 2720 7148 Not Found: /builder/wishlist/data/test1/
WARNING 2026-06-28 12:35:36,578 basehttp 2720 7148 "GET /builder/wishlist/data/test1/ HTTP/1.1" 404 76465
INFO 2026-06-28 12:35:36,593 basehttp 2720 3144 "GET /builder/cart/data/test1/ HTTP/1.1" 200 296
INFO 2026-06-28 12:35:37,983 basehttp 2720 3144 "GET /builder/reviews/test1/1/ HTTP/1.1" 200 303
INFO 2026-06-28 12:41:48,825 basehttp 2720 4452 "GET / HTTP/1.1" 200 120164
WARNING 2026-06-28 12:41:49,604 log 2720 1200 Not Found: /.well-known/appspecific/com.chrome.devtools.json
WARNING 2026-06-28 12:41:49,606 basehttp 2720 1200 "GET /.well-known/appspecific/com.chrome.devtools.json HTTP/1.1" 404 43255
WARNING 2026-06-28 12:41:49,976 log 2720 10868 Not Found: /builder/wishlist/data/test1/
WARNING 2026-06-28 12:41:49,982 basehttp 2720 10868 "GET /builder/wishlist/data/test1/ HTTP/1.1" 404 76465
INFO 2026-06-28 12:41:50,007 basehttp 2720 4452 "GET /builder/cart/data/test1/ HTTP/1.1" 200 296
INFO 2026-06-28 12:41:50,834 basehttp 2720 4452 "GET /builder/reviews/test1/1/ HTTP/1.1" 200 303
INFO 2026-06-28 12:42:44,776 basehttp 2720 4452 "GET / HTTP/1.1" 200 121178
WARNING 2026-06-28 12:42:45,009 log 2720 4452 Not Found: /.well-known/appspecific/com.chrome.devtools.json
WARNING 2026-06-28 12:42:45,189 basehttp 2720 4452 "GET /.well-known/appspecific/com.chrome.devtools.json HTTP/1.1" 404 43255
WARNING 2026-06-28 12:42:46,473 log 2720 1200 Not Found: /builder/wishlist/data/test1/
WARNING 2026-06-28 12:42:46,475 basehttp 2720 1200 "GET /builder/wishlist/data/test1/ HTTP/1.1" 404 76465
INFO 2026-06-28 12:42:46,499 basehttp 2720 10868 "GET /builder/cart/data/test1/ HTTP/1.1" 200 296
INFO 2026-06-28 12:43:34,887 basehttp 2720 10868 "GET / HTTP/1.1" 200 121178
WARNING 2026-06-28 12:43:35,062 log 2720 10868 Not Found: /.well-known/appspecific/com.chrome.devtools.json
WARNING 2026-06-28 12:43:35,066 basehttp 2720 10868 "GET /.well-known/appspecific/com.chrome.devtools.json HTTP/1.1" 404 43255
WARNING 2026-06-28 12:43:35,633 log 2720 4452 Not Found: /builder/wishlist/data/test1/
WARNING 2026-06-28 12:43:35,636 basehttp 2720 4452 "GET /builder/wishlist/data/test1/ HTTP/1.1" 404 76465
INFO 2026-06-28 12:43:35,994 basehttp 2720 1200 "GET /builder/cart/data/test1/ HTTP/1.1" 200 296
INFO 2026-06-28 12:44:20,063 autoreload 10244 256 Watching for file changes with StatReloader
INFO 2026-06-28 12:45:07,578 basehttp 10244 12252 "GET / HTTP/1.1" 200 52774
INFO 2026-06-28 12:45:10,410 basehttp 10244 12252 "GET /dashboard/ HTTP/1.1" 200 37037
INFO 2026-06-28 12:45:16,790 basehttp 10244 13568 "GET / HTTP/1.1" 200 121178
INFO 2026-06-28 12:45:17,657 basehttp 10244 13568 "GET /builder/cart/data/test1/ HTTP/1.1" 200 296
WARNING 2026-06-28 12:45:18,054 log 10244 364 Not Found: /builder/wishlist/data/test1/
WARNING 2026-06-28 12:45:18,055 basehttp 10244 364 "GET /builder/wishlist/data/test1/ HTTP/1.1" 404 76465
INFO 2026-06-28 12:45:24,240 basehttp 10244 364 "GET /payments/select-payment/test1/ HTTP/1.1" 200 90079
INFO 2026-06-28 12:45:41,241 basehttp 10244 364 "POST /builder/cart/remove/test1/ HTTP/1.1" 200 94
INFO 2026-06-28 12:45:41,685 basehttp 10244 364 "GET /builder/cart/data/test1/ HTTP/1.1" 200 58
INFO 2026-06-28 12:45:41,710 basehttp 10244 13568 "POST /builder/cart/remove/test1/ HTTP/1.1" 200 67
INFO 2026-06-28 12:46:25,233 basehttp 10244 13568 "GET / HTTP/1.1" 200 121157
WARNING 2026-06-28 12:46:25,674 log 10244 364 Not Found: /builder/wishlist/data/test1/
WARNING 2026-06-28 12:46:25,675 basehttp 10244 364 "GET /builder/wishlist/data/test1/ HTTP/1.1" 404 76465
INFO 2026-06-28 12:46:26,010 basehttp 10244 13568 "GET /builder/cart/data/test1/ HTTP/1.1" 200 58
WARNING 2026-06-28 12:46:44,762 log 10244 13568 Not Found: /.well-known/appspecific/com.chrome.devtools.json
WARNING 2026-06-28 12:46:44,781 basehttp 10244 13568 "GET /.well-known/appspecific/com.chrome.devtools.json HTTP/1.1" 404 43255
INFO 2026-06-28 20:14:56,746 autoreload 10968 10772 Watching for file changes with StatReloader
INFO 2026-06-28 20:15:14,682 basehttp 10968 3012 "GET / HTTP/1.1" 200 52774
WARNING 2026-06-28 20:15:16,014 log 10968 3012 Not Found: /favicon.ico
WARNING 2026-06-28 20:15:16,015 basehttp 10968 3012 "GET /favicon.ico HTTP/1.1" 404 43101
INFO 2026-06-28 20:18:23,427 basehttp 10968 3012 "GET /dashboard/ HTTP/1.1" 200 37037
INFO 2026-06-28 20:18:36,215 basehttp 10968 5848 "GET / HTTP/1.1" 200 121157
WARNING 2026-06-28 20:18:36,928 log 10968 5848 Not Found: /builder/wishlist/data/test1/
WARNING 2026-06-28 20:18:36,936 basehttp 10968 5848 "GET /builder/wishlist/data/test1/ HTTP/1.1" 404 76465
WARNING 2026-06-28 20:18:36,967 log 10968 8284 Not Found: /favicon.ico
WARNING 2026-06-28 20:18:36,968 basehttp 10968 8284 "GET /favicon.ico HTTP/1.1" 404 43107
INFO 2026-06-28 20:18:37,330 basehttp 10968 3876 "GET /builder/cart/data/test1/ HTTP/1.1" 200 58
INFO 2026-06-28 20:18:43,427 basehttp 10968 8284 "GET /variant_images/ajax-logo.jpg_QjkAM5zT2.jpg HTTP/1.1" 304 0
INFO 2026-06-28 20:18:43,835 basehttp 10968 3876 "GET /builder/reviews/test1/1/ HTTP/1.1" 200 303
INFO 2026-06-28 20:19:49,178 basehttp 10968 14276 "GET / HTTP/1.1" 200 121157
WARNING 2026-06-28 20:19:50,059 log 10968 14280 Not Found: /builder/wishlist/data/test1/
INFO 2026-06-28 20:19:50,059 basehttp 10968 14276 "GET /builder/cart/data/test1/ HTTP/1.1" 200 58
WARNING 2026-06-28 20:19:50,061 basehttp 10968 14280 "GET /builder/wishlist/data/test1/ HTTP/1.1" 404 76465
INFO 2026-06-28 20:19:51,106 basehttp 10968 14280 "GET /builder/reviews/test1/1/ HTTP/1.1" 200 303
WARNING 2026-06-28 20:19:54,190 log 10968 14280 Not Found: /.well-known/appspecific/com.chrome.devtools.json
WARNING 2026-06-28 20:19:54,192 basehttp 10968 14280 "GET /.well-known/appspecific/com.chrome.devtools.json HTTP/1.1" 404 43255
INFO 2026-06-28 20:24:48,530 autoreload 10968 10772 D:\360ExtremeBrowserDownload\Test\venv\src\builder\views.py changed, reloading.
INFO 2026-06-28 20:24:52,020 autoreload 12216 6136 Watching for file changes with StatReloader
INFO 2026-06-28 20:25:22,539 autoreload 12216 6136 D:\360ExtremeBrowserDownload\Test\venv\src\builder\views.py changed, reloading.
INFO 2026-06-28 20:25:24,891 autoreload 14204 14288 Watching for file changes with StatReloader
WARNING 2026-06-28 20:25:28,775 log 14204 6200 Not Found: /.well-known/appspecific/com.chrome.devtools.json
WARNING 2026-06-28 20:25:28,780 basehttp 14204 6200 "GET /.well-known/appspecific/com.chrome.devtools.json HTTP/1.1" 404 43255
WARNING 2026-06-28 20:25:28,807 log 14204 6200 Not Found: /.well-known/appspecific/com.chrome.devtools.json
WARNING 2026-06-28 20:25:28,808 basehttp 14204 6200 "GET /.well-known/appspecific/com.chrome.devtools.json HTTP/1.1" 404 43255
INFO 2026-06-28 20:26:55,973 autoreload 14204 14288 D:\360ExtremeBrowserDownload\Test\venv\src\builder\views.py changed, reloading.
INFO 2026-06-28 20:26:57,939 autoreload 9856 3372 Watching for file changes with StatReloader
INFO 2026-06-28 20:29:59,976 basehttp 9856 3412 "GET / HTTP/1.1" 200 121157
WARNING 2026-06-28 20:30:00,146 log 9856 3412 Not Found: /.well-known/appspecific/com.chrome.devtools.json
WARNING 2026-06-28 20:30:00,148 basehttp 9856 3412 "GET /.well-known/appspecific/com.chrome.devtools.json HTTP/1.1" 404 43255
INFO 2026-06-28 20:30:00,996 basehttp 9856 3412 "GET /builder/cart/data/test1/ HTTP/1.1" 200 58
WARNING 2026-06-28 20:30:01,352 log 9856 13812 Not Found: /builder/wishlist/data/test1/
WARNING 2026-06-28 20:30:01,354 basehttp 9856 13812 "GET /builder/wishlist/data/test1/ HTTP/1.1" 404 76465
INFO 2026-06-28 20:30:02,901 basehttp 9856 13812 "GET /builder/reviews/test1/1/ HTTP/1.1" 200 303
INFO 2026-06-28 20:30:58,257 autoreload 9856 3372 D:\360ExtremeBrowserDownload\Test\venv\src\builder\views.py changed, reloading.
INFO 2026-06-28 20:31:00,636 autoreload 13360 12976 Watching for file changes with StatReloader
INFO 2026-06-28 20:31:05,693 basehttp 13360 12544 "GET / HTTP/1.1" 200 121157
WARNING 2026-06-28 20:31:05,869 log 13360 12544 Not Found: /.well-known/appspecific/com.chrome.devtools.json
WARNING 2026-06-28 20:31:05,944 basehttp 13360 12544 "GET /.well-known/appspecific/com.chrome.devtools.json HTTP/1.1" 404 43255
WARNING 2026-06-28 20:31:06,507 log 13360 13996 Not Found: /builder/wishlist/data/test1/
WARNING 2026-06-28 20:31:06,509 basehttp 13360 13996 "GET /builder/wishlist/data/test1/ HTTP/1.1" 404 76465
INFO 2026-06-28 20:31:06,932 basehttp 13360 11172 "GET /builder/cart/data/test1/ HTTP/1.1" 200 58
INFO 2026-06-28 20:31:18,342 basehttp 13360 11172 "GET /builder/reviews/test1/1/ HTTP/1.1" 200 303
INFO 2026-06-28 20:51:25,681 autoreload 13360 12976 D:\360ExtremeBrowserDownload\Test\venv\src\builder\views.py changed, reloading.
INFO 2026-06-28 20:51:27,772 autoreload 5608 492 Watching for file changes with StatReloader
INFO 2026-06-28 20:51:31,574 basehttp 5608 12100 "GET / HTTP/1.1" 200 121157
WARNING 2026-06-28 20:51:31,743 log 5608 12100 Not Found: /.well-known/appspecific/com.chrome.devtools.json
WARNING 2026-06-28 20:51:31,849 basehttp 5608 12100 "GET /.well-known/appspecific/com.chrome.devtools.json HTTP/1.1" 404 43255
WARNING 2026-06-28 20:51:32,346 log 5608 11512 Not Found: /builder/wishlist/data/test1/
WARNING 2026-06-28 20:51:32,348 basehttp 5608 11512 "GET /builder/wishlist/data/test1/ HTTP/1.1" 404 76465
INFO 2026-06-28 20:51:32,681 basehttp 5608 9388 "GET /builder/cart/data/test1/ HTTP/1.1" 200 58
INFO 2026-06-28 20:51:34,581 basehttp 5608 9388 "GET /builder/reviews/test1/1/ HTTP/1.1" 200 325
INFO 2026-06-28 20:57:22,226 basehttp 5608 4992 "GET /variant_images/bootstrap-original-wordmark-8x.png HTTP/1.1" 304 0
INFO 2026-06-28 20:57:30,027 basehttp 5608 4992 "POST /builder/cart/add/test1/ HTTP/1.1" 200 95
INFO 2026-06-28 20:57:30,529 basehttp 5608 4992 "GET /builder/cart/data/test1/ HTTP/1.1" 200 296
INFO 2026-06-28 21:03:50,385 basehttp 5608 13360 "GET /builder/reviews/test1/1/ HTTP/1.1" 200 325
INFO 2026-06-28 21:03:53,340 basehttp 5608 13360 "POST /builder/wishlist/add/test1/ HTTP/1.1" 200 52
INFO 2026-06-28 21:15:33,235 basehttp 5608 8872 "POST /builder/submit-form/test1/ HTTP/1.1" 200 59
INFO 2026-06-28 21:17:54,311 basehttp 5608 8872 "GET /shipping-policy/test1/ HTTP/1.1" 200 28582
ERROR 2026-06-28 21:18:07,617 log 5608 8872 Internal Server Error: /
Traceback (most recent call last):
  File "D:\360ExtremeBrowserDownload\Test\venv\src\builder\views.py", line 764, in public_page
    return render(request, template_path, context)
  File "C:\Users\user\AppData\Roaming\Python\Python313\site-packages\django\shortcuts.py", line 25, in render
    content = loader.render_to_string(template_name, context, request, using=using)
  File "C:\Users\user\AppData\Roaming\Python\Python313\site-packages\django\template\loader.py", line 61, in render_to_string
    template = get_template(template_name, using=using)
  File "C:\Users\user\AppData\Roaming\Python\Python313\site-packages\django\template\loader.py", line 19, in get_template
    raise TemplateDoesNotExist(template_name, chain=chain)
django.template.exceptions.TemplateDoesNotExist: builder/public_templates/ModernEcommerce27/about.html

During handling of the above exception, another exception occurred:

Traceback (most recent call last):
  File "C:\Users\user\AppData\Roaming\Python\Python313\site-packages\django\core\handlers\exception.py", line 55, in inner
    response = get_response(request)
  File "C:\Users\user\AppData\Roaming\Python\Python313\site-packages\django\core\handlers\base.py", line 197, in _get_response
    response = wrapped_callback(request, *callback_args, **callback_kwargs)
  File "D:\360ExtremeBrowserDownload\Test\venv\src\builder\decorators.py", line 54, in _wrapped_view
    return view_func(request, *args, **kwargs)
  File "D:\360ExtremeBrowserDownload\Test\venv\src\builder\views.py", line 769, in public_page
    return render(request, fallback_path, context)
  File "C:\Users\user\AppData\Roaming\Python\Python313\site-packages\django\shortcuts.py", line 25, in render
    content = loader.render_to_string(template_name, context, request, using=using)
  File "C:\Users\user\AppData\Roaming\Python\Python313\site-packages\django\template\loader.py", line 61, in render_to_string
    template = get_template(template_name, using=using)
  File "C:\Users\user\AppData\Roaming\Python\Python313\site-packages\django\template\loader.py", line 19, in get_template
    raise TemplateDoesNotExist(template_name, chain=chain)
django.template.exceptions.TemplateDoesNotExist: builder/public_templates/ModernEcommerce27.html
ERROR 2026-06-28 21:18:07,623 basehttp 5608 8872 "GET /?page=about HTTP/1.1" 500 216630
INFO 2026-06-28 21:18:14,937 basehttp 5608 8872 "GET /shipping-policy/test1/ HTTP/1.1" 200 28582
INFO 2026-06-28 21:18:29,564 basehttp 5608 8872 "GET /?page=home HTTP/1.1" 200 121157
WARNING 2026-06-28 21:18:30,459 log 5608 14036 Not Found: /builder/wishlist/data/test1/
WARNING 2026-06-28 21:18:30,466 basehttp 5608 14036 "GET /builder/wishlist/data/test1/ HTTP/1.1" 404 76465
INFO 2026-06-28 21:18:30,488 basehttp 5608 8872 "GET /builder/cart/data/test1/ HTTP/1.1" 200 296
INFO 2026-06-28 21:18:37,067 basehttp 5608 8872 "GET /terms/test1/ HTTP/1.1" 200 6628
INFO 2026-06-29 07:38:55,344 autoreload 5624 12252 Watching for file changes with StatReloader
INFO 2026-06-29 07:39:09,172 basehttp 5624 13932 "GET / HTTP/1.1" 200 52774
WARNING 2026-06-29 07:39:09,481 log 5624 13932 Not Found: /favicon.ico
WARNING 2026-06-29 07:39:09,482 basehttp 5624 13932 "GET /favicon.ico HTTP/1.1" 404 43101
INFO 2026-06-29 07:39:13,277 basehttp 5624 13932 "GET /dashboard/ HTTP/1.1" 200 37037
INFO 2026-06-29 07:39:20,143 basehttp 5624 7456 "GET / HTTP/1.1" 200 121157
WARNING 2026-06-29 07:39:20,923 log 5624 9064 Not Found: /favicon.ico
WARNING 2026-06-29 07:39:20,925 basehttp 5624 9064 "GET /favicon.ico HTTP/1.1" 404 43107
INFO 2026-06-29 07:39:20,925 basehttp 5624 7456 "GET /builder/cart/data/test1/ HTTP/1.1" 200 296
WARNING 2026-06-29 07:39:21,345 log 5624 3012 Not Found: /builder/wishlist/data/test1/
WARNING 2026-06-29 07:39:21,350 basehttp 5624 3012 "GET /builder/wishlist/data/test1/ HTTP/1.1" 404 76465
INFO 2026-06-29 07:39:21,355 basehttp 5624 7456 "GET /variant_images/bootstrap-original-wordmark-8x.png HTTP/1.1" 304 0
INFO 2026-06-29 07:53:37,474 basehttp 5624 8204 "GET /editor/ModernEcommerce27/test1/ HTTP/1.1" 200 640440
INFO 2026-06-29 07:53:37,744 basehttp 5624 10992 "GET /builder/api/color-palettes/?page_subdomain=test1 HTTP/1.1" 200 86
INFO 2026-06-29 07:53:37,778 basehttp 5624 10992 "GET /builder/api/color-palettes/?page_subdomain=test1 HTTP/1.1" 200 86
INFO 2026-06-29 07:53:37,789 basehttp 5624 8204 "GET /builder/get-components/ HTTP/1.1" 200 23001
INFO 2026-06-29 07:53:37,867 basehttp 5624 8204 "GET /builder/load-template/ModernEcommerce27/?page=home&edit=test1 HTTP/1.1" 200 81723
INFO 2026-06-29 07:53:37,927 basehttp 5624 8204 "GET /builder/api/page-palette/test1/ HTTP/1.1" 200 31
INFO 2026-06-29 07:53:37,967 basehttp 5624 10992 "GET /builder/api/template-color-variables/ModernEcommerce27/ HTTP/1.1" 200 1896
INFO 2026-06-29 07:53:38,193 basehttp 5624 10992 "GET /builder/api/page-palette/test1/ HTTP/1.1" 200 31
ERROR 2026-06-29 08:06:30,292 log 5624 11164 Internal Server Error: /
Traceback (most recent call last):
  File "C:\Users\user\AppData\Roaming\Python\Python313\site-packages\django\core\handlers\exception.py", line 55, in inner
    response = get_response(request)
  File "C:\Users\user\AppData\Roaming\Python\Python313\site-packages\django\core\handlers\base.py", line 197, in _get_response
    response = wrapped_callback(request, *callback_args, **callback_kwargs)
  File "D:\360ExtremeBrowserDownload\Test\venv\src\builder\decorators.py", line 54, in _wrapped_view
    return view_func(request, *args, **kwargs)
  File "D:\360ExtremeBrowserDownload\Test\venv\src\builder\views.py", line 764, in public_page
    return render(request, template_path, context)
  File "C:\Users\user\AppData\Roaming\Python\Python313\site-packages\django\shortcuts.py", line 25, in render
    content = loader.render_to_string(template_name, context, request, using=using)
  File "C:\Users\user\AppData\Roaming\Python\Python313\site-packages\django\template\loader.py", line 62, in render_to_string
    return template.render(context, request)
           ~~~~~~~~~~~~~~~^^^^^^^^^^^^^^^^^^
  File "C:\Users\user\AppData\Roaming\Python\Python313\site-packages\django\template\backends\django.py", line 107, in render
    return self.template.render(context)
           ~~~~~~~~~~~~~~~~~~~~^^^^^^^^^
  File "C:\Users\user\AppData\Roaming\Python\Python313\site-packages\django\template\base.py", line 171, in render
    return self._render(context)
           ~~~~~~~~~~~~^^^^^^^^^
  File "C:\Users\user\AppData\Roaming\Python\Python313\site-packages\django\template\base.py", line 163, in _render
    return self.nodelist.render(context)
           ~~~~~~~~~~~~~~~~~~~~^^^^^^^^^
  File "C:\Users\user\AppData\Roaming\Python\Python313\site-packages\django\template\base.py", line 1016, in render
    return SafeString("".join([node.render_annotated(context) for node in self]))
                               ~~~~~~~~~~~~~~~~~~~~~^^^^^^^^^
  File "C:\Users\user\AppData\Roaming\Python\Python313\site-packages\django\template\base.py", line 977, in render_annotated
    return self.render(context)
           ~~~~~~~~~~~^^^^^^^^^
  File "C:\Users\user\AppData\Roaming\Python\Python313\site-packages\django\template\defaulttags.py", line 480, in render
    url = reverse(view_name, args=args, kwargs=kwargs, current_app=current_app)
  File "C:\Users\user\AppData\Roaming\Python\Python313\site-packages\django\urls\base.py", line 98, in reverse
    resolved_url = resolver._reverse_with_prefix(view, prefix, *args, **kwargs)
  File "C:\Users\user\AppData\Roaming\Python\Python313\site-packages\django\urls\resolvers.py", line 831, in _reverse_with_prefix
    raise NoReverseMatch(msg)
django.urls.exceptions.NoReverseMatch: Reverse for 'public_return_policy' not found. 'public_return_policy' is not a valid view function or pattern name.
ERROR 2026-06-29 08:06:30,319 basehttp 5624 11164 "GET / HTTP/1.1" 500 230076
INFO 2026-06-29 08:07:29,665 basehttp 5624 11164 "GET / HTTP/1.1" 200 121994
INFO 2026-06-29 08:07:30,270 basehttp 5624 11164 "GET /builder/cart/data/test1/ HTTP/1.1" 200 296
WARNING 2026-06-29 08:07:30,740 log 5624 6920 Not Found: /builder/wishlist/data/test1/
WARNING 2026-06-29 08:07:30,741 basehttp 5624 6920 "GET /builder/wishlist/data/test1/ HTTP/1.1" 404 76465
INFO 2026-06-29 08:07:43,851 basehttp 5624 6920 "POST /builder/cart/remove/test1/ HTTP/1.1" 200 94
INFO 2026-06-29 08:07:44,261 basehttp 5624 6920 "GET /builder/cart/data/test1/ HTTP/1.1" 200 58
WARNING 2026-06-29 08:07:57,914 log 5624 6920 Not Found: /.well-known/appspecific/com.chrome.devtools.json
WARNING 2026-06-29 08:07:57,916 basehttp 5624 6920 "GET /.well-known/appspecific/com.chrome.devtools.json HTTP/1.1" 404 43255
INFO 2026-06-29 08:12:09,947 basehttp 5624 4252 "GET / HTTP/1.1" 200 121934
WARNING 2026-06-29 08:12:10,141 log 5624 4252 Not Found: /.well-known/appspecific/com.chrome.devtools.json
WARNING 2026-06-29 08:12:10,489 basehttp 5624 4252 "GET /.well-known/appspecific/com.chrome.devtools.json HTTP/1.1" 404 43255
WARNING 2026-06-29 08:12:10,965 log 5624 7804 Not Found: /builder/wishlist/data/test1/
WARNING 2026-06-29 08:12:10,970 basehttp 5624 7804 "GET /builder/wishlist/data/test1/ HTTP/1.1" 404 76465
INFO 2026-06-29 08:12:10,988 basehttp 5624 7160 "GET /builder/cart/data/test1/ HTTP/1.1" 200 58
INFO 2026-06-29 08:12:12,299 basehttp 5624 7804 "GET /variant_images/ajax-logo.jpg_QjkAM5zT2.jpg HTTP/1.1" 304 0
INFO 2026-06-29 08:12:12,727 basehttp 5624 7160 "GET /builder/reviews/test1/1/ HTTP/1.1" 200 325
INFO 2026-06-29 08:12:19,759 basehttp 5624 7160 "POST /builder/cart/add/test1/ HTTP/1.1" 200 95
INFO 2026-06-29 08:12:20,223 basehttp 5624 7160 "GET /builder/cart/data/test1/ HTTP/1.1" 200 297
INFO 2026-06-29 08:12:27,161 basehttp 5624 7160 "GET /payments/select-payment/test1/ HTTP/1.1" 200 90079
WARNING 2026-06-29 08:12:27,303 log 5624 7160 Not Found: /.well-known/appspecific/com.chrome.devtools.json
WARNING 2026-06-29 08:12:27,305 basehttp 5624 7160 "GET /.well-known/appspecific/com.chrome.devtools.json HTTP/1.1" 404 43255
INFO 2026-06-29 08:12:43,947 basehttp 5624 7160 "GET / HTTP/1.1" 200 121934
WARNING 2026-06-29 08:12:44,784 log 5624 7804 Not Found: /builder/wishlist/data/test1/
WARNING 2026-06-29 08:12:44,787 basehttp 5624 7804 "GET /builder/wishlist/data/test1/ HTTP/1.1" 404 76465
INFO 2026-06-29 08:12:44,788 basehttp 5624 7160 "GET /builder/cart/data/test1/ HTTP/1.1" 200 297
INFO 2026-06-29 08:46:44,869 basehttp 5624 1608 "GET /editor/ModernEcommerce27/test1/ HTTP/1.1" 200 640440
INFO 2026-06-29 08:46:45,137 basehttp 5624 1676 "GET /builder/api/color-palettes/?page_subdomain=test1 HTTP/1.1" 200 86
INFO 2026-06-29 08:46:45,143 basehttp 5624 1608 "GET /builder/get-components/ HTTP/1.1" 200 23001
INFO 2026-06-29 08:46:45,180 basehttp 5624 1608 "GET /builder/load-template/ModernEcommerce27/?page=home&edit=test1 HTTP/1.1" 200 81723
INFO 2026-06-29 08:46:45,239 basehttp 5624 1608 "GET /builder/api/color-palettes/?page_subdomain=test1 HTTP/1.1" 200 86
INFO 2026-06-29 08:46:45,242 basehttp 5624 1676 "GET /builder/api/page-palette/test1/ HTTP/1.1" 200 31
INFO 2026-06-29 08:46:45,585 basehttp 5624 1676 "GET /builder/api/template-color-variables/ModernEcommerce27/ HTTP/1.1" 200 1896
INFO 2026-06-29 08:46:45,717 basehttp 5624 1676 "GET /builder/api/page-palette/test1/ HTTP/1.1" 200 31
INFO 2026-06-29 08:46:55,608 basehttp 5624 1676 "GET /admin/ HTTP/1.1" 200 53082
INFO 2026-06-29 08:47:23,842 basehttp 5624 1676 "GET /admin/builder/template/ HTTP/1.1" 200 41755
INFO 2026-06-29 08:47:23,899 basehttp 5624 1676 "GET /admin/jsi18n/ HTTP/1.1" 200 3342
INFO 2026-06-29 08:47:29,512 basehttp 5624 1676 "GET /admin/builder/template/add/ HTTP/1.1" 200 51155
INFO 2026-06-29 08:47:29,553 basehttp 5624 1676 "GET /admin/jsi18n/ HTTP/1.1" 200 3342
INFO 2026-06-29 08:47:37,037 basehttp 5624 1676 "GET /admin/builder/template/ HTTP/1.1" 200 41755
INFO 2026-06-29 08:47:38,662 basehttp 5624 1676 "GET /admin/builder/template/1/change/ HTTP/1.1" 200 51523
INFO 2026-06-29 08:47:38,706 basehttp 5624 1676 "GET /admin/jsi18n/ HTTP/1.1" 200 3342
INFO 2026-06-29 08:47:41,795 basehttp 5624 1676 "GET /admin/builder/template/ HTTP/1.1" 200 41755
INFO 2026-06-29 08:47:43,503 basehttp 5624 1676 "GET /admin/builder/template/add/ HTTP/1.1" 200 51155
INFO 2026-06-29 08:47:43,538 basehttp 5624 1676 "GET /admin/jsi18n/ HTTP/1.1" 200 3342
INFO 2026-06-29 08:48:30,863 basehttp 5624 1676 "POST /admin/builder/template/add/ HTTP/1.1" 302 0
INFO 2026-06-29 08:48:31,013 basehttp 5624 1676 "GET /admin/builder/template/ HTTP/1.1" 200 42289
INFO 2026-06-29 08:48:31,083 basehttp 5624 1676 "GET /admin/jsi18n/ HTTP/1.1" 200 3342
INFO 2026-06-29 08:48:38,114 basehttp 5624 1676 "GET /dashboard/ HTTP/1.1" 200 37037
INFO 2026-06-29 08:48:40,988 basehttp 5624 1676 "GET /dashboard/ HTTP/1.1" 200 37037
INFO 2026-06-29 08:48:43,075 basehttp 5624 1676 "GET /templates/ HTTP/1.1" 200 37560
INFO 2026-06-29 08:48:47,497 basehttp 5624 1676 "GET /editor/ModernEcommerce28/ HTTP/1.1" 200 595457
INFO 2026-06-29 08:48:47,673 basehttp 5624 1608 "GET /builder/api/color-palettes/ HTTP/1.1" 200 86
INFO 2026-06-29 08:48:47,687 basehttp 5624 1676 "GET /builder/get-components/ HTTP/1.1" 200 23001
INFO 2026-06-29 08:48:47,718 basehttp 5624 1676 "GET /builder/load-template/ModernEcommerce28/?page=home HTTP/1.1" 200 61346
INFO 2026-06-29 08:48:47,861 basehttp 5624 1676 "GET /builder/api/color-palettes/ HTTP/1.1" 200 86
INFO 2026-06-29 08:48:48,259 basehttp 5624 1676 "GET /builder/api/template-color-variables/ModernEcommerce28/ HTTP/1.1" 200 132
INFO 2026-06-29 08:51:15,332 basehttp 5624 1676 "POST /builder/upload-image/ HTTP/1.1" 200 75
INFO 2026-06-29 08:55:33,458 basehttp 5624 14120 "GET /editor/ModernEcommerce28/ HTTP/1.1" 200 595457
INFO 2026-06-29 08:55:33,682 basehttp 5624 12480 "GET /builder/api/color-palettes/ HTTP/1.1" 200 86
INFO 2026-06-29 08:55:33,703 basehttp 5624 14120 "GET /builder/get-components/ HTTP/1.1" 200 23001
INFO 2026-06-29 08:55:33,735 basehttp 5624 14120 "GET /builder/load-template/ModernEcommerce28/?page=home HTTP/1.1" 200 61346
INFO 2026-06-29 08:55:33,784 basehttp 5624 14120 "GET /builder/api/color-palettes/ HTTP/1.1" 200 86
INFO 2026-06-29 08:55:34,233 basehttp 5624 14120 "GET /builder/api/template-color-variables/ModernEcommerce28/ HTTP/1.1" 200 132
INFO 2026-06-29 08:55:41,212 basehttp 5624 14120 "GET /dashboard/ HTTP/1.1" 200 37037
INFO 2026-06-29 08:55:43,557 basehttp 5624 14120 "GET /payments/pricing/ HTTP/1.1" 200 43432
INFO 2026-06-29 08:55:52,371 basehttp 5624 14120 "GET /payments/upgrade/agency/ HTTP/1.1" 200 38054
WARNING 2026-06-29 08:56:04,451 log 5624 14120 Not Found: /payments/submit-payment/agency/
WARNING 2026-06-29 08:56:04,452 basehttp 5624 14120 "POST /payments/submit-payment/agency/ HTTP/1.1" 404 67747
INFO 2026-06-29 08:57:05,562 basehttp 5624 14120 "GET /payments/admin/pending/ HTTP/1.1" 200 4125
INFO 2026-06-29 08:57:21,026 basehttp 5624 14120 "GET /payments/admin/pending/ HTTP/1.1" 200 4125
WARNING 2026-06-29 08:57:32,170 log 5624 14120 Not Found: /payments/submit-payment/agency/
WARNING 2026-06-29 08:57:32,172 basehttp 5624 14120 "POST /payments/submit-payment/agency/ HTTP/1.1" 404 67747
WARNING 2026-06-29 08:57:59,481 log 5624 14120 Not Found: /.well-known/appspecific/com.chrome.devtools.json
WARNING 2026-06-29 08:57:59,483 basehttp 5624 14120 "GET /.well-known/appspecific/com.chrome.devtools.json HTTP/1.1" 404 43249
INFO 2026-06-29 08:58:45,993 basehttp 5624 14120 "GET /admin/payments/subscription/ HTTP/1.1" 200 41784
INFO 2026-06-29 08:58:46,033 basehttp 5624 14120 "GET /admin/jsi18n/ HTTP/1.1" 200 3342
INFO 2026-06-29 08:58:48,892 basehttp 5624 14120 "GET /admin/payments/subscription/1/change/ HTTP/1.1" 200 57120
INFO 2026-06-29 08:58:48,945 basehttp 5624 10316 "GET /admin/jsi18n/ HTTP/1.1" 200 3342
INFO 2026-06-29 08:58:49,198 basehttp 5624 14120 "GET /static/admin/js/calendar.js HTTP/1.1" 200 9141
INFO 2026-06-29 08:58:49,206 basehttp 5624 12480 "GET /static/admin/js/admin/DateTimeShortcuts.js HTTP/1.1" 200 19319
INFO 2026-06-29 08:58:49,297 basehttp 5624 14120 "GET /static/admin/img/icon-clock.svg HTTP/1.1" 200 677
INFO 2026-06-29 08:58:49,298 basehttp 5624 12480 "GET /static/admin/img/icon-calendar.svg HTTP/1.1" 200 1086
INFO 2026-06-29 09:00:24,928 autoreload 5300 1636 Watching for file changes with StatReloader
INFO 2026-06-29 09:00:29,305 basehttp 5300 6608 "GET /admin/payments/subscription/1/change/ HTTP/1.1" 200 57340
INFO 2026-06-29 09:00:29,357 basehttp 5300 6608 "GET /admin/jsi18n/ HTTP/1.1" 200 3342
INFO 2026-06-29 09:00:43,185 basehttp 5300 6608 "POST /payments/submit-payment/agency/ HTTP/1.1" 302 0
INFO 2026-06-29 09:00:43,316 basehttp 5300 6608 "GET /payments/subscription/ HTTP/1.1" 200 41931
INFO 2026-06-29 09:00:51,301 basehttp 5300 6608 "GET /payments/admin/pending/ HTTP/1.1" 200 6198
INFO 2026-06-29 09:00:53,511 basehttp 5300 6608 "GET /payments/admin/verify/1/ HTTP/1.1" 200 8556
INFO 2026-06-29 09:00:57,872 basehttp 5300 6608 "POST /payments/admin/verify/1/ HTTP/1.1" 302 0
INFO 2026-06-29 09:00:57,943 basehttp 5300 6608 "GET /payments/admin/pending/ HTTP/1.1" 200 4294
INFO 2026-06-29 09:01:48,447 basehttp 5300 6608 "POST /builder/publish/ HTTP/1.1" 200 191
INFO 2026-06-29 09:01:50,130 basehttp 5300 6608 "GET /builder/dashboard/ HTTP/1.1" 200 41306
INFO 2026-06-29 09:01:55,148 basehttp 5300 12840 "GET / HTTP/1.1" 200 55235
WARNING 2026-06-29 09:01:55,487 log 5300 12840 Not Found: /favicon.ico
WARNING 2026-06-29 09:01:55,488 basehttp 5300 12840 "GET /favicon.ico HTTP/1.1" 404 43107
INFO 2026-06-29 09:02:16,766 basehttp 5300 12000 "GET / HTTP/1.1" 200 55235
INFO 2026-06-29 09:02:27,388 basehttp 5300 11468 "GET /editor/ModernEcommerce28/test2/ HTTP/1.1" 200 629082
INFO 2026-06-29 09:02:28,296 basehttp 5300 11468 "GET /builder/api/color-palettes/?page_subdomain=test2 HTTP/1.1" 200 86
INFO 2026-06-29 09:02:28,306 basehttp 5300 12052 "GET /builder/get-components/ HTTP/1.1" 200 23001
INFO 2026-06-29 09:02:28,362 basehttp 5300 12052 "GET /builder/load-template/ModernEcommerce28/?page=home&edit=test2 HTTP/1.1" 200 61346
INFO 2026-06-29 09:02:28,387 basehttp 5300 11468 "GET /builder/api/color-palettes/?page_subdomain=test2 HTTP/1.1" 200 86
INFO 2026-06-29 09:02:28,441 basehttp 5300 11468 "GET /builder/api/page-palette/test2/ HTTP/1.1" 200 31
INFO 2026-06-29 09:02:28,541 basehttp 5300 11468 "GET /builder/api/template-color-variables/ModernEcommerce28/ HTTP/1.1" 200 132
INFO 2026-06-29 09:02:28,675 basehttp 5300 11468 "GET /builder/api/page-palette/test2/ HTTP/1.1" 200 31
INFO 2026-06-29 09:03:11,389 basehttp 5300 4540 "GET /?csrfmiddlewaretoken=zE4sJpzFGAeE6Y41OWK7cz5V3s1HcyJFK63K3wNx5wlrOHO29TvCwaPjFQOD3EcG HTTP/1.1" 200 55235
INFO 2026-06-29 09:03:42,217 basehttp 5300 13676 "GET /manage-products/test2/ HTTP/1.1" 200 70849
INFO 2026-06-29 09:04:16,416 basehttp 5300 13676 "POST /add-product-simple/test2/ HTTP/1.1" 200 34
INFO 2026-06-29 09:04:18,050 basehttp 5300 13676 "GET /manage-products/test2/ HTTP/1.1" 200 75010
INFO 2026-06-29 09:04:23,160 basehttp 5300 13676 "GET /product-editor/test2/2/ HTTP/1.1" 200 80868
INFO 2026-06-29 09:04:26,145 basehttp 5300 13676 "GET /variants/test2/2/ HTTP/1.1" 200 58543
INFO 2026-06-29 09:05:07,256 basehttp 5300 13676 "POST /builder/api/add-variant-simple/test2/2/ HTTP/1.1" 200 147
INFO 2026-06-29 09:05:07,857 basehttp 5300 13676 "GET /variants/test2/2/ HTTP/1.1" 200 59861
INFO 2026-06-29 09:05:08,173 basehttp 5300 13676 "GET /variant_images/11448a7a96ee808a3cdbaf0df9570976.webp HTTP/1.1" 200 8006
INFO 2026-06-29 09:05:53,326 basehttp 5300 13676 "POST /builder/api/add-variant-simple/test2/2/ HTTP/1.1" 200 146
INFO 2026-06-29 09:05:53,917 basehttp 5300 13676 "GET /variants/test2/2/ HTTP/1.1" 200 61729
INFO 2026-06-29 09:05:53,974 basehttp 5300 7740 "GET /variant_images/11448a7a96ee808a3cdbaf0df9570976.webp HTTP/1.1" 304 0
INFO 2026-06-29 09:05:53,976 basehttp 5300 13676 "GET /variant_images/css-logo.png HTTP/1.1" 200 44108
INFO 2026-06-29 09:06:06,295 basehttp 5300 13676 "POST /update-product/test2/2/ HTTP/1.1" 200 60
INFO 2026-06-29 09:06:08,027 basehttp 5300 13676 "POST /update-product/test2/2/ HTTP/1.1" 200 60
INFO 2026-06-29 09:06:09,608 basehttp 5300 13676 "GET /manage-products/test2/ HTTP/1.1" 200 75015
INFO 2026-06-29 09:06:13,358 basehttp 5300 4540 "GET /?csrfmiddlewaretoken=zE4sJpzFGAeE6Y41OWK7cz5V3s1HcyJFK63K3wNx5wlrOHO29TvCwaPjFQOD3EcG HTTP/1.1" 200 56927
INFO 2026-06-29 09:12:24,500 basehttp 5300 6620 "GET /?csrfmiddlewaretoken=zE4sJpzFGAeE6Y41OWK7cz5V3s1HcyJFK63K3wNx5wlrOHO29TvCwaPjFQOD3EcG HTTP/1.1" 200 83814
INFO 2026-06-29 09:12:24,614 basehttp 5300 6620 "GET /static/builder/js/cart-manager.js HTTP/1.1" 200 36069
INFO 2026-06-29 09:12:25,110 basehttp 5300 6620 "GET /builder/cart/data/test2/ HTTP/1.1" 200 58
WARNING 2026-06-29 09:12:25,507 log 5300 2408 Not Found: /builder/wishlist/data/test2/
WARNING 2026-06-29 09:12:25,569 basehttp 5300 2408 "GET /builder/wishlist/data/test2/ HTTP/1.1" 404 76465
INFO 2026-06-29 09:12:25,648 basehttp 5300 6620 "GET /builder/cart/data/test2/ HTTP/1.1" 200 58
INFO 2026-06-29 09:12:27,285 basehttp 5300 10988 "GET /variant_images/css-logo.png HTTP/1.1" 200 44108
INFO 2026-06-29 09:12:27,657 basehttp 5300 2408 "GET /variant_images/11448a7a96ee808a3cdbaf0df9570976.webp HTTP/1.1" 200 8006
INFO 2026-06-29 09:12:27,723 basehttp 5300 6620 "GET /builder/reviews/test2/2/ HTTP/1.1" 200 129
INFO 2026-06-29 09:13:09,217 basehttp 5300 6620 "POST /builder/review/submit/test2/ HTTP/1.1" 200 53
INFO 2026-06-29 09:13:13,300 basehttp 5300 6620 "POST /builder/review/submit/test2/ HTTP/1.1" 200 53
INFO 2026-07-01 07:16:55,802 basehttp 5300 8472 "GET /?csrfmiddlewaretoken=zE4sJpzFGAeE6Y41OWK7cz5V3s1HcyJFK63K3wNx5wlrOHO29TvCwaPjFQOD3EcG HTTP/1.1" 200 83930
INFO 2026-07-01 07:16:55,876 basehttp 5300 8472 "GET /static/builder/js/cart-manager.js HTTP/1.1" 200 36069
WARNING 2026-07-01 07:16:56,457 log 5300 16548 Not Found: /builder/wishlist/data/test2/
WARNING 2026-07-01 07:16:56,459 basehttp 5300 16548 "GET /builder/wishlist/data/test2/ HTTP/1.1" 404 76465
INFO 2026-07-01 07:16:56,823 basehttp 5300 8472 "GET /builder/cart/data/test2/ HTTP/1.1" 200 58
INFO 2026-07-01 07:16:56,863 basehttp 5300 16548 "GET /builder/cart/data/test2/ HTTP/1.1" 200 58
INFO 2026-07-01 07:18:02,450 basehttp 5300 16548 "GET /?csrfmiddlewaretoken=zE4sJpzFGAeE6Y41OWK7cz5V3s1HcyJFK63K3wNx5wlrOHO29TvCwaPjFQOD3EcG HTTP/1.1" 200 83910
WARNING 2026-07-01 07:18:03,329 log 5300 8472 Not Found: /builder/wishlist/data/test2/
INFO 2026-07-01 07:18:03,332 basehttp 5300 16548 "GET /builder/cart/data/test2/ HTTP/1.1" 200 58
WARNING 2026-07-01 07:18:03,332 basehttp 5300 8472 "GET /builder/wishlist/data/test2/ HTTP/1.1" 404 76465
INFO 2026-07-01 07:18:03,373 basehttp 5300 16548 "GET /builder/cart/data/test2/ HTTP/1.1" 200 58
INFO 2026-07-01 07:18:26,781 basehttp 5300 16548 "GET /?csrfmiddlewaretoken=zE4sJpzFGAeE6Y41OWK7cz5V3s1HcyJFK63K3wNx5wlrOHO29TvCwaPjFQOD3EcG HTTP/1.1" 200 83930
INFO 2026-07-01 07:18:27,213 basehttp 5300 16548 "GET /builder/cart/data/test2/ HTTP/1.1" 200 58
WARNING 2026-07-01 07:18:27,520 log 5300 8472 Not Found: /builder/wishlist/data/test2/
WARNING 2026-07-01 07:18:27,521 basehttp 5300 8472 "GET /builder/wishlist/data/test2/ HTTP/1.1" 404 76465
INFO 2026-07-01 07:18:27,539 basehttp 5300 17360 "GET /builder/cart/data/test2/ HTTP/1.1" 200 58
INFO 2026-07-01 07:18:48,743 basehttp 5300 12216 "GET /editor/ModernEcommerce28/test2/ HTTP/1.1" 200 629082
INFO 2026-07-01 07:18:48,983 basehttp 5300 15940 "GET /builder/api/color-palettes/?page_subdomain=test2 HTTP/1.1" 200 86
INFO 2026-07-01 07:18:49,022 basehttp 5300 12216 "GET /builder/get-components/ HTTP/1.1" 200 23001
INFO 2026-07-01 07:18:49,084 basehttp 5300 15940 "GET /builder/api/color-palettes/?page_subdomain=test2 HTTP/1.1" 200 86
INFO 2026-07-01 07:18:49,132 basehttp 5300 12216 "GET /builder/load-template/ModernEcommerce28/?page=home&edit=test2 HTTP/1.1" 200 61346
INFO 2026-07-01 07:18:49,187 basehttp 5300 15940 "GET /builder/api/template-color-variables/ModernEcommerce28/ HTTP/1.1" 200 132
INFO 2026-07-01 07:18:49,191 basehttp 5300 12216 "GET /builder/api/page-palette/test2/ HTTP/1.1" 200 31
INFO 2026-07-01 07:18:49,421 basehttp 5300 12216 "GET /builder/api/page-palette/test2/ HTTP/1.1" 200 31
INFO 2026-07-01 07:24:31,505 basehttp 5300 17104 "GET /editor/ModernEcommerce28/test2/ HTTP/1.1" 200 629082
INFO 2026-07-01 07:24:31,671 basehttp 5300 3168 "GET /builder/api/color-palettes/?page_subdomain=test2 HTTP/1.1" 200 86
INFO 2026-07-01 07:24:31,681 basehttp 5300 17104 "GET /builder/get-components/ HTTP/1.1" 200 23001
INFO 2026-07-01 07:24:31,719 basehttp 5300 17104 "GET /builder/load-template/ModernEcommerce28/?page=home&edit=test2 HTTP/1.1" 200 61603
INFO 2026-07-01 07:24:31,770 basehttp 5300 17104 "GET /builder/api/page-palette/test2/ HTTP/1.1" 200 31
INFO 2026-07-01 07:24:31,829 basehttp 5300 17104 "GET /builder/api/color-palettes/?page_subdomain=test2 HTTP/1.1" 200 86
INFO 2026-07-01 07:24:32,056 basehttp 5300 17104 "GET /builder/api/template-color-variables/ModernEcommerce28/ HTTP/1.1" 200 132
INFO 2026-07-01 07:24:32,152 basehttp 5300 17104 "GET /builder/api/page-palette/test2/ HTTP/1.1" 200 31
INFO 2026-07-01 07:25:38,435 basehttp 5300 5128 "GET /editor/ModernEcommerce28/test2/ HTTP/1.1" 200 629082
INFO 2026-07-01 07:25:39,861 basehttp 5300 17512 "GET /builder/api/color-palettes/?page_subdomain=test2 HTTP/1.1" 200 86
INFO 2026-07-01 07:25:39,872 basehttp 5300 5128 "GET /builder/get-components/ HTTP/1.1" 200 23001
INFO 2026-07-01 07:25:39,909 basehttp 5300 5128 "GET /builder/load-template/ModernEcommerce28/?page=home&edit=test2 HTTP/1.1" 200 61603
INFO 2026-07-01 07:25:39,964 basehttp 5300 17512 "GET /builder/api/page-palette/test2/ HTTP/1.1" 200 31
INFO 2026-07-01 07:25:39,978 basehttp 5300 5128 "GET /builder/api/color-palettes/?page_subdomain=test2 HTTP/1.1" 200 86
INFO 2026-07-01 07:25:40,189 basehttp 5300 5128 "GET /builder/api/template-color-variables/ModernEcommerce28/ HTTP/1.1" 200 132
INFO 2026-07-01 07:25:40,272 basehttp 5300 5128 "GET /builder/api/page-palette/test2/ HTTP/1.1" 200 31
INFO 2026-07-01 07:26:07,252 basehttp 5300 18040 "POST /builder/publish/ HTTP/1.1" 200 191
INFO 2026-07-01 07:26:09,047 basehttp 5300 18040 "GET /builder/dashboard/ HTTP/1.1" 200 42260
INFO 2026-07-01 07:26:09,131 basehttp 5300 18040 "GET /static/accounts/js/auth.js HTTP/1.1" 304 0
INFO 2026-07-01 07:26:09,132 basehttp 5300 16396 "GET /static/js/checkout.js HTTP/1.1" 304 0
INFO 2026-07-01 07:26:18,957 basehttp 5300 18212 "GET /?csrfmiddlewaretoken=zE4sJpzFGAeE6Y41OWK7cz5V3s1HcyJFK63K3wNx5wlrOHO29TvCwaPjFQOD3EcG HTTP/1.1" 200 84075
WARNING 2026-07-01 07:26:19,471 log 5300 4528 Not Found: /builder/wishlist/data/test2/
WARNING 2026-07-01 07:26:19,474 basehttp 5300 4528 "GET /builder/wishlist/data/test2/ HTTP/1.1" 404 76465
INFO 2026-07-01 07:26:19,780 basehttp 5300 18212 "GET /builder/cart/data/test2/ HTTP/1.1" 200 58
INFO 2026-07-01 07:26:19,798 basehttp 5300 4528 "GET /builder/cart/data/test2/ HTTP/1.1" 200 58
INFO 2026-07-01 07:26:31,821 basehttp 5300 16396 "GET /editor/ModernEcommerce28/test2/ HTTP/1.1" 200 630153
INFO 2026-07-01 07:26:31,987 basehttp 5300 18040 "GET /builder/api/color-palettes/?page_subdomain=test2 HTTP/1.1" 200 86
INFO 2026-07-01 07:26:31,994 basehttp 5300 16396 "GET /builder/get-components/ HTTP/1.1" 200 23001
INFO 2026-07-01 07:26:32,039 basehttp 5300 16396 "GET /builder/load-template/ModernEcommerce28/?page=home&edit=test2 HTTP/1.1" 200 61603
INFO 2026-07-01 07:26:32,092 basehttp 5300 18040 "GET /builder/api/page-palette/test2/ HTTP/1.1" 200 31
INFO 2026-07-01 07:26:32,100 basehttp 5300 16396 "GET /builder/api/color-palettes/?page_subdomain=test2 HTTP/1.1" 200 86
INFO 2026-07-01 07:26:32,312 basehttp 5300 16396 "GET /builder/api/template-color-variables/ModernEcommerce28/ HTTP/1.1" 200 132
INFO 2026-07-01 07:26:32,398 basehttp 5300 16396 "GET /builder/api/page-palette/test2/ HTTP/1.1" 200 31
INFO 2026-07-01 07:26:43,709 basehttp 5300 16396 "POST /builder/publish/ HTTP/1.1" 200 191
INFO 2026-07-01 07:26:45,412 basehttp 5300 16396 "GET /builder/dashboard/ HTTP/1.1" 200 42261
INFO 2026-07-01 07:26:48,224 basehttp 5300 4528 "GET /?csrfmiddlewaretoken=zE4sJpzFGAeE6Y41OWK7cz5V3s1HcyJFK63K3wNx5wlrOHO29TvCwaPjFQOD3EcG HTTP/1.1" 200 84074
INFO 2026-07-01 07:26:48,674 basehttp 5300 4528 "GET /builder/cart/data/test2/ HTTP/1.1" 200 58
WARNING 2026-07-01 07:26:49,102 log 5300 18212 Not Found: /builder/wishlist/data/test2/
WARNING 2026-07-01 07:26:49,107 basehttp 5300 18212 "GET /builder/wishlist/data/test2/ HTTP/1.1" 404 76465
INFO 2026-07-01 07:26:49,122 basehttp 5300 7460 "GET /builder/cart/data/test2/ HTTP/1.1" 200 58
INFO 2026-07-01 07:28:36,242 basehttp 5300 7460 "GET /?csrfmiddlewaretoken=zE4sJpzFGAeE6Y41OWK7cz5V3s1HcyJFK63K3wNx5wlrOHO29TvCwaPjFQOD3EcG HTTP/1.1" 200 84074
WARNING 2026-07-01 07:28:36,726 log 5300 18212 Not Found: /builder/wishlist/data/test2/
WARNING 2026-07-01 07:28:36,728 basehttp 5300 18212 "GET /builder/wishlist/data/test2/ HTTP/1.1" 404 76465
INFO 2026-07-01 07:28:37,108 basehttp 5300 7460 "GET /builder/cart/data/test2/ HTTP/1.1" 200 58
INFO 2026-07-01 07:28:37,146 basehttp 5300 18212 "GET /builder/cart/data/test2/ HTTP/1.1" 200 58
INFO 2026-07-01 07:28:38,311 basehttp 5300 18212 "GET /?csrfmiddlewaretoken=zE4sJpzFGAeE6Y41OWK7cz5V3s1HcyJFK63K3wNx5wlrOHO29TvCwaPjFQOD3EcG HTTP/1.1" 200 84074
WARNING 2026-07-01 07:28:38,443 log 5300 7460 Not Found: /builder/wishlist/data/test2/
INFO 2026-07-01 07:28:38,444 basehttp 5300 18212 "GET /builder/cart/data/test2/ HTTP/1.1" 200 58
WARNING 2026-07-01 07:28:38,445 basehttp 5300 7460 "GET /builder/wishlist/data/test2/ HTTP/1.1" 404 76465
INFO 2026-07-01 07:28:38,471 basehttp 5300 4528 "GET /builder/cart/data/test2/ HTTP/1.1" 200 58
INFO 2026-07-01 07:28:57,825 basehttp 5300 16396 "GET /editor/ModernEcommerce28/test2/ HTTP/1.1" 200 630150
INFO 2026-07-01 07:28:58,037 basehttp 5300 16396 "GET /builder/get-components/ HTTP/1.1" 200 23001
INFO 2026-07-01 07:28:58,053 basehttp 5300 18040 "GET /builder/api/color-palettes/?page_subdomain=test2 HTTP/1.1" 200 86
INFO 2026-07-01 07:28:58,084 basehttp 5300 16396 "GET /builder/load-template/ModernEcommerce28/?page=home&edit=test2 HTTP/1.1" 200 61613
INFO 2026-07-01 07:28:58,144 basehttp 5300 18040 "GET /builder/api/page-palette/test2/ HTTP/1.1" 200 31
INFO 2026-07-01 07:28:58,153 basehttp 5300 16396 "GET /builder/api/color-palettes/?page_subdomain=test2 HTTP/1.1" 200 86
INFO 2026-07-01 07:28:58,380 basehttp 5300 16396 "GET /builder/api/template-color-variables/ModernEcommerce28/ HTTP/1.1" 200 132
INFO 2026-07-01 07:28:58,403 basehttp 5300 16396 "GET /builder/api/page-palette/test2/ HTTP/1.1" 200 31
INFO 2026-07-01 07:31:24,327 basehttp 5300 4528 "GET /?csrfmiddlewaretoken=zE4sJpzFGAeE6Y41OWK7cz5V3s1HcyJFK63K3wNx5wlrOHO29TvCwaPjFQOD3EcG HTTP/1.1" 200 84092
INFO 2026-07-01 07:31:24,858 basehttp 5300 4528 "GET /builder/cart/data/test2/ HTTP/1.1" 200 58
WARNING 2026-07-01 07:31:25,269 log 5300 7460 Not Found: /builder/wishlist/data/test2/
WARNING 2026-07-01 07:31:25,276 basehttp 5300 7460 "GET /builder/wishlist/data/test2/ HTTP/1.1" 404 76465
INFO 2026-07-01 07:31:25,298 basehttp 5300 18212 "GET /builder/cart/data/test2/ HTTP/1.1" 200 58
INFO 2026-07-01 07:33:52,392 basehttp 5300 4528 "GET /variant_images/css-logo.png HTTP/1.1" 200 44108
INFO 2026-07-01 07:33:52,639 basehttp 5300 7460 "GET /variant_images/11448a7a96ee808a3cdbaf0df9570976.webp HTTP/1.1" 200 8006
INFO 2026-07-01 07:33:53,058 basehttp 5300 18212 "GET /builder/reviews/test2/2/ HTTP/1.1" 200 129
INFO 2026-07-01 07:34:02,268 basehttp 5300 18212 "POST /builder/cart/add/test2/ HTTP/1.1" 200 94
INFO 2026-07-01 07:34:02,707 basehttp 5300 18212 "GET /builder/cart/data/test2/ HTTP/1.1" 200 273
INFO 2026-07-01 07:34:07,389 basehttp 5300 18212 "POST /builder/cart/remove/test2/ HTTP/1.1" 200 94
INFO 2026-07-01 07:34:07,826 basehttp 5300 18212 "GET /builder/cart/data/test2/ HTTP/1.1" 200 58
INFO 2026-07-01 07:34:16,512 basehttp 5300 18212 "GET /builder/reviews/test2/2/ HTTP/1.1" 200 129
INFO 2026-07-01 07:34:29,579 basehttp 5300 18212 "POST /builder/review/submit/test2/ HTTP/1.1" 200 53
INFO 2026-07-01 07:46:23,803 basehttp 5300 14904 "POST /builder/review/submit/test2/ HTTP/1.1" 200 53
INFO 2026-07-01 07:46:29,066 basehttp 5300 14904 "GET /?csrfmiddlewaretoken=zE4sJpzFGAeE6Y41OWK7cz5V3s1HcyJFK63K3wNx5wlrOHO29TvCwaPjFQOD3EcG HTTP/1.1" 200 84156
INFO 2026-07-01 07:46:29,525 basehttp 5300 14904 "GET /builder/cart/data/test2/ HTTP/1.1" 200 58
WARNING 2026-07-01 07:46:29,929 log 5300 18404 Not Found: /builder/wishlist/data/test2/
WARNING 2026-07-01 07:46:29,933 basehttp 5300 18404 "GET /builder/wishlist/data/test2/ HTTP/1.1" 404 76465
INFO 2026-07-01 07:46:29,934 basehttp 5300 14904 "GET /builder/cart/data/test2/ HTTP/1.1" 200 58
INFO 2026-07-01 07:46:35,389 basehttp 5300 14904 "GET /builder/reviews/test2/2/ HTTP/1.1" 200 129
INFO 2026-07-01 07:46:58,238 basehttp 5300 14904 "POST /builder/review/submit/test2/ HTTP/1.1" 200 53
INFO 2026-07-01 07:49:07,612 basehttp 5300 15228 "GET /dashboard/ HTTP/1.1" 200 42261
INFO 2026-07-01 07:49:13,817 basehttp 5300 15228 "GET /manage-products/test2/ HTTP/1.1" 200 75015
INFO 2026-07-01 07:49:19,850 basehttp 5300 15228 "GET /product-editor/test2/2/ HTTP/1.1" 200 80868
INFO 2026-07-01 07:49:21,930 basehttp 5300 15228 "GET /variants/test2/2/ HTTP/1.1" 200 61729
INFO 2026-07-01 07:49:21,980 basehttp 5300 14680 "GET /variant_images/11448a7a96ee808a3cdbaf0df9570976.webp HTTP/1.1" 304 0
INFO 2026-07-01 07:49:21,982 basehttp 5300 15228 "GET /variant_images/css-logo.png HTTP/1.1" 200 44108
INFO 2026-07-01 07:59:33,315 basehttp 5300 2224 "GET /variants/test2/2/ HTTP/1.1" 200 61729
INFO 2026-07-01 07:59:39,428 basehttp 5300 17792 "GET /?csrfmiddlewaretoken=zE4sJpzFGAeE6Y41OWK7cz5V3s1HcyJFK63K3wNx5wlrOHO29TvCwaPjFQOD3EcG HTTP/1.1" 200 87671
INFO 2026-07-01 08:00:15,679 basehttp 5300 17792 "GET /builder/cart/data/test2/ HTTP/1.1" 200 58
WARNING 2026-07-01 08:00:15,943 log 5300 12984 Not Found: /builder/wishlist/data/test2/
WARNING 2026-07-01 08:00:15,951 basehttp 5300 12984 "GET /builder/wishlist/data/test2/ HTTP/1.1" 404 76465
INFO 2026-07-01 08:00:15,965 basehttp 5300 17792 "GET /builder/cart/data/test2/ HTTP/1.1" 200 58
INFO 2026-07-01 08:00:57,699 basehttp 5300 18524 "GET /builder/reviews/test2/2/ HTTP/1.1" 200 129
INFO 2026-07-01 08:01:20,733 basehttp 5300 18524 "POST /builder/review/submit/test2/ HTTP/1.1" 200 53
INFO 2026-07-01 08:08:09,161 basehttp 5300 5836 "GET /?csrfmiddlewaretoken=zE4sJpzFGAeE6Y41OWK7cz5V3s1HcyJFK63K3wNx5wlrOHO29TvCwaPjFQOD3EcG HTTP/1.1" 200 102358
INFO 2026-07-01 08:08:09,846 basehttp 5300 5836 "GET /builder/cart/data/test2/ HTTP/1.1" 200 58
WARNING 2026-07-01 08:08:10,089 log 5300 10228 Not Found: /builder/wishlist/data/test2/
WARNING 2026-07-01 08:08:10,094 basehttp 5300 10228 "GET /builder/wishlist/data/test2/ HTTP/1.1" 404 76465
INFO 2026-07-01 08:08:10,136 basehttp 5300 5836 "GET /builder/cart/data/test2/ HTTP/1.1" 200 58
INFO 2026-07-01 08:08:20,007 basehttp 5300 5836 "GET /?csrfmiddlewaretoken=zE4sJpzFGAeE6Y41OWK7cz5V3s1HcyJFK63K3wNx5wlrOHO29TvCwaPjFQOD3EcG HTTP/1.1" 200 102358
WARNING 2026-07-01 08:08:20,865 log 5300 10228 Not Found: /builder/wishlist/data/test2/
INFO 2026-07-01 08:08:20,866 basehttp 5300 5836 "GET /builder/cart/data/test2/ HTTP/1.1" 200 58
WARNING 2026-07-01 08:08:20,867 basehttp 5300 10228 "GET /builder/wishlist/data/test2/ HTTP/1.1" 404 76465
INFO 2026-07-01 08:08:20,908 basehttp 5300 5836 "GET /builder/cart/data/test2/ HTTP/1.1" 200 58
INFO 2026-07-01 08:08:29,505 basehttp 5300 5836 "POST /builder/wishlist/add/test2/ HTTP/1.1" 200 52
INFO 2026-07-01 08:08:30,957 basehttp 5300 5836 "GET /builder/reviews/test2/2/ HTTP/1.1" 200 129
INFO 2026-07-01 08:08:33,407 basehttp 5300 5836 "GET /?csrfmiddlewaretoken=zE4sJpzFGAeE6Y41OWK7cz5V3s1HcyJFK63K3wNx5wlrOHO29TvCwaPjFQOD3EcG HTTP/1.1" 200 102358
WARNING 2026-07-01 08:08:34,270 log 5300 10228 Not Found: /builder/wishlist/data/test2/
WARNING 2026-07-01 08:08:34,279 basehttp 5300 10228 "GET /builder/wishlist/data/test2/ HTTP/1.1" 404 76465
INFO 2026-07-01 08:08:34,287 basehttp 5300 5836 "GET /builder/cart/data/test2/ HTTP/1.1" 200 58
INFO 2026-07-01 08:08:34,327 basehttp 5300 5836 "GET /builder/cart/data/test2/ HTTP/1.1" 200 58
INFO 2026-07-01 08:08:49,611 basehttp 5300 5836 "GET /?csrfmiddlewaretoken=5N1mjTGw2WAq76Hzq6gj18UXINBCLwT5gf0ED0UorSHdPPrAL31OlJElkboyCCm6 HTTP/1.1" 200 102358
WARNING 2026-07-01 08:08:50,509 log 5300 10228 Not Found: /builder/wishlist/data/test2/
INFO 2026-07-01 08:08:50,511 basehttp 5300 5836 "GET /builder/cart/data/test2/ HTTP/1.1" 200 58
WARNING 2026-07-01 08:08:50,515 basehttp 5300 10228 "GET /builder/wishlist/data/test2/ HTTP/1.1" 404 76465
INFO 2026-07-01 08:08:50,562 basehttp 5300 5836 "GET /builder/cart/data/test2/ HTTP/1.1" 200 58
INFO 2026-07-01 08:10:31,221 basehttp 5300 8620 "GET /?csrfmiddlewaretoken=5N1mjTGw2WAq76Hzq6gj18UXINBCLwT5gf0ED0UorSHdPPrAL31OlJElkboyCCm6 HTTP/1.1" 200 102190
INFO 2026-07-01 08:10:31,701 basehttp 5300 8620 "GET /builder/cart/data/test2/ HTTP/1.1" 200 58
WARNING 2026-07-01 08:10:32,100 log 5300 8204 Not Found: /builder/wishlist/data/test2/
WARNING 2026-07-01 08:10:32,106 basehttp 5300 8204 "GET /builder/wishlist/data/test2/ HTTP/1.1" 404 76465
INFO 2026-07-01 08:10:32,139 basehttp 5300 8620 "GET /builder/cart/data/test2/ HTTP/1.1" 200 58
INFO 2026-07-01 08:15:45,943 basehttp 5300 7552 "GET /?csrfmiddlewaretoken=5N1mjTGw2WAq76Hzq6gj18UXINBCLwT5gf0ED0UorSHdPPrAL31OlJElkboyCCm6 HTTP/1.1" 200 104438
WARNING 2026-07-01 08:16:19,899 log 5300 16864 Not Found: /builder/wishlist/data/test2/
WARNING 2026-07-01 08:16:19,901 basehttp 5300 16864 "GET /builder/wishlist/data/test2/ HTTP/1.1" 404 76465
INFO 2026-07-01 08:16:20,223 basehttp 5300 15848 "GET /builder/cart/data/test2/ HTTP/1.1" 200 58
INFO 2026-07-01 08:16:20,245 basehttp 5300 15848 "GET /builder/cart/data/test2/ HTTP/1.1" 200 58
INFO 2026-07-01 08:16:20,744 basehttp 5300 15848 "GET /builder/reviews/test2/2/ HTTP/1.1" 200 129
INFO 2026-07-01 08:17:07,434 basehttp 5300 15848 "POST /builder/review/submit/test2/ HTTP/1.1" 200 53
INFO 2026-07-01 08:17:26,542 basehttp 5300 15848 "GET /?csrfmiddlewaretoken=MjYEKD98tQd8VwlxiRx6pialPyxXjmnIXLXW4Kn0SMkVDf5yDOiBJTUJrWkTasQJ HTTP/1.1" 200 104438
INFO 2026-07-01 08:17:26,975 basehttp 5300 15848 "GET /builder/cart/data/test2/ HTTP/1.1" 200 58
WARNING 2026-07-01 08:17:27,443 log 5300 16864 Not Found: /builder/wishlist/data/test2/
WARNING 2026-07-01 08:17:27,446 basehttp 5300 16864 "GET /builder/wishlist/data/test2/ HTTP/1.1" 404 76465
INFO 2026-07-01 08:17:27,462 basehttp 5300 15848 "GET /builder/cart/data/test2/ HTTP/1.1" 200 58
INFO 2026-07-01 08:24:13,271 basehttp 5300 16640 "GET /?csrfmiddlewaretoken=MjYEKD98tQd8VwlxiRx6pialPyxXjmnIXLXW4Kn0SMkVDf5yDOiBJTUJrWkTasQJ HTTP/1.1" 200 106030
WARNING 2026-07-01 08:24:13,782 log 5300 19284 Not Found: /builder/wishlist/data/test2/
WARNING 2026-07-01 08:24:13,784 basehttp 5300 19284 "GET /builder/wishlist/data/test2/ HTTP/1.1" 404 76465
INFO 2026-07-01 08:24:14,163 basehttp 5300 16640 "GET /builder/cart/data/test2/ HTTP/1.1" 200 58
INFO 2026-07-01 08:24:14,251 basehttp 5300 16640 "GET /builder/cart/data/test2/ HTTP/1.1" 200 58
INFO 2026-07-01 08:24:20,768 basehttp 5300 16640 "GET /builder/reviews/test2/2/ HTTP/1.1" 200 129
INFO 2026-07-01 08:24:55,179 basehttp 5300 19284 "POST /builder/review/submit/test2/ HTTP/1.1" 200 53
INFO 2026-07-01 08:24:55,180 basehttp 5300 16640 "POST /builder/review/submit/test2/ HTTP/1.1" 200 53
INFO 2026-07-01 08:53:05,446 basehttp 5300 5132 "GET /?csrfmiddlewaretoken=MjYEKD98tQd8VwlxiRx6pialPyxXjmnIXLXW4Kn0SMkVDf5yDOiBJTUJrWkTasQJ HTTP/1.1" 200 116693
WARNING 2026-07-01 08:53:05,918 log 5300 6380 Not Found: /builder/wishlist/data/test2/
WARNING 2026-07-01 08:53:05,922 basehttp 5300 6380 "GET /builder/wishlist/data/test2/ HTTP/1.1" 404 76465
INFO 2026-07-01 08:53:06,350 basehttp 5300 5132 "GET /builder/cart/data/test2/ HTTP/1.1" 200 58
INFO 2026-07-01 08:53:08,034 basehttp 5300 5132 "GET /builder/reviews/test2/2/ HTTP/1.1" 200 129
INFO 2026-07-01 08:53:34,139 basehttp 5300 5132 "POST /builder/review/submit/test2/ HTTP/1.1" 200 53
INFO 2026-07-01 08:53:34,140 basehttp 5300 6380 "POST /builder/review/submit/test2/ HTTP/1.1" 200 53
INFO 2026-07-01 08:54:00,813 basehttp 5300 6380 "POST /builder/submit-form/test2/ HTTP/1.1" 200 59
INFO 2026-07-01 08:56:25,604 basehttp 5300 6380 "GET /?csrfmiddlewaretoken=MjYEKD98tQd8VwlxiRx6pialPyxXjmnIXLXW4Kn0SMkVDf5yDOiBJTUJrWkTasQJ HTTP/1.1" 200 116730
WARNING 2026-07-01 08:56:26,076 log 5300 5132 Not Found: /builder/wishlist/data/test2/
WARNING 2026-07-01 08:56:26,078 basehttp 5300 5132 "GET /builder/wishlist/data/test2/ HTTP/1.1" 404 76465
INFO 2026-07-01 08:56:26,465 basehttp 5300 6380 "GET /builder/cart/data/test2/ HTTP/1.1" 200 58
INFO 2026-07-01 08:56:27,102 basehttp 5300 6380 "GET /builder/reviews/test2/2/ HTTP/1.1" 200 129
INFO 2026-07-01 08:56:45,601 basehttp 5300 5132 "POST /builder/review/submit/test2/ HTTP/1.1" 200 53
INFO 2026-07-01 08:56:45,604 basehttp 5300 6380 "POST /builder/review/submit/test2/ HTTP/1.1" 200 53
INFO 2026-07-01 08:56:52,281 basehttp 5300 5132 "POST /builder/review/submit/test2/ HTTP/1.1" 200 53
INFO 2026-07-01 08:56:52,282 basehttp 5300 6380 "POST /builder/review/submit/test2/ HTTP/1.1" 200 53
INFO 2026-07-01 08:58:08,659 basehttp 5300 6380 "POST /builder/review/submit/test2/ HTTP/1.1" 200 53
INFO 2026-07-01 08:58:08,660 basehttp 5300 5132 "POST /builder/review/submit/test2/ HTTP/1.1" 200 53
WARNING 2026-07-01 08:58:15,736 log 5300 5132 Not Found: /.well-known/appspecific/com.chrome.devtools.json
WARNING 2026-07-01 08:58:15,745 basehttp 5300 5132 "GET /.well-known/appspecific/com.chrome.devtools.json HTTP/1.1" 404 43255
WARNING 2026-07-01 10:06:43,169 log 5300 12972 Not Found: /.well-known/appspecific/com.chrome.devtools.json
WARNING 2026-07-01 10:06:43,170 basehttp 5300 12972 "GET /.well-known/appspecific/com.chrome.devtools.json HTTP/1.1" 404 43255
INFO 2026-07-01 10:08:19,236 basehttp 5300 18672 "GET /variant_images/ajax-logo.jpg_QjkAM5zT2.jpg HTTP/1.1" 304 0
INFO 2026-07-01 10:08:19,651 basehttp 5300 17560 "GET /builder/reviews/test1/1/ HTTP/1.1" 200 325
INFO 2026-07-01 10:08:38,205 basehttp 5300 17560 "POST /builder/review/submit/test1/ HTTP/1.1" 200 53
INFO 2026-07-01 10:08:43,006 basehttp 5300 17560 "POST /builder/review/submit/test1/ HTTP/1.1" 200 53
INFO 2026-07-01 10:08:47,664 basehttp 5300 17560 "POST /builder/review/submit/test1/ HTTP/1.1" 200 53
INFO 2026-07-01 10:08:52,311 basehttp 5300 17560 "POST /builder/review/submit/test1/ HTTP/1.1" 200 53
ERROR 2026-07-01 10:12:51,168 log 5300 17560 Internal Server Error: /
Traceback (most recent call last):
  File "C:\Users\user\AppData\Roaming\Python\Python313\site-packages\django\core\handlers\exception.py", line 55, in inner
    response = get_response(request)
  File "C:\Users\user\AppData\Roaming\Python\Python313\site-packages\django\core\handlers\base.py", line 197, in _get_response
    response = wrapped_callback(request, *callback_args, **callback_kwargs)
  File "D:\360ExtremeBrowserDownload\Test\venv\src\builder\decorators.py", line 54, in _wrapped_view
    return view_func(request, *args, **kwargs)
  File "D:\360ExtremeBrowserDownload\Test\venv\src\builder\views.py", line 764, in public_page
    return render(request, template_path, context)
  File "C:\Users\user\AppData\Roaming\Python\Python313\site-packages\django\shortcuts.py", line 25, in render
    content = loader.render_to_string(template_name, context, request, using=using)
  File "C:\Users\user\AppData\Roaming\Python\Python313\site-packages\django\template\loader.py", line 62, in render_to_string
    return template.render(context, request)
           ~~~~~~~~~~~~~~~^^^^^^^^^^^^^^^^^^
  File "C:\Users\user\AppData\Roaming\Python\Python313\site-packages\django\template\backends\django.py", line 107, in render
    return self.template.render(context)
           ~~~~~~~~~~~~~~~~~~~~^^^^^^^^^
  File "C:\Users\user\AppData\Roaming\Python\Python313\site-packages\django\template\base.py", line 171, in render
    return self._render(context)
           ~~~~~~~~~~~~^^^^^^^^^
  File "C:\Users\user\AppData\Roaming\Python\Python313\site-packages\django\template\base.py", line 163, in _render
    return self.nodelist.render(context)
           ~~~~~~~~~~~~~~~~~~~~^^^^^^^^^
  File "C:\Users\user\AppData\Roaming\Python\Python313\site-packages\django\template\base.py", line 1016, in render
    return SafeString("".join([node.render_annotated(context) for node in self]))
                               ~~~~~~~~~~~~~~~~~~~~~^^^^^^^^^
  File "C:\Users\user\AppData\Roaming\Python\Python313\site-packages\django\template\base.py", line 977, in render_annotated
    return self.render(context)
           ~~~~~~~~~~~^^^^^^^^^
  File "C:\Users\user\AppData\Roaming\Python\Python313\site-packages\django\template\defaulttags.py", line 480, in render
    url = reverse(view_name, args=args, kwargs=kwargs, current_app=current_app)
  File "C:\Users\user\AppData\Roaming\Python\Python313\site-packages\django\urls\base.py", line 98, in reverse
    resolved_url = resolver._reverse_with_prefix(view, prefix, *args, **kwargs)
  File "C:\Users\user\AppData\Roaming\Python\Python313\site-packages\django\urls\resolvers.py", line 831, in _reverse_with_prefix
    raise NoReverseMatch(msg)
django.urls.exceptions.NoReverseMatch: Reverse for '#' not found. '#' is not a valid view function or pattern name.
ERROR 2026-07-01 10:12:51,216 basehttp 5300 17560 "GET / HTTP/1.1" 500 229623
INFO 2026-07-01 10:13:56,040 basehttp 5300 17560 "GET / HTTP/1.1" 200 121672
WARNING 2026-07-01 10:13:56,927 log 5300 6664 Not Found: /builder/wishlist/data/test1/
WARNING 2026-07-01 10:13:56,930 basehttp 5300 6664 "GET /builder/wishlist/data/test1/ HTTP/1.1" 404 76465
INFO 2026-07-01 10:13:56,948 basehttp 5300 17560 "GET /builder/cart/data/test1/ HTTP/1.1" 200 297
INFO 2026-07-01 10:13:56,988 basehttp 5300 17560 "GET /variant_images/bootstrap-original-wordmark-8x.png HTTP/1.1" 304 0
INFO 2026-07-01 10:14:02,023 basehttp 5300 17560 "GET /builder/reviews/test1/1/ HTTP/1.1" 200 325
INFO 2026-07-01 10:14:24,621 basehttp 5300 17560 "POST /builder/review/submit/test1/ HTTP/1.1" 200 53
WARNING 2026-07-01 10:14:30,490 log 5300 17560 Not Found: /.well-known/appspecific/com.chrome.devtools.json
WARNING 2026-07-01 10:14:30,495 basehttp 5300 17560 "GET /.well-known/appspecific/com.chrome.devtools.json HTTP/1.1" 404 43255
INFO 2026-07-01 10:15:06,216 basehttp 5300 17560 "POST /builder/review/submit/test1/ HTTP/1.1" 200 53
INFO 2026-07-01 10:16:09,487 autoreload 5300 1636 D:\360ExtremeBrowserDownload\Test\venv\src\builder\views.py changed, reloading.
INFO 2026-07-01 10:16:14,555 autoreload 16760 11724 Watching for file changes with StatReloader
INFO 2026-07-01 10:16:16,319 basehttp 16760 4208 "POST /builder/review/submit/test1/ HTTP/1.1" 200 53
INFO 2026-07-01 10:16:19,600 basehttp 16760 4208 "POST /builder/review/submit/test1/ HTTP/1.1" 200 53
INFO 2026-07-01 10:16:30,660 autoreload 16760 11724 D:\360ExtremeBrowserDownload\Test\venv\src\builder\views.py changed, reloading.
INFO 2026-07-01 10:16:32,740 autoreload 19136 17352 Watching for file changes with StatReloader
INFO 2026-07-01 10:23:39,260 basehttp 19136 15496 "GET / HTTP/1.1" 200 121672
WARNING 2026-07-01 10:23:39,571 log 19136 15496 Not Found: /.well-known/appspecific/com.chrome.devtools.json
WARNING 2026-07-01 10:23:39,573 basehttp 19136 15496 "GET /.well-known/appspecific/com.chrome.devtools.json HTTP/1.1" 404 43255
WARNING 2026-07-01 10:23:40,613 log 19136 12084 Not Found: /builder/wishlist/data/test1/
WARNING 2026-07-01 10:23:40,616 basehttp 19136 12084 "GET /builder/wishlist/data/test1/ HTTP/1.1" 404 76465
INFO 2026-07-01 10:23:40,631 basehttp 19136 15496 "GET /builder/cart/data/test1/ HTTP/1.1" 200 297
INFO 2026-07-01 10:23:49,352 basehttp 19136 15496 "GET /builder/reviews/test1/1/ HTTP/1.1" 200 325
INFO 2026-07-01 10:24:09,591 basehttp 19136 15496 "POST /builder/review/submit/test1/ HTTP/1.1" 200 53
INFO 2026-07-01 10:24:48,642 basehttp 19136 10476 "GET /builder/reviews/test2/2/ HTTP/1.1" 200 129
INFO 2026-07-01 10:25:05,529 basehttp 19136 9852 "POST /builder/review/submit/test2/ HTTP/1.1" 200 53
INFO 2026-07-01 10:25:05,535 basehttp 19136 10476 "POST /builder/review/submit/test2/ HTTP/1.1" 200 53
INFO 2026-07-01 10:26:16,598 basehttp 19136 10476 "GET /?csrfmiddlewaretoken=MjYEKD98tQd8VwlxiRx6pialPyxXjmnIXLXW4Kn0SMkVDf5yDOiBJTUJrWkTasQJ HTTP/1.1" 200 116691
WARNING 2026-07-01 10:26:16,859 log 19136 10476 Not Found: /.well-known/appspecific/com.chrome.devtools.json
WARNING 2026-07-01 10:26:16,862 basehttp 19136 10476 "GET /.well-known/appspecific/com.chrome.devtools.json HTTP/1.1" 404 43255
INFO 2026-07-01 10:26:17,925 basehttp 19136 10476 "GET /builder/cart/data/test2/ HTTP/1.1" 200 58
WARNING 2026-07-01 10:26:17,977 log 19136 9852 Not Found: /builder/wishlist/data/test2/
WARNING 2026-07-01 10:26:17,979 basehttp 19136 9852 "GET /builder/wishlist/data/test2/ HTTP/1.1" 404 76465
INFO 2026-07-01 10:26:19,662 basehttp 19136 9852 "GET /builder/reviews/test2/2/ HTTP/1.1" 200 129
INFO 2026-07-01 10:26:35,187 basehttp 19136 9852 "POST /builder/review/submit/test2/ HTTP/1.1" 200 53
INFO 2026-07-01 10:26:35,191 basehttp 19136 10476 "POST /builder/review/submit/test2/ HTTP/1.1" 200 53
WARNING 2026-07-01 10:26:44,014 log 19136 10476 Not Found: /.well-known/appspecific/com.chrome.devtools.json
WARNING 2026-07-01 10:26:44,096 basehttp 19136 10476 "GET /.well-known/appspecific/com.chrome.devtools.json HTTP/1.1" 404 43255
WARNING 2026-07-01 10:26:45,088 log 19136 10476 Not Found: /.well-known/appspecific/com.chrome.devtools.json
WARNING 2026-07-01 10:26:45,094 basehttp 19136 10476 "GET /.well-known/appspecific/com.chrome.devtools.json HTTP/1.1" 404 43255
WARNING 2026-07-01 10:26:46,119 log 19136 10476 Not Found: /.well-known/appspecific/com.chrome.devtools.json
WARNING 2026-07-01 10:26:46,131 basehttp 19136 10476 "GET /.well-known/appspecific/com.chrome.devtools.json HTTP/1.1" 404 43255
INFO 2026-07-01 10:26:48,327 basehttp 19136 10476 "GET / HTTP/1.1" 200 116691
WARNING 2026-07-01 10:26:48,460 log 19136 10476 Not Found: /.well-known/appspecific/com.chrome.devtools.json
WARNING 2026-07-01 10:26:48,462 basehttp 19136 10476 "GET /.well-known/appspecific/com.chrome.devtools.json HTTP/1.1" 404 43255
WARNING 2026-07-01 10:26:49,452 log 19136 9852 Not Found: /builder/wishlist/data/test2/
INFO 2026-07-01 10:26:49,453 basehttp 19136 10476 "GET /builder/cart/data/test2/ HTTP/1.1" 200 58
WARNING 2026-07-01 10:26:49,454 basehttp 19136 9852 "GET /builder/wishlist/data/test2/ HTTP/1.1" 404 76465
INFO 2026-07-01 10:26:52,492 basehttp 19136 9852 "GET /builder/reviews/test2/2/ HTTP/1.1" 200 129
INFO 2026-07-01 10:27:07,070 basehttp 19136 10476 "POST /builder/review/submit/test2/ HTTP/1.1" 200 53
INFO 2026-07-01 10:27:07,074 basehttp 19136 9852 "POST /builder/review/submit/test2/ HTTP/1.1" 200 53
INFO 2026-07-01 10:29:03,559 basehttp 19136 10476 "POST /builder/review/submit/test2/ HTTP/1.1" 200 53
INFO 2026-07-01 10:29:03,560 basehttp 19136 9852 "POST /builder/review/submit/test2/ HTTP/1.1" 200 53
INFO 2026-07-01 10:31:13,181 basehttp 19136 9852 "GET / HTTP/1.1" 200 116737
WARNING 2026-07-01 10:31:14,399 log 19136 17908 Not Found: /.well-known/appspecific/com.chrome.devtools.json
WARNING 2026-07-01 10:31:14,401 basehttp 19136 17908 "GET /.well-known/appspecific/com.chrome.devtools.json HTTP/1.1" 404 43255
WARNING 2026-07-01 10:31:14,725 log 19136 10476 Not Found: /builder/wishlist/data/test2/
WARNING 2026-07-01 10:31:14,737 basehttp 19136 10476 "GET /builder/wishlist/data/test2/ HTTP/1.1" 404 76465
INFO 2026-07-01 10:31:14,754 basehttp 19136 9852 "GET /builder/cart/data/test2/ HTTP/1.1" 200 58
INFO 2026-07-01 10:31:15,141 basehttp 19136 17908 "GET /builder/reviews/test2/2/ HTTP/1.1" 200 129
INFO 2026-07-01 10:32:24,685 basehttp 19136 17908 "POST /builder/review/submit/test2/ HTTP/1.1" 200 53
INFO 2026-07-01 10:32:25,547 basehttp 19136 17908 "POST /builder/review/submit/test2/ HTTP/1.1" 200 53
INFO 2026-07-01 10:32:29,813 basehttp 19136 17908 "GET / HTTP/1.1" 200 116549
WARNING 2026-07-01 10:32:30,037 log 19136 17908 Not Found: /.well-known/appspecific/com.chrome.devtools.json
WARNING 2026-07-01 10:32:30,147 basehttp 19136 17908 "GET /.well-known/appspecific/com.chrome.devtools.json HTTP/1.1" 404 43255
INFO 2026-07-01 10:32:30,256 basehttp 19136 9852 "GET /builder/cart/data/test2/ HTTP/1.1" 200 58
WARNING 2026-07-01 10:32:30,700 log 19136 10476 Not Found: /builder/wishlist/data/test2/
WARNING 2026-07-01 10:32:30,702 basehttp 19136 10476 "GET /builder/wishlist/data/test2/ HTTP/1.1" 404 76465
INFO 2026-07-01 10:32:31,420 basehttp 19136 10476 "GET /builder/reviews/test2/2/ HTTP/1.1" 200 129
INFO 2026-07-01 10:32:51,165 basehttp 19136 10476 "POST /builder/review/submit/test2/ HTTP/1.1" 200 53
INFO 2026-07-01 10:32:52,455 basehttp 19136 10476 "POST /builder/review/submit/test2/ HTTP/1.1" 200 53
INFO 2026-07-01 10:33:20,598 basehttp 19136 10476 "POST /builder/review/submit/test2/ HTTP/1.1" 200 53
INFO 2026-07-01 10:33:21,287 basehttp 19136 10476 "POST /builder/review/submit/test2/ HTTP/1.1" 200 53
INFO 2026-07-01 10:38:00,648 basehttp 19136 10476 "GET / HTTP/1.1" 200 116892
WARNING 2026-07-01 10:38:00,812 log 19136 10476 Not Found: /.well-known/appspecific/com.chrome.devtools.json
WARNING 2026-07-01 10:38:00,851 basehttp 19136 10476 "GET /.well-known/appspecific/com.chrome.devtools.json HTTP/1.1" 404 43255
WARNING 2026-07-01 10:38:01,805 log 19136 10476 Not Found: /builder/wishlist/data/test2/
WARNING 2026-07-01 10:38:01,816 basehttp 19136 10476 "GET /builder/wishlist/data/test2/ HTTP/1.1" 404 76465
INFO 2026-07-01 10:38:01,825 basehttp 19136 10092 "GET /builder/cart/data/test2/ HTTP/1.1" 200 58
INFO 2026-07-01 10:38:02,487 basehttp 19136 10092 "GET /builder/reviews/test2/2/ HTTP/1.1" 200 129
INFO 2026-07-01 10:38:20,743 basehttp 19136 10092 "POST /builder/review/submit/test2/ HTTP/1.1" 200 53
INFO 2026-07-01 10:38:26,013 basehttp 19136 10092 "POST /builder/review/submit/test2/ HTTP/1.1" 200 53
INFO 2026-07-01 10:39:44,232 basehttp 19136 10092 "GET / HTTP/1.1" 200 116905
WARNING 2026-07-01 10:39:44,404 log 19136 10092 Not Found: /.well-known/appspecific/com.chrome.devtools.json
WARNING 2026-07-01 10:39:44,428 basehttp 19136 10092 "GET /.well-known/appspecific/com.chrome.devtools.json HTTP/1.1" 404 43255
INFO 2026-07-01 10:39:45,268 basehttp 19136 10476 "GET /builder/cart/data/test2/ HTTP/1.1" 200 58
WARNING 2026-07-01 10:39:45,647 log 19136 10092 Not Found: /builder/wishlist/data/test2/
WARNING 2026-07-01 10:39:45,649 basehttp 19136 10092 "GET /builder/wishlist/data/test2/ HTTP/1.1" 404 76465
INFO 2026-07-01 10:39:45,735 basehttp 19136 10092 "GET /builder/reviews/test2/2/ HTTP/1.1" 200 129
INFO 2026-07-01 10:40:02,359 basehttp 19136 10092 "POST /builder/review/submit/test2/ HTTP/1.1" 200 53
INFO 2026-07-01 10:40:03,040 basehttp 19136 10092 "POST /builder/review/submit/test2/ HTTP/1.1" 200 53
INFO 2026-07-01 10:41:29,507 basehttp 19136 1636 "GET / HTTP/1.1" 200 116909
WARNING 2026-07-01 10:41:29,666 log 19136 1636 Not Found: /.well-known/appspecific/com.chrome.devtools.json
WARNING 2026-07-01 10:41:29,866 basehttp 19136 1636 "GET /.well-known/appspecific/com.chrome.devtools.json HTTP/1.1" 404 43255
WARNING 2026-07-01 10:41:30,793 log 19136 18048 Not Found: /builder/wishlist/data/test2/
INFO 2026-07-01 10:41:30,794 basehttp 19136 7232 "GET /builder/cart/data/test2/ HTTP/1.1" 200 58
WARNING 2026-07-01 10:41:30,795 basehttp 19136 18048 "GET /builder/wishlist/data/test2/ HTTP/1.1" 404 76465
INFO 2026-07-01 10:41:31,608 basehttp 19136 18048 "GET /builder/reviews/test2/2/ HTTP/1.1" 200 129
INFO 2026-07-01 10:41:47,821 basehttp 19136 18048 "POST /builder/review/submit/test2/ HTTP/1.1" 200 53
INFO 2026-07-01 10:41:49,067 basehttp 19136 18048 "POST /builder/review/submit/test2/ HTTP/1.1" 200 53
INFO 2026-07-01 10:42:45,175 basehttp 19136 18048 "GET / HTTP/1.1" 200 116903
WARNING 2026-07-01 10:42:45,305 log 19136 18048 Not Found: /.well-known/appspecific/com.chrome.devtools.json
WARNING 2026-07-01 10:42:45,309 basehttp 19136 18048 "GET /.well-known/appspecific/com.chrome.devtools.json HTTP/1.1" 404 43255
WARNING 2026-07-01 10:42:46,252 log 19136 7232 Not Found: /builder/wishlist/data/test2/
WARNING 2026-07-01 10:42:46,258 basehttp 19136 7232 "GET /builder/wishlist/data/test2/ HTTP/1.1" 404 76465
INFO 2026-07-01 10:42:46,266 basehttp 19136 18048 "GET /builder/cart/data/test2/ HTTP/1.1" 200 58
INFO 2026-07-01 10:42:46,705 basehttp 19136 18048 "GET /builder/reviews/test2/2/ HTTP/1.1" 200 129
INFO 2026-07-01 10:43:03,360 basehttp 19136 18048 "POST /builder/review/submit/test2/ HTTP/1.1" 200 53
INFO 2026-07-01 10:43:04,159 basehttp 19136 18048 "POST /builder/review/submit/test2/ HTTP/1.1" 200 53
INFO 2026-07-01 10:45:05,032 basehttp 19136 18048 "GET / HTTP/1.1" 200 116931
WARNING 2026-07-01 10:45:05,182 log 19136 18048 Not Found: /.well-known/appspecific/com.chrome.devtools.json
WARNING 2026-07-01 10:45:05,190 basehttp 19136 18048 "GET /.well-known/appspecific/com.chrome.devtools.json HTTP/1.1" 404 43255
WARNING 2026-07-01 10:45:06,242 log 19136 7232 Not Found: /builder/wishlist/data/test2/
WARNING 2026-07-01 10:45:06,244 basehttp 19136 7232 "GET /builder/wishlist/data/test2/ HTTP/1.1" 404 76465
INFO 2026-07-01 10:45:06,245 basehttp 19136 18048 "GET /builder/cart/data/test2/ HTTP/1.1" 200 58
INFO 2026-07-01 10:45:07,259 basehttp 19136 18048 "GET /builder/reviews/test2/2/ HTTP/1.1" 200 129
INFO 2026-07-01 10:45:24,167 basehttp 19136 18048 "POST /builder/review/submit/test2/ HTTP/1.1" 200 53
INFO 2026-07-01 10:45:25,716 basehttp 19136 18048 "POST /builder/review/submit/test2/ HTTP/1.1" 200 53
INFO 2026-07-01 10:46:04,816 basehttp 19136 18048 "GET / HTTP/1.1" 200 116930
WARNING 2026-07-01 10:46:04,972 log 19136 18048 Not Found: /.well-known/appspecific/com.chrome.devtools.json
WARNING 2026-07-01 10:46:05,035 basehttp 19136 18048 "GET /.well-known/appspecific/com.chrome.devtools.json HTTP/1.1" 404 43255
INFO 2026-07-01 10:46:05,673 basehttp 19136 7232 "GET /builder/cart/data/test2/ HTTP/1.1" 200 58
WARNING 2026-07-01 10:46:06,020 log 19136 1636 Not Found: /builder/wishlist/data/test2/
WARNING 2026-07-01 10:46:06,021 basehttp 19136 1636 "GET /builder/wishlist/data/test2/ HTTP/1.1" 404 76465
INFO 2026-07-01 10:46:06,346 basehttp 19136 1636 "GET /builder/reviews/test2/2/ HTTP/1.1" 200 129
INFO 2026-07-01 10:46:20,785 basehttp 19136 1636 "POST /builder/review/submit/test2/ HTTP/1.1" 200 53
INFO 2026-07-01 10:46:21,477 basehttp 19136 1636 "POST /builder/review/submit/test2/ HTTP/1.1" 200 53
INFO 2026-07-01 10:47:48,205 basehttp 19136 1636 "GET / HTTP/1.1" 200 116931
WARNING 2026-07-01 10:47:48,373 log 19136 1636 Not Found: /.well-known/appspecific/com.chrome.devtools.json
WARNING 2026-07-01 10:47:48,390 basehttp 19136 1636 "GET /.well-known/appspecific/com.chrome.devtools.json HTTP/1.1" 404 43255
WARNING 2026-07-01 10:47:49,344 log 19136 1636 Not Found: /builder/wishlist/data/test2/
INFO 2026-07-01 10:47:49,346 basehttp 19136 7232 "GET /builder/cart/data/test2/ HTTP/1.1" 200 58
WARNING 2026-07-01 10:47:49,346 basehttp 19136 1636 "GET /builder/wishlist/data/test2/ HTTP/1.1" 404 76465
INFO 2026-07-01 10:47:49,859 basehttp 19136 1636 "GET /builder/reviews/test2/2/ HTTP/1.1" 200 129
INFO 2026-07-01 10:48:05,955 basehttp 19136 1636 "POST /builder/review/submit/test2/ HTTP/1.1" 200 53
INFO 2026-07-01 10:48:06,746 basehttp 19136 1636 "POST /builder/review/submit/test2/ HTTP/1.1" 200 53
INFO 2026-07-01 10:48:07,223 basehttp 19136 7232 "GET /builder/reviews/test2/2/ HTTP/1.1" 200 129
INFO 2026-07-01 10:48:07,290 basehttp 19136 7232 "GET /builder/reviews/test2/2/ HTTP/1.1" 200 129
INFO 2026-07-01 10:48:45,463 basehttp 19136 7232 "GET / HTTP/1.1" 200 116931
WARNING 2026-07-01 10:48:46,018 log 19136 1636 Not Found: /builder/wishlist/data/test2/
WARNING 2026-07-01 10:48:46,023 basehttp 19136 1636 "GET /builder/wishlist/data/test2/ HTTP/1.1" 404 76465
INFO 2026-07-01 10:48:46,966 basehttp 19136 7232 "GET /builder/cart/data/test2/ HTTP/1.1" 200 58
INFO 2026-07-01 10:48:47,118 basehttp 19136 7232 "GET /builder/reviews/test2/2/ HTTP/1.1" 200 129
INFO 2026-07-01 10:54:05,919 basehttp 19136 9180 "GET / HTTP/1.1" 200 116693
WARNING 2026-07-01 10:54:06,747 log 19136 1804 Not Found: /builder/wishlist/data/test2/
WARNING 2026-07-01 10:54:06,752 basehttp 19136 1804 "GET /builder/wishlist/data/test2/ HTTP/1.1" 404 76465
INFO 2026-07-01 10:54:06,757 basehttp 19136 9180 "GET /builder/cart/data/test2/ HTTP/1.1" 200 58
INFO 2026-07-01 10:54:07,823 basehttp 19136 9180 "GET /builder/reviews/test2/2/ HTTP/1.1" 200 129
INFO 2026-07-01 10:54:14,698 basehttp 19136 13040 "GET / HTTP/1.1" 200 121672
WARNING 2026-07-01 10:54:14,830 log 19136 13040 Not Found: /.well-known/appspecific/com.chrome.devtools.json
WARNING 2026-07-01 10:54:14,955 basehttp 19136 13040 "GET /.well-known/appspecific/com.chrome.devtools.json HTTP/1.1" 404 43255
INFO 2026-07-01 10:54:15,486 basehttp 19136 4540 "GET /builder/cart/data/test1/ HTTP/1.1" 200 297
WARNING 2026-07-01 10:54:15,935 log 19136 14308 Not Found: /builder/wishlist/data/test1/
WARNING 2026-07-01 10:54:15,936 basehttp 19136 14308 "GET /builder/wishlist/data/test1/ HTTP/1.1" 404 76465
INFO 2026-07-01 10:54:16,891 basehttp 19136 14308 "GET /builder/reviews/test1/1/ HTTP/1.1" 200 325
INFO 2026-07-01 10:54:37,523 basehttp 19136 14308 "POST /builder/review/submit/test1/ HTTP/1.1" 200 53
INFO 2026-07-01 11:58:07,147 basehttp 19136 4956 "GET / HTTP/1.1" 200 121672
WARNING 2026-07-01 11:58:07,318 log 19136 4956 Not Found: /.well-known/appspecific/com.chrome.devtools.json
WARNING 2026-07-01 11:58:07,456 basehttp 19136 4956 "GET /.well-known/appspecific/com.chrome.devtools.json HTTP/1.1" 404 43255
INFO 2026-07-01 11:58:08,054 basehttp 19136 15528 "GET /builder/cart/data/test1/ HTTP/1.1" 200 297
WARNING 2026-07-01 11:58:08,434 log 19136 9124 Not Found: /builder/wishlist/data/test1/
WARNING 2026-07-01 11:58:08,437 basehttp 19136 9124 "GET /builder/wishlist/data/test1/ HTTP/1.1" 404 76465
INFO 2026-07-01 11:58:17,888 basehttp 19136 9124 "GET /builder/reviews/test1/1/ HTTP/1.1" 200 325
INFO 2026-07-01 11:58:25,330 basehttp 19136 9124 "GET /builder/reviews/test1/1/ HTTP/1.1" 200 325
INFO 2026-07-01 11:58:43,436 basehttp 19136 9124 "POST /builder/review/submit/test1/ HTTP/1.1" 200 53
INFO 2026-07-01 13:59:01,588 basehttp 19136 12680 "GET / HTTP/1.1" 200 123999
WARNING 2026-07-01 13:59:01,760 log 19136 12680 Not Found: /.well-known/appspecific/com.chrome.devtools.json
WARNING 2026-07-01 13:59:01,811 basehttp 19136 12680 "GET /.well-known/appspecific/com.chrome.devtools.json HTTP/1.1" 404 43255
WARNING 2026-07-01 13:59:03,332 log 19136 5532 Not Found: /builder/wishlist/data/test1/
WARNING 2026-07-01 13:59:03,336 basehttp 19136 5532 "GET /builder/wishlist/data/test1/ HTTP/1.1" 404 76465
INFO 2026-07-01 13:59:03,370 basehttp 19136 12680 "GET /builder/cart/data/test1/ HTTP/1.1" 200 297
INFO 2026-07-01 13:59:03,437 basehttp 19136 12680 "GET /builder/cart/data/test1/ HTTP/1.1" 200 297
INFO 2026-07-01 13:59:08,407 basehttp 19136 12680 "GET /builder/reviews/test1/1/ HTTP/1.1" 200 325
INFO 2026-07-01 13:59:26,258 basehttp 19136 12680 "POST /builder/review/submit/test1/ HTTP/1.1" 200 53
INFO 2026-07-01 13:59:52,730 basehttp 19136 12680 "GET / HTTP/1.1" 200 123999
WARNING 2026-07-01 13:59:52,857 log 19136 12680 Not Found: /.well-known/appspecific/com.chrome.devtools.json
WARNING 2026-07-01 13:59:52,859 basehttp 19136 12680 "GET /.well-known/appspecific/com.chrome.devtools.json HTTP/1.1" 404 43255
INFO 2026-07-01 13:59:53,527 basehttp 19136 12680 "GET /static/builder/js/cart-manager.js HTTP/1.1" 200 36069
WARNING 2026-07-01 13:59:54,050 log 19136 5532 Not Found: /builder/wishlist/data/test1/
WARNING 2026-07-01 13:59:54,051 basehttp 19136 5532 "GET /builder/wishlist/data/test1/ HTTP/1.1" 404 76465
WARNING 2026-07-01 13:59:54,468 log 19136 5532 Not Found: /favicon.ico
WARNING 2026-07-01 13:59:54,471 basehttp 19136 5532 "GET /favicon.ico HTTP/1.1" 404 43107
INFO 2026-07-01 13:59:54,480 basehttp 19136 7536 "GET /builder/cart/data/test1/ HTTP/1.1" 200 297
INFO 2026-07-01 13:59:54,500 basehttp 19136 12680 "GET /builder/cart/data/test1/ HTTP/1.1" 200 297
INFO 2026-07-01 13:59:58,812 basehttp 19136 12680 "GET /builder/reviews/test1/1/ HTTP/1.1" 200 325
INFO 2026-07-01 14:00:20,527 basehttp 19136 12680 "POST /builder/review/submit/test1/ HTTP/1.1" 200 53
INFO 2026-07-01 14:05:44,669 basehttp 19136 15732 "GET / HTTP/1.1" 200 124421
WARNING 2026-07-01 14:05:44,795 log 19136 15732 Not Found: /.well-known/appspecific/com.chrome.devtools.json
WARNING 2026-07-01 14:05:44,800 basehttp 19136 15732 "GET /.well-known/appspecific/com.chrome.devtools.json HTTP/1.1" 404 43255
INFO 2026-07-01 14:05:45,108 basehttp 19136 15732 "GET /static/builder/js/cart-manager.js HTTP/1.1" 200 36069
WARNING 2026-07-01 14:05:46,206 log 19136 16868 Not Found: /builder/wishlist/data/test1/
WARNING 2026-07-01 14:05:46,212 basehttp 19136 16868 "GET /builder/wishlist/data/test1/ HTTP/1.1" 404 76465
INFO 2026-07-01 14:05:46,224 basehttp 19136 15732 "GET /builder/cart/data/test1/ HTTP/1.1" 200 297
INFO 2026-07-01 14:05:46,231 basehttp 19136 15188 "GET /builder/cart/data/test1/ HTTP/1.1" 200 297
WARNING 2026-07-01 14:05:46,375 log 19136 15188 Not Found: /favicon.ico
WARNING 2026-07-01 14:05:46,387 basehttp 19136 15188 "GET /favicon.ico HTTP/1.1" 404 43107
INFO 2026-07-01 14:05:50,480 basehttp 19136 15188 "GET /builder/reviews/test1/1/ HTTP/1.1" 200 325
INFO 2026-07-01 14:06:08,888 basehttp 19136 15188 "POST /builder/review/submit/test1/ HTTP/1.1" 200 77
INFO 2026-07-01 14:06:09,267 basehttp 19136 15188 "GET /builder/reviews/test1/1/ HTTP/1.1" 200 502
INFO 2026-07-01 14:13:15,861 basehttp 19136 13628 "GET / HTTP/1.1" 200 116359
WARNING 2026-07-01 14:13:16,654 log 19136 12600 Not Found: /builder/wishlist/data/test2/
WARNING 2026-07-01 14:13:16,657 basehttp 19136 12600 "GET /builder/wishlist/data/test2/ HTTP/1.1" 404 76465
INFO 2026-07-01 14:13:17,098 basehttp 19136 13628 "GET /builder/cart/data/test2/ HTTP/1.1" 200 58
WARNING 2026-07-01 14:13:17,761 log 19136 13628 Not Found: /favicon.ico
WARNING 2026-07-01 14:13:17,762 basehttp 19136 13628 "GET /favicon.ico HTTP/1.1" 404 43107
INFO 2026-07-01 14:13:19,604 basehttp 19136 13628 "GET /variant_images/11448a7a96ee808a3cdbaf0df9570976.webp HTTP/1.1" 304 0
INFO 2026-07-01 14:13:19,606 basehttp 19136 12600 "GET /builder/reviews/test2/2/ HTTP/1.1" 200 129
INFO 2026-07-01 14:13:22,354 basehttp 19136 12600 "GET /variant_images/css-logo.png HTTP/1.1" 304 0
INFO 2026-07-01 14:13:38,442 basehttp 19136 12600 "POST /builder/review/submit/test2/ HTTP/1.1" 200 53
WARNING 2026-07-01 14:13:49,129 log 19136 12600 Not Found: /.well-known/appspecific/com.chrome.devtools.json
WARNING 2026-07-01 14:13:49,131 basehttp 19136 12600 "GET /.well-known/appspecific/com.chrome.devtools.json HTTP/1.1" 404 43255
INFO 2026-07-01 14:22:34,924 basehttp 19136 8916 "GET / HTTP/1.1" 200 116359
WARNING 2026-07-01 14:22:35,114 log 19136 8916 Not Found: /.well-known/appspecific/com.chrome.devtools.json
WARNING 2026-07-01 14:22:35,218 basehttp 19136 8916 "GET /.well-known/appspecific/com.chrome.devtools.json HTTP/1.1" 404 43255
INFO 2026-07-01 14:22:35,806 basehttp 19136 12084 "GET /builder/cart/data/test2/ HTTP/1.1" 200 58
WARNING 2026-07-01 14:22:36,339 log 19136 6752 Not Found: /builder/wishlist/data/test2/
WARNING 2026-07-01 14:22:36,340 basehttp 19136 6752 "GET /builder/wishlist/data/test2/ HTTP/1.1" 404 76465
INFO 2026-07-01 14:22:39,961 basehttp 19136 6752 "GET /builder/reviews/test2/2/ HTTP/1.1" 200 129
INFO 2026-07-01 14:23:00,756 basehttp 19136 6752 "POST /builder/review/submit/test2/ HTTP/1.1" 200 53
INFO 2026-07-01 14:46:09,021 basehttp 19136 7904 "GET / HTTP/1.1" 200 117308
WARNING 2026-07-01 14:46:09,203 log 19136 7904 Not Found: /.well-known/appspecific/com.chrome.devtools.json
WARNING 2026-07-01 14:46:09,262 basehttp 19136 7904 "GET /.well-known/appspecific/com.chrome.devtools.json HTTP/1.1" 404 43255
WARNING 2026-07-01 14:46:10,067 log 19136 11920 Not Found: /builder/wishlist/data/test2/
WARNING 2026-07-01 14:46:10,068 basehttp 19136 11920 "GET /builder/wishlist/data/test2/ HTTP/1.1" 404 76465
INFO 2026-07-01 14:46:10,435 basehttp 19136 17580 "GET /builder/cart/data/test2/ HTTP/1.1" 200 58
INFO 2026-07-01 14:46:12,871 basehttp 19136 17580 "GET /builder/reviews/test2/2/ HTTP/1.1" 200 129
INFO 2026-07-01 14:46:29,954 basehttp 19136 17580 "POST /builder/review/submit/test2/ HTTP/1.1" 200 53
INFO 2026-07-01 14:50:19,421 basehttp 19136 17580 "GET / HTTP/1.1" 200 116719
WARNING 2026-07-01 14:50:19,563 log 19136 17580 Not Found: /.well-known/appspecific/com.chrome.devtools.json
WARNING 2026-07-01 14:50:19,574 basehttp 19136 17580 "GET /.well-known/appspecific/com.chrome.devtools.json HTTP/1.1" 404 43255
INFO 2026-07-01 14:50:20,131 basehttp 19136 11920 "GET /builder/cart/data/test2/ HTTP/1.1" 200 58
WARNING 2026-07-01 14:50:20,474 log 19136 17580 Not Found: /builder/wishlist/data/test2/
WARNING 2026-07-01 14:50:20,475 basehttp 19136 17580 "GET /builder/wishlist/data/test2/ HTTP/1.1" 404 76465
INFO 2026-07-01 14:50:24,547 basehttp 19136 17580 "GET /builder/reviews/test2/2/ HTTP/1.1" 200 129
INFO 2026-07-01 14:50:40,886 basehttp 19136 17580 "POST /builder/review/submit/test2/ HTTP/1.1" 200 77
INFO 2026-07-01 14:50:41,288 basehttp 19136 17580 "GET /builder/reviews/test2/2/ HTTP/1.1" 200 314
INFO 2026-07-01 14:51:04,489 basehttp 19136 17580 "POST /builder/cart/add/test2/ HTTP/1.1" 200 94
INFO 2026-07-01 14:51:05,108 basehttp 19136 17580 "GET /builder/cart/data/test2/ HTTP/1.1" 200 299
INFO 2026-07-01 14:52:14,882 basehttp 19136 10260 "POST /builder/submit-form/test2/ HTTP/1.1" 200 59
INFO 2026-07-01 14:52:35,731 basehttp 19136 2316 "GET /?csrfmiddlewaretoken=kH9q1tYEfGKjpZxdrfwniLVdjRIMuzyUYLZy8etme9GZyGVahMh1drfXRKq9Qfv8 HTTP/1.1" 200 124421
INFO 2026-07-01 14:52:36,351 basehttp 19136 2316 "GET /builder/cart/data/test1/ HTTP/1.1" 200 297
WARNING 2026-07-01 14:52:36,714 log 19136 14120 Not Found: /builder/wishlist/data/test1/
WARNING 2026-07-01 14:52:36,719 basehttp 19136 14120 "GET /builder/wishlist/data/test1/ HTTP/1.1" 404 76465
INFO 2026-07-01 14:52:36,741 basehttp 19136 2316 "GET /builder/cart/data/test1/ HTTP/1.1" 200 297
WARNING 2026-07-01 14:53:11,054 log 19136 2316 Not Found: /.well-known/appspecific/com.chrome.devtools.json
WARNING 2026-07-01 14:53:11,078 basehttp 19136 2316 "GET /.well-known/appspecific/com.chrome.devtools.json HTTP/1.1" 404 43255
INFO 2026-07-01 14:53:49,244 basehttp 19136 10260 "POST /builder/submit-form/test2/ HTTP/1.1" 200 59
INFO 2026-07-01 14:54:33,140 basehttp 19136 2316 "GET /?csrfmiddlewaretoken=PHCBQYfaLqFw0jwhczAc5W4qKf44mTIItLsJXJKSKTBc90Ue26lQ0Coai8MrIzFW HTTP/1.1" 200 124421
WARNING 2026-07-01 14:54:33,347 log 19136 2316 Not Found: /.well-known/appspecific/com.chrome.devtools.json
WARNING 2026-07-01 14:54:33,383 basehttp 19136 2316 "GET /.well-known/appspecific/com.chrome.devtools.json HTTP/1.1" 404 43255
INFO 2026-07-01 14:54:34,155 basehttp 19136 2316 "GET /builder/cart/data/test1/ HTTP/1.1" 200 297
WARNING 2026-07-01 14:54:34,695 log 19136 14120 Not Found: /builder/wishlist/data/test1/
INFO 2026-07-01 14:54:34,699 basehttp 19136 2316 "GET /builder/cart/data/test1/ HTTP/1.1" 200 297
WARNING 2026-07-01 14:54:34,699 basehttp 19136 14120 "GET /builder/wishlist/data/test1/ HTTP/1.1" 404 76465
INFO 2026-07-01 14:59:59,507 basehttp 19136 17400 "GET /admin/builder/publishedpage/ HTTP/1.1" 200 46008
INFO 2026-07-01 14:59:59,595 basehttp 19136 17400 "GET /admin/jsi18n/ HTTP/1.1" 200 3342
INFO 2026-07-01 14:59:59,599 basehttp 19136 19436 "GET /static/admin/img/search.svg HTTP/1.1" 200 458
WARNING 2026-07-01 14:59:59,790 log 19136 19436 Not Found: /favicon.ico
WARNING 2026-07-01 14:59:59,791 basehttp 19136 19436 "GET /favicon.ico HTTP/1.1" 404 43101
INFO 2026-07-01 15:00:08,589 basehttp 19136 19436 "GET /admin/builder/template/ HTTP/1.1" 200 42064
INFO 2026-07-01 15:00:08,649 basehttp 19136 19436 "GET /admin/jsi18n/ HTTP/1.1" 200 3342
INFO 2026-07-01 15:00:11,568 basehttp 19136 19436 "GET /admin/builder/template/add/ HTTP/1.1" 200 51155
INFO 2026-07-01 15:00:11,616 basehttp 19136 19436 "GET /admin/jsi18n/ HTTP/1.1" 200 3342
INFO 2026-07-01 15:01:00,723 basehttp 19136 19436 "POST /admin/builder/template/add/ HTTP/1.1" 302 0
INFO 2026-07-01 15:01:00,800 basehttp 19136 19436 "GET /admin/builder/template/ HTTP/1.1" 200 42609
INFO 2026-07-01 15:01:00,943 basehttp 19136 19436 "GET /admin/jsi18n/ HTTP/1.1" 200 3342
INFO 2026-07-01 15:05:14,315 basehttp 19136 11740 "GET /templates/ HTTP/1.1" 200 41719
INFO 2026-07-01 15:05:19,085 basehttp 19136 11740 "GET /editor/ModernEcommerce29/ HTTP/1.1" 200 595457
INFO 2026-07-01 15:05:19,335 basehttp 19136 11868 "GET /builder/api/color-palettes/ HTTP/1.1" 200 86
INFO 2026-07-01 15:05:19,366 basehttp 19136 11740 "GET /builder/get-components/ HTTP/1.1" 200 23001
INFO 2026-07-01 15:05:19,421 basehttp 19136 11740 "GET /builder/load-template/ModernEcommerce29/?page=home HTTP/1.1" 200 52313
INFO 2026-07-01 15:05:19,446 basehttp 19136 11868 "GET /builder/api/color-palettes/ HTTP/1.1" 200 86
INFO 2026-07-01 15:05:19,828 basehttp 19136 11868 "GET /builder/api/template-color-variables/ModernEcommerce29/ HTTP/1.1" 200 132
INFO 2026-07-01 15:07:15,931 basehttp 19136 11868 "POST /builder/publish/ HTTP/1.1" 200 191
INFO 2026-07-01 15:07:17,660 basehttp 19136 11868 "GET /builder/dashboard/ HTTP/1.1" 200 46534
INFO 2026-07-01 15:07:24,279 basehttp 19136 9336 "GET / HTTP/1.1" 200 71754
INFO 2026-07-01 15:07:25,567 basehttp 19136 9336 "GET /builder/cart/data/test3/ HTTP/1.1" 200 58
WARNING 2026-07-01 15:07:26,107 log 19136 5624 Not Found: /builder/wishlist/data/test3/
WARNING 2026-07-01 15:07:26,121 basehttp 19136 5624 "GET /builder/wishlist/data/test3/ HTTP/1.1" 404 76465
WARNING 2026-07-01 15:07:26,267 log 19136 5624 Not Found: /favicon.ico
WARNING 2026-07-01 15:07:26,269 basehttp 19136 5624 "GET /favicon.ico HTTP/1.1" 404 43107
INFO 2026-07-01 15:09:06,935 basehttp 19136 18268 "GET /manage-products/test3/ HTTP/1.1" 200 70849
INFO 2026-07-01 15:12:11,413 basehttp 19136 18268 "POST /add-product-simple/test3/ HTTP/1.1" 200 50
INFO 2026-07-01 15:12:43,413 basehttp 19136 18268 "POST /add-product-simple/test3/ HTTP/1.1" 200 34
INFO 2026-07-01 15:12:45,008 basehttp 19136 18268 "GET /manage-products/test3/ HTTP/1.1" 200 75010
INFO 2026-07-01 15:12:53,433 basehttp 19136 18268 "GET /product-editor/test3/3/ HTTP/1.1" 200 80868
INFO 2026-07-01 15:12:55,872 basehttp 19136 18268 "GET /variants/test3/3/ HTTP/1.1" 200 58543
INFO 2026-07-01 15:13:34,780 basehttp 19136 18268 "POST /builder/api/add-variant-simple/test3/3/ HTTP/1.1" 200 148
INFO 2026-07-01 15:13:35,339 basehttp 19136 18268 "GET /variants/test3/3/ HTTP/1.1" 200 59870
INFO 2026-07-01 15:13:35,388 basehttp 19136 18268 "GET /variant_images/11448a7a96ee808a3cdbaf0df9570976_NZe6dcA.webp HTTP/1.1" 200 8006
INFO 2026-07-01 15:14:11,293 basehttp 19136 18268 "POST /builder/api/add-variant-simple/test3/3/ HTTP/1.1" 200 146
INFO 2026-07-01 15:14:11,896 basehttp 19136 18268 "GET /variants/test3/3/ HTTP/1.1" 200 61754
INFO 2026-07-01 15:14:11,949 basehttp 19136 16988 "GET /variant_images/11448a7a96ee808a3cdbaf0df9570976_NZe6dcA.webp HTTP/1.1" 304 0
INFO 2026-07-01 15:14:11,949 basehttp 19136 18268 "GET /variant_images/1_NyBwnrM-CmtCeb1Ds5119w.png HTTP/1.1" 200 45429
INFO 2026-07-01 15:15:09,646 basehttp 19136 15076 "GET / HTTP/1.1" 200 73915
INFO 2026-07-01 15:15:10,190 basehttp 19136 15076 "GET /builder/cart/data/test3/ HTTP/1.1" 200 58
WARNING 2026-07-01 15:15:10,608 log 19136 15312 Not Found: /builder/wishlist/data/test3/
WARNING 2026-07-01 15:15:10,610 basehttp 19136 15312 "GET /builder/wishlist/data/test3/ HTTP/1.1" 404 76465
INFO 2026-07-01 15:15:17,290 basehttp 19136 15076 "GET /variant_images/1_NyBwnrM-CmtCeb1Ds5119w.png HTTP/1.1" 200 45429
INFO 2026-07-01 15:15:17,643 basehttp 19136 15312 "GET /variant_images/11448a7a96ee808a3cdbaf0df9570976_NZe6dcA.webp HTTP/1.1" 200 8006
INFO 2026-07-01 15:15:41,658 basehttp 19136 15312 "POST /builder/cart/add/test3/ HTTP/1.1" 200 94
INFO 2026-07-01 15:15:42,061 basehttp 19136 15312 "GET /builder/cart/data/test3/ HTTP/1.1" 200 309
INFO 2026-07-01 15:32:48,310 basehttp 19136 17208 "GET / HTTP/1.1" 200 96719
INFO 2026-07-01 15:32:48,782 basehttp 19136 17208 "GET /builder/cart/data/test3/ HTTP/1.1" 200 309
WARNING 2026-07-01 15:32:49,172 log 19136 9544 Not Found: /builder/wishlist/data/test3/
WARNING 2026-07-01 15:32:49,179 basehttp 19136 9544 "GET /builder/wishlist/data/test3/ HTTP/1.1" 404 76465
INFO 2026-07-01 15:32:49,501 basehttp 19136 17208 "GET /variant_images/11448a7a96ee808a3cdbaf0df9570976_NZe6dcA.webp HTTP/1.1" 304 0
INFO 2026-07-01 15:32:57,400 basehttp 19136 17208 "GET /variant_images/1_NyBwnrM-CmtCeb1Ds5119w.png HTTP/1.1" 304 0
INFO 2026-07-01 15:33:30,941 basehttp 19136 17208 "POST /builder/review/submit/test3/ HTTP/1.1" 200 77
INFO 2026-07-01 15:33:56,264 basehttp 19136 17208 "POST /builder/cart/add/test3/ HTTP/1.1" 200 110
INFO 2026-07-01 15:34:29,981 basehttp 19136 5092 "POST /builder/api/add-variant-simple/test3/3/ HTTP/1.1" 200 127
INFO 2026-07-01 15:34:30,574 basehttp 19136 5092 "GET /variants/test3/3/ HTTP/1.1" 200 63352
INFO 2026-07-01 15:34:30,627 basehttp 19136 5092 "GET /variant_images/11448a7a96ee808a3cdbaf0df9570976_NZe6dcA.webp HTTP/1.1" 304 0
INFO 2026-07-01 15:34:30,631 basehttp 19136 7384 "GET /variant_images/1_NyBwnrM-CmtCeb1Ds5119w.png HTTP/1.1" 304 0
INFO 2026-07-01 15:34:37,005 basehttp 19136 7384 "POST /builder/api/delete-variant/test3/9/ HTTP/1.1" 200 17
INFO 2026-07-01 15:35:06,892 basehttp 19136 7384 "POST /builder/api/add-variant-simple/test3/3/ HTTP/1.1" 200 145
INFO 2026-07-01 15:35:07,455 basehttp 19136 7384 "GET /variants/test3/3/ HTTP/1.1" 200 63648
INFO 2026-07-01 15:35:07,508 basehttp 19136 7384 "GET /variant_images/1024px-HTML5_logo_and_wordmark.svg.png HTTP/1.1" 200 30317
INFO 2026-07-01 15:35:12,767 basehttp 19136 17208 "GET / HTTP/1.1" 200 97396
INFO 2026-07-01 15:35:13,267 basehttp 19136 17208 "GET /builder/cart/data/test3/ HTTP/1.1" 200 309
WARNING 2026-07-01 15:35:13,639 log 19136 9544 Not Found: /builder/wishlist/data/test3/
WARNING 2026-07-01 15:35:13,643 basehttp 19136 9544 "GET /builder/wishlist/data/test3/ HTTP/1.1" 404 76465
INFO 2026-07-01 15:35:13,995 basehttp 19136 17208 "GET /variant_images/11448a7a96ee808a3cdbaf0df9570976_NZe6dcA.webp HTTP/1.1" 304 0
INFO 2026-07-01 15:35:17,500 basehttp 19136 17208 "GET /payments/select-payment/test3/ HTTP/1.1" 200 90079
INFO 2026-07-01 15:35:17,540 basehttp 19136 17208 "GET /static/accounts/js/auth.js HTTP/1.1" 200 1805
INFO 2026-07-01 15:35:17,545 basehttp 19136 9544 "GET /static/js/checkout.js HTTP/1.1" 200 4447
INFO 2026-07-01 15:35:22,903 basehttp 19136 9544 "POST /builder/cart/remove/test3/ HTTP/1.1" 200 94
INFO 2026-07-01 15:35:23,305 basehttp 19136 9544 "GET /builder/cart/data/test3/ HTTP/1.1" 200 58
INFO 2026-07-01 15:35:34,577 basehttp 19136 9544 "GET /variant_images/1_NyBwnrM-CmtCeb1Ds5119w.png HTTP/1.1" 304 0
INFO 2026-07-01 15:35:35,442 basehttp 19136 9544 "GET /variant_images/1024px-HTML5_logo_and_wordmark.svg.png HTTP/1.1" 200 30317
INFO 2026-07-01 15:42:52,920 basehttp 19136 19040 "GET / HTTP/1.1" 200 92089
INFO 2026-07-01 15:42:53,473 basehttp 19136 19040 "GET /builder/cart/data/test3/ HTTP/1.1" 200 58
WARNING 2026-07-01 15:42:53,866 log 19136 7888 Not Found: /builder/wishlist/data/test3/
WARNING 2026-07-01 15:42:53,867 basehttp 19136 7888 "GET /builder/wishlist/data/test3/ HTTP/1.1" 404 76465
INFO 2026-07-01 15:42:54,565 basehttp 19136 3168 "GET /variant_images/1_NyBwnrM-CmtCeb1Ds5119w.png HTTP/1.1" 304 0
INFO 2026-07-01 15:42:54,565 basehttp 19136 7888 "GET /variant_images/1024px-HTML5_logo_and_wordmark.svg.png HTTP/1.1" 304 0
INFO 2026-07-01 15:42:54,937 basehttp 19136 19040 "GET /variant_images/11448a7a96ee808a3cdbaf0df9570976_NZe6dcA.webp HTTP/1.1" 304 0
INFO 2026-07-01 15:51:07,349 basehttp 19136 5344 "GET / HTTP/1.1" 200 101499
WARNING 2026-07-01 15:51:08,257 log 19136 4368 Not Found: /builder/wishlist/data/test3/
WARNING 2026-07-01 15:51:08,259 basehttp 19136 4368 "GET /builder/wishlist/data/test3/ HTTP/1.1" 404 76465
INFO 2026-07-01 15:51:08,280 basehttp 19136 5344 "GET /builder/cart/data/test3/ HTTP/1.1" 200 58
INFO 2026-07-01 15:51:09,231 basehttp 19136 5344 "GET /variant_images/11448a7a96ee808a3cdbaf0df9570976_NZe6dcA.webp HTTP/1.1" 304 0
INFO 2026-07-01 15:51:12,207 basehttp 19136 5344 "GET /variant_images/1024px-HTML5_logo_and_wordmark.svg.png HTTP/1.1" 304 0
INFO 2026-07-01 15:51:15,805 basehttp 19136 5344 "GET /variant_images/1_NyBwnrM-CmtCeb1Ds5119w.png HTTP/1.1" 304 0
INFO 2026-07-01 15:51:52,492 basehttp 19136 5344 "GET / HTTP/1.1" 200 101499
INFO 2026-07-01 15:51:52,951 basehttp 19136 5344 "GET /builder/cart/data/test3/ HTTP/1.1" 200 58
WARNING 2026-07-01 15:51:53,318 log 19136 4368 Not Found: /builder/wishlist/data/test3/
WARNING 2026-07-01 15:51:53,320 basehttp 19136 4368 "GET /builder/wishlist/data/test3/ HTTP/1.1" 404 76465
INFO 2026-07-01 15:54:59,518 basehttp 19136 10872 "GET / HTTP/1.1" 200 101139
INFO 2026-07-01 15:55:00,314 basehttp 19136 10872 "GET /builder/cart/data/test3/ HTTP/1.1" 200 58
WARNING 2026-07-01 15:55:00,341 log 19136 13388 Not Found: /builder/wishlist/data/test3/
WARNING 2026-07-01 15:55:00,344 basehttp 19136 13388 "GET /builder/wishlist/data/test3/ HTTP/1.1" 404 76465
INFO 2026-07-01 15:55:01,279 basehttp 19136 13388 "GET /variant_images/11448a7a96ee808a3cdbaf0df9570976_NZe6dcA.webp HTTP/1.1" 304 0
INFO 2026-07-01 15:55:05,135 basehttp 19136 13388 "GET /variant_images/1024px-HTML5_logo_and_wordmark.svg.png HTTP/1.1" 304 0
INFO 2026-07-01 15:55:19,170 basehttp 19136 13388 "GET /variant_images/1_NyBwnrM-CmtCeb1Ds5119w.png HTTP/1.1" 304 0
INFO 2026-07-01 15:56:28,302 basehttp 19136 13388 "POST /builder/cart/add/test3/ HTTP/1.1" 200 94
INFO 2026-07-01 15:56:28,710 basehttp 19136 13388 "GET /builder/cart/data/test3/ HTTP/1.1" 200 298
INFO 2026-07-01 16:12:24,211 autoreload 7380 8168 Watching for file changes with StatReloader
INFO 2026-07-01 16:12:26,159 basehttp 7380 9452 "GET /admin/builder/template/add/ HTTP/1.1" 200 51155
INFO 2026-07-01 16:13:09,464 basehttp 7380 9452 "POST /admin/builder/template/add/ HTTP/1.1" 302 0
INFO 2026-07-01 16:13:09,533 basehttp 7380 9452 "GET /admin/builder/template/ HTTP/1.1" 200 42910
INFO 2026-07-01 16:13:09,593 basehttp 7380 8776 "GET /static/admin/js/theme.js HTTP/1.1" 304 0
INFO 2026-07-01 16:13:09,593 basehttp 7380 15248 "GET /static/admin/css/dark_mode.css HTTP/1.1" 304 0
INFO 2026-07-01 16:13:09,593 basehttp 7380 9452 "GET /static/admin/css/base.css HTTP/1.1" 304 0
INFO 2026-07-01 16:13:09,595 basehttp 7380 6380 "GET /static/admin/css/nav_sidebar.css HTTP/1.1" 304 0
INFO 2026-07-01 16:13:09,595 basehttp 7380 2188 "GET /static/admin/css/changelists.css HTTP/1.1" 304 0
INFO 2026-07-01 16:13:09,599 basehttp 7380 8776 "GET /static/admin/css/responsive.css HTTP/1.1" 304 0
INFO 2026-07-01 16:13:09,605 basehttp 7380 15248 "GET /static/admin/js/vendor/jquery/jquery.js HTTP/1.1" 304 0
INFO 2026-07-01 16:13:09,611 basehttp 7380 9452 "GET /static/admin/js/jquery.init.js HTTP/1.1" 304 0
INFO 2026-07-01 16:13:09,622 basehttp 7380 8776 "GET /static/admin/js/actions.js HTTP/1.1" 304 0
INFO 2026-07-01 16:13:09,624 basehttp 7380 9452 "GET /static/admin/js/prepopulate.js HTTP/1.1" 304 0
INFO 2026-07-01 16:13:09,625 basehttp 7380 15248 "GET /static/admin/js/urlify.js HTTP/1.1" 304 0
INFO 2026-07-01 16:13:09,625 basehttp 7380 2188 "GET /static/admin/js/admin/RelatedObjectLookups.js HTTP/1.1" 304 0
INFO 2026-07-01 16:13:09,625 basehttp 7380 6380 "GET /static/admin/js/core.js HTTP/1.1" 304 0
INFO 2026-07-01 16:13:09,634 basehttp 7380 18916 "GET /admin/jsi18n/ HTTP/1.1" 200 3342
INFO 2026-07-01 16:13:09,634 basehttp 7380 8776 "GET /static/admin/js/vendor/xregexp/xregexp.js HTTP/1.1" 304 0
INFO 2026-07-01 16:13:09,656 basehttp 7380 8776 "GET /static/admin/js/filters.js HTTP/1.1" 304 0
INFO 2026-07-01 16:13:09,658 basehttp 7380 18916 "GET /static/admin/js/nav_sidebar.js HTTP/1.1" 304 0
INFO 2026-07-01 16:13:09,689 basehttp 7380 8776 "GET /static/admin/img/tooltag-add.svg HTTP/1.1" 304 0
INFO 2026-07-01 16:16:41,182 basehttp 7380 8776 "GET /templates/ HTTP/1.1" 200 45856
INFO 2026-07-01 16:17:02,371 basehttp 7380 8776 "GET /admin/builder/template/4/change/ HTTP/1.1" 200 51507
INFO 2026-07-01 16:17:02,410 basehttp 7380 8776 "GET /static/admin/css/forms.css HTTP/1.1" 304 0
INFO 2026-07-01 16:17:02,412 basehttp 7380 2188 "GET /static/admin/js/prepopulate_init.js HTTP/1.1" 304 0
INFO 2026-07-01 16:17:02,423 basehttp 7380 18916 "GET /admin/jsi18n/ HTTP/1.1" 200 3342
INFO 2026-07-01 16:17:02,427 basehttp 7380 2188 "GET /static/admin/css/widgets.css HTTP/1.1" 304 0
INFO 2026-07-01 16:17:02,438 basehttp 7380 18916 "GET /static/admin/img/icon-changelink.svg HTTP/1.1" 304 0
INFO 2026-07-01 16:17:02,439 basehttp 7380 2188 "GET /static/admin/img/icon-addlink.svg HTTP/1.1" 304 0
INFO 2026-07-01 16:17:02,456 basehttp 7380 2188 "GET /static/admin/img/icon-viewlink.svg HTTP/1.1" 304 0
INFO 2026-07-01 16:17:02,457 basehttp 7380 18916 "GET /static/admin/js/change_form.js HTTP/1.1" 304 0
INFO 2026-07-01 16:17:16,862 basehttp 7380 18916 "POST /admin/builder/template/4/change/ HTTP/1.1" 302 0
INFO 2026-07-01 16:17:16,940 basehttp 7380 18916 "GET /admin/builder/template/ HTTP/1.1" 200 42912
INFO 2026-07-01 16:17:17,004 basehttp 7380 18916 "GET /admin/jsi18n/ HTTP/1.1" 200 3342
INFO 2026-07-01 16:17:17,036 basehttp 7380 18916 "GET /static/admin/img/icon-yes.svg HTTP/1.1" 304 0
INFO 2026-07-01 16:17:21,794 basehttp 7380 18916 "GET /templates/ HTTP/1.1" 200 45868
INFO 2026-07-01 16:17:27,457 basehttp 7380 18916 "GET /editor/ModernEcommerce30/ HTTP/1.1" 200 595457
INFO 2026-07-01 16:17:27,627 basehttp 7380 2188 "GET /builder/api/color-palettes/ HTTP/1.1" 200 86
INFO 2026-07-01 16:17:27,639 basehttp 7380 18916 "GET /builder/get-components/ HTTP/1.1" 200 23001
INFO 2026-07-01 16:17:27,667 basehttp 7380 18916 "GET /builder/load-template/ModernEcommerce30/?page=home HTTP/1.1" 200 85293
INFO 2026-07-01 16:17:27,820 basehttp 7380 18916 "GET /builder/api/color-palettes/ HTTP/1.1" 200 86
INFO 2026-07-01 16:17:28,227 basehttp 7380 18916 "GET /builder/api/template-color-variables/ModernEcommerce30/ HTTP/1.1" 200 132
INFO 2026-07-01 16:18:12,620 basehttp 7380 18916 "GET /editor/ModernEcommerce30/ HTTP/1.1" 200 595457
INFO 2026-07-01 16:18:12,782 basehttp 7380 2188 "GET /builder/api/color-palettes/ HTTP/1.1" 200 86
INFO 2026-07-01 16:18:12,798 basehttp 7380 18916 "GET /builder/get-components/ HTTP/1.1" 200 23001
INFO 2026-07-01 16:18:12,820 basehttp 7380 18916 "GET /builder/load-template/ModernEcommerce30/?page=home HTTP/1.1" 200 85293
INFO 2026-07-01 16:18:12,868 basehttp 7380 18916 "GET /builder/api/color-palettes/ HTTP/1.1" 200 86
INFO 2026-07-01 16:18:13,131 basehttp 7380 18916 "GET /builder/api/template-color-variables/ModernEcommerce30/ HTTP/1.1" 200 132
INFO 2026-07-01 16:28:38,656 basehttp 7380 14456 "GET /editor/ModernEcommerce30/ HTTP/1.1" 200 595457
INFO 2026-07-01 16:28:38,901 basehttp 7380 18100 "GET /builder/api/color-palettes/ HTTP/1.1" 200 86
INFO 2026-07-01 16:28:38,906 basehttp 7380 14456 "GET /builder/get-components/ HTTP/1.1" 200 23001
INFO 2026-07-01 16:28:38,936 basehttp 7380 14456 "GET /builder/load-template/ModernEcommerce30/?page=home HTTP/1.1" 200 85953
INFO 2026-07-01 16:28:38,986 basehttp 7380 14456 "GET /builder/api/color-palettes/ HTTP/1.1" 200 86
INFO 2026-07-01 16:28:39,190 basehttp 7380 14456 "GET /builder/api/template-color-variables/ModernEcommerce30/ HTTP/1.1" 200 132
INFO 2026-07-01 16:28:43,179 basehttp 7380 14456 "GET /editor/ModernEcommerce30/ HTTP/1.1" 200 595457
INFO 2026-07-01 16:28:43,303 basehttp 7380 18100 "GET /builder/api/color-palettes/ HTTP/1.1" 200 86
INFO 2026-07-01 16:28:43,313 basehttp 7380 14456 "GET /builder/get-components/ HTTP/1.1" 200 23001
INFO 2026-07-01 16:28:43,336 basehttp 7380 14456 "GET /builder/load-template/ModernEcommerce30/?page=home HTTP/1.1" 200 85953
INFO 2026-07-01 16:28:43,426 basehttp 7380 14456 "GET /builder/api/color-palettes/ HTTP/1.1" 200 86
INFO 2026-07-01 16:28:43,930 basehttp 7380 14456 "GET /builder/api/template-color-variables/ModernEcommerce30/ HTTP/1.1" 200 132
INFO 2026-07-01 16:29:05,123 basehttp 7380 14456 "GET /editor/ModernEcommerce30/ HTTP/1.1" 200 595457
INFO 2026-07-01 16:29:05,236 basehttp 7380 18100 "GET /builder/api/color-palettes/ HTTP/1.1" 200 86
INFO 2026-07-01 16:29:05,243 basehttp 7380 14456 "GET /builder/get-components/ HTTP/1.1" 200 23001
INFO 2026-07-01 16:29:05,278 basehttp 7380 14456 "GET /builder/load-template/ModernEcommerce30/?page=home HTTP/1.1" 200 85953
INFO 2026-07-01 16:29:05,325 basehttp 7380 14456 "GET /builder/api/color-palettes/ HTTP/1.1" 200 86
INFO 2026-07-01 16:29:05,502 basehttp 7380 14456 "GET /builder/api/template-color-variables/ModernEcommerce30/ HTTP/1.1" 200 132
INFO 2026-07-01 16:42:15,392 basehttp 7380 19432 "GET /editor/ModernEcommerce30/ HTTP/1.1" 200 595457
INFO 2026-07-01 16:42:15,577 basehttp 7380 16464 "GET /builder/api/color-palettes/ HTTP/1.1" 200 86
INFO 2026-07-01 16:42:15,591 basehttp 7380 19432 "GET /builder/get-components/ HTTP/1.1" 200 23001
INFO 2026-07-01 16:42:15,651 basehttp 7380 19432 "GET /builder/load-template/ModernEcommerce30/?page=home HTTP/1.1" 200 85953
INFO 2026-07-01 16:42:15,670 basehttp 7380 16464 "GET /builder/api/color-palettes/ HTTP/1.1" 200 86
INFO 2026-07-01 16:42:15,896 basehttp 7380 16464 "GET /builder/api/template-color-variables/ModernEcommerce30/ HTTP/1.1" 200 132
INFO 2026-07-01 16:50:46,483 basehttp 7380 15244 "GET /editor/ModernEcommerce30/ HTTP/1.1" 200 595457
INFO 2026-07-01 16:50:46,653 basehttp 7380 15068 "GET /builder/api/color-palettes/ HTTP/1.1" 200 86
INFO 2026-07-01 16:50:46,661 basehttp 7380 15244 "GET /builder/get-components/ HTTP/1.1" 200 23001
INFO 2026-07-01 16:50:46,701 basehttp 7380 15244 "GET /builder/load-template/ModernEcommerce30/?page=home HTTP/1.1" 200 89543
INFO 2026-07-01 16:50:46,753 basehttp 7380 15244 "GET /builder/api/color-palettes/ HTTP/1.1" 200 86
INFO 2026-07-01 16:50:47,021 basehttp 7380 15244 "GET /builder/api/template-color-variables/ModernEcommerce30/ HTTP/1.1" 200 132
INFO 2026-07-01 20:49:10,786 autoreload 14732 13452 Watching for file changes with StatReloader
INFO 2026-07-01 20:50:01,994 basehttp 14732 8684 "GET / HTTP/1.1" 200 52774
INFO 2026-07-01 20:50:02,045 basehttp 14732 6732 "GET /static/images/landing/landing-hero.png HTTP/1.1" 304 0
INFO 2026-07-01 20:50:02,049 basehttp 14732 7216 "GET /static/images/Elan-noir.png HTTP/1.1" 304 0
INFO 2026-07-01 20:50:02,054 basehttp 14732 15780 "GET /static/images/tech-sphere.png HTTP/1.1" 304 0
INFO 2026-07-01 20:50:02,087 basehttp 14732 4032 "GET /static/images/elegance-lux.png HTTP/1.1" 304 0
WARNING 2026-07-01 20:50:02,720 log 14732 4032 Not Found: /favicon.ico
WARNING 2026-07-01 20:50:02,722 basehttp 14732 4032 "GET /favicon.ico HTTP/1.1" 404 43101
INFO 2026-07-01 20:50:08,719 basehttp 14732 10888 "GET /dashboard/ HTTP/1.1" 200 47489
INFO 2026-07-01 20:50:27,030 basehttp 14732 10888 "GET /editor/ModernEcommerce29/test3/ HTTP/1.1" 200 615117
INFO 2026-07-01 20:50:27,285 basehttp 14732 10268 "GET /builder/api/color-palettes/?page_subdomain=test3 HTTP/1.1" 200 86
INFO 2026-07-01 20:50:27,323 basehttp 14732 10268 "GET /builder/api/color-palettes/?page_subdomain=test3 HTTP/1.1" 200 86
INFO 2026-07-01 20:50:27,337 basehttp 14732 10888 "GET /builder/get-components/ HTTP/1.1" 200 23001
INFO 2026-07-01 20:50:27,407 basehttp 14732 10268 "GET /builder/api/template-color-variables/ModernEcommerce29/ HTTP/1.1" 200 132
INFO 2026-07-01 20:50:27,407 basehttp 14732 10888 "GET /builder/load-template/ModernEcommerce29/?page=home&edit=test3 HTTP/1.1" 200 69760
INFO 2026-07-01 20:50:27,456 basehttp 14732 10888 "GET /builder/api/page-palette/test3/ HTTP/1.1" 200 31
INFO 2026-07-01 20:50:27,477 basehttp 14732 10888 "GET /builder/api/page-palette/test3/ HTTP/1.1" 200 31
INFO 2026-07-01 20:51:37,855 basehttp 14732 10888 "GET /builder/api/color-palettes/?page_subdomain=test3 HTTP/1.1" 200 86
INFO 2026-07-01 21:00:20,369 autoreload 6964 1932 Watching for file changes with StatReloader
INFO 2026-07-01 21:00:36,141 basehttp 6964 2704 "GET / HTTP/1.1" 200 52774
WARNING 2026-07-01 21:00:37,557 log 6964 2704 Not Found: /favicon.ico
WARNING 2026-07-01 21:00:37,558 basehttp 6964 2704 "GET /favicon.ico HTTP/1.1" 404 43101
INFO 2026-07-01 21:00:41,097 basehttp 6964 2704 "GET /dashboard/ HTTP/1.1" 200 47489
INFO 2026-07-01 21:00:46,070 basehttp 6964 2704 "GET /editor/ModernEcommerce29/test3/ HTTP/1.1" 200 615117
INFO 2026-07-01 21:00:46,281 basehttp 6964 1688 "GET /builder/api/color-palettes/?page_subdomain=test3 HTTP/1.1" 200 86
INFO 2026-07-01 21:00:46,310 basehttp 6964 2704 "GET /builder/get-components/ HTTP/1.1" 200 23001
INFO 2026-07-01 21:00:46,359 basehttp 6964 2704 "GET /builder/load-template/ModernEcommerce29/?page=home&edit=test3 HTTP/1.1" 200 69760
INFO 2026-07-01 21:00:46,382 basehttp 6964 1688 "GET /builder/api/color-palettes/?page_subdomain=test3 HTTP/1.1" 200 86
INFO 2026-07-01 21:00:46,416 basehttp 6964 2704 "GET /builder/api/page-palette/test3/ HTTP/1.1" 200 31
INFO 2026-07-01 21:00:46,879 basehttp 6964 2704 "GET /builder/api/template-color-variables/ModernEcommerce29/ HTTP/1.1" 200 132
INFO 2026-07-01 21:00:46,990 basehttp 6964 2704 "GET /builder/api/page-palette/test3/ HTTP/1.1" 200 31
INFO 2026-07-01 21:15:35,237 basehttp 6964 13328 "GET /templates/ HTTP/1.1" 200 45868
INFO 2026-07-01 21:15:35,244 basehttp 6964 18316 - Broken pipe from ('127.0.0.1', 60996)
INFO 2026-07-01 21:15:40,351 basehttp 6964 13328 "GET /editor/ModernEcommerce30/ HTTP/1.1" 200 595457
INFO 2026-07-01 21:15:40,515 basehttp 6964 10452 "GET /builder/api/color-palettes/ HTTP/1.1" 200 86
INFO 2026-07-01 21:15:40,537 basehttp 6964 13328 "GET /builder/get-components/ HTTP/1.1" 200 23001
INFO 2026-07-01 21:15:40,577 basehttp 6964 13328 "GET /builder/load-template/ModernEcommerce30/?page=home HTTP/1.1" 200 89543
INFO 2026-07-01 21:15:40,606 basehttp 6964 10452 "GET /builder/api/color-palettes/ HTTP/1.1" 200 86
INFO 2026-07-01 21:15:40,985 basehttp 6964 10452 "GET /builder/api/template-color-variables/ModernEcommerce30/ HTTP/1.1" 200 132
INFO 2026-07-01 21:19:47,988 basehttp 6964 10452 "GET /editor/ModernEcommerce30/ HTTP/1.1" 200 595457
INFO 2026-07-01 21:19:48,115 basehttp 6964 13328 "GET /builder/api/color-palettes/ HTTP/1.1" 200 86
INFO 2026-07-01 21:19:48,138 basehttp 6964 10452 "GET /builder/get-components/ HTTP/1.1" 200 23001
INFO 2026-07-01 21:19:48,164 basehttp 6964 10452 "GET /builder/load-template/ModernEcommerce30/?page=home HTTP/1.1" 200 66235
INFO 2026-07-01 21:19:48,204 basehttp 6964 10452 "GET /builder/api/color-palettes/ HTTP/1.1" 200 86
INFO 2026-07-01 21:19:48,433 basehttp 6964 10452 "GET /builder/api/template-color-variables/ModernEcommerce30/ HTTP/1.1" 200 132
WARNING 2026-07-01 21:20:30,846 log 6964 10452 Not Found: /.well-known/appspecific/com.chrome.devtools.json
WARNING 2026-07-01 21:20:30,847 basehttp 6964 10452 "GET /.well-known/appspecific/com.chrome.devtools.json HTTP/1.1" 404 43249
INFO 2026-07-01 21:23:06,165 basehttp 6964 10452 "GET /editor/ModernEcommerce30/ HTTP/1.1" 200 595457
INFO 2026-07-01 21:23:06,376 basehttp 6964 13328 "GET /builder/api/color-palettes/ HTTP/1.1" 200 86
INFO 2026-07-01 21:23:06,388 basehttp 6964 10452 "GET /builder/get-components/ HTTP/1.1" 200 23001
INFO 2026-07-01 21:23:06,414 basehttp 6964 10452 "GET /builder/load-template/ModernEcommerce30/?page=home HTTP/1.1" 200 89543
INFO 2026-07-01 21:23:06,724 basehttp 6964 10452 "GET /builder/api/color-palettes/ HTTP/1.1" 200 86
INFO 2026-07-01 21:23:06,870 basehttp 6964 10452 "GET /builder/api/template-color-variables/ModernEcommerce30/ HTTP/1.1" 200 132
INFO 2026-07-01 21:24:06,532 basehttp 6964 10452 "GET /editor/ModernEcommerce30/ HTTP/1.1" 200 595457
INFO 2026-07-01 21:24:06,713 basehttp 6964 13328 "GET /builder/api/color-palettes/ HTTP/1.1" 200 86
INFO 2026-07-01 21:24:06,730 basehttp 6964 10452 "GET /builder/get-components/ HTTP/1.1" 200 23001
INFO 2026-07-01 21:24:06,764 basehttp 6964 10452 "GET /builder/load-template/ModernEcommerce30/?page=home HTTP/1.1" 200 89543
INFO 2026-07-01 21:24:06,826 basehttp 6964 10452 "GET /builder/api/color-palettes/ HTTP/1.1" 200 86
INFO 2026-07-01 21:24:07,060 basehttp 6964 10452 "GET /builder/api/template-color-variables/ModernEcommerce30/ HTTP/1.1" 200 132
INFO 2026-07-01 21:28:00,724 basehttp 6964 3344 "GET /editor/ModernEcommerce30/ HTTP/1.1" 200 595457
INFO 2026-07-01 21:28:00,934 basehttp 6964 2084 "GET /builder/api/color-palettes/ HTTP/1.1" 200 86
INFO 2026-07-01 21:28:00,950 basehttp 6964 3344 "GET /builder/get-components/ HTTP/1.1" 200 23001
INFO 2026-07-01 21:28:00,995 basehttp 6964 3344 "GET /builder/load-template/ModernEcommerce30/?page=home HTTP/1.1" 200 59123
INFO 2026-07-01 21:28:01,025 basehttp 6964 2084 "GET /builder/api/color-palettes/ HTTP/1.1" 200 86
INFO 2026-07-01 21:28:01,271 basehttp 6964 2084 "GET /builder/api/template-color-variables/ModernEcommerce30/ HTTP/1.1" 200 132
INFO 2026-07-01 21:31:48,165 basehttp 6964 1844 "GET /editor/ModernEcommerce30/ HTTP/1.1" 200 595457
INFO 2026-07-01 21:31:48,314 basehttp 6964 9420 "GET /builder/api/color-palettes/ HTTP/1.1" 200 86
INFO 2026-07-01 21:31:48,342 basehttp 6964 1844 "GET /builder/get-components/ HTTP/1.1" 200 23001
INFO 2026-07-01 21:31:48,371 basehttp 6964 1844 "GET /builder/load-template/ModernEcommerce30/?page=home HTTP/1.1" 200 62482
INFO 2026-07-01 21:31:48,416 basehttp 6964 1844 "GET /builder/api/color-palettes/ HTTP/1.1" 200 86
INFO 2026-07-01 21:31:48,570 basehttp 6964 1844 "GET /builder/api/template-color-variables/ModernEcommerce30/ HTTP/1.1" 200 132
INFO 2026-07-01 21:32:11,501 basehttp 6964 1844 "GET /editor/ModernEcommerce30/ HTTP/1.1" 200 595457
INFO 2026-07-01 21:32:11,635 basehttp 6964 9420 "GET /builder/api/color-palettes/ HTTP/1.1" 200 86
INFO 2026-07-01 21:32:11,650 basehttp 6964 1844 "GET /builder/get-components/ HTTP/1.1" 200 23001
INFO 2026-07-01 21:32:11,683 basehttp 6964 1844 "GET /builder/load-template/ModernEcommerce30/?page=home HTTP/1.1" 200 62482
INFO 2026-07-01 21:32:11,732 basehttp 6964 1844 "GET /builder/api/color-palettes/ HTTP/1.1" 200 86
INFO 2026-07-01 21:32:11,862 basehttp 6964 1844 "GET /builder/api/template-color-variables/ModernEcommerce30/ HTTP/1.1" 200 132
INFO 2026-07-01 21:36:35,623 basehttp 6964 13260 "GET /editor/ModernEcommerce30/ HTTP/1.1" 200 595457
INFO 2026-07-01 21:36:35,789 basehttp 6964 876 "GET /builder/api/color-palettes/ HTTP/1.1" 200 86
INFO 2026-07-01 21:36:35,802 basehttp 6964 13260 "GET /builder/get-components/ HTTP/1.1" 200 23001
INFO 2026-07-01 21:36:35,833 basehttp 6964 13260 "GET /builder/load-template/ModernEcommerce30/?page=home HTTP/1.1" 200 70955
INFO 2026-07-01 21:36:35,940 basehttp 6964 13260 "GET /builder/api/color-palettes/ HTTP/1.1" 200 86
INFO 2026-07-01 21:36:36,191 basehttp 6964 13260 "GET /builder/api/template-color-variables/ModernEcommerce30/ HTTP/1.1" 200 132
INFO 2026-07-01 21:44:37,578 basehttp 6964 652 "POST /builder/publish/ HTTP/1.1" 200 191
INFO 2026-07-01 21:44:39,315 basehttp 6964 652 "GET /builder/dashboard/ HTTP/1.1" 200 51757
INFO 2026-07-01 21:45:07,947 basehttp 6964 9320 "GET / HTTP/1.1" 200 105134
INFO 2026-07-01 21:45:08,603 basehttp 6964 9320 "GET /builder/cart/data/test4/ HTTP/1.1" 200 58
WARNING 2026-07-01 21:45:09,048 log 6964 15592 Not Found: /builder/wishlist/data/test4/
WARNING 2026-07-01 21:45:09,076 log 6964 14480 Not Found: /favicon.ico
WARNING 2026-07-01 21:45:09,078 basehttp 6964 15592 "GET /builder/wishlist/data/test4/ HTTP/1.1" 404 76465
WARNING 2026-07-01 21:45:09,079 basehttp 6964 14480 "GET /favicon.ico HTTP/1.1" 404 43107
INFO 2026-07-01 21:45:21,852 basehttp 6964 652 "GET /manage-products/test4/ HTTP/1.1" 200 70849
INFO 2026-07-01 21:46:00,452 basehttp 6964 652 "POST /add-product-simple/test4/ HTTP/1.1" 200 34
INFO 2026-07-01 21:46:02,031 basehttp 6964 652 "GET /manage-products/test4/ HTTP/1.1" 200 75010
INFO 2026-07-01 21:46:05,787 basehttp 6964 652 "GET /product-editor/test4/4/ HTTP/1.1" 200 80869
INFO 2026-07-01 21:46:07,669 basehttp 6964 652 "GET /variants/test4/4/ HTTP/1.1" 200 58543
INFO 2026-07-01 21:48:09,508 basehttp 6964 11896 "POST /builder/api/add-variant-simple/test4/4/ HTTP/1.1" 200 147
INFO 2026-07-01 21:48:10,113 basehttp 6964 11896 "GET /variants/test4/4/ HTTP/1.1" 200 59872
INFO 2026-07-01 21:48:10,393 basehttp 6964 11896 "GET /variant_images/1024px-HTML5_logo_and_wordmark_KD8zwcU.svg.png HTTP/1.1" 200 30317
INFO 2026-07-01 21:48:43,120 basehttp 6964 11896 "POST /builder/api/add-variant-simple/test4/4/ HTTP/1.1" 200 148
INFO 2026-07-01 21:48:43,691 basehttp 6964 11896 "GET /variants/test4/4/ HTTP/1.1" 200 61768
INFO 2026-07-01 21:48:43,754 basehttp 6964 11896 "GET /variant_images/1_NyBwnrM-CmtCeb1Ds5119w_EOXAQoN.png HTTP/1.1" 200 45429
INFO 2026-07-01 21:48:43,755 basehttp 6964 19116 "GET /variant_images/1024px-HTML5_logo_and_wordmark_KD8zwcU.svg.png HTTP/1.1" 304 0
INFO 2026-07-01 21:48:54,630 basehttp 6964 8784 "GET / HTTP/1.1" 200 107685
INFO 2026-07-01 21:48:55,217 basehttp 6964 8784 "GET /builder/cart/data/test4/ HTTP/1.1" 200 58
WARNING 2026-07-01 21:48:55,706 log 6964 5568 Not Found: /builder/wishlist/data/test4/
WARNING 2026-07-01 21:48:55,709 basehttp 6964 5568 "GET /builder/wishlist/data/test4/ HTTP/1.1" 404 76465
INFO 2026-07-01 21:48:57,034 basehttp 6964 5568 "GET /variant_images/1024px-HTML5_logo_and_wordmark_KD8zwcU.svg.png HTTP/1.1" 200 30317
INFO 2026-07-01 21:49:04,463 basehttp 6964 5568 "GET /variant_images/1_NyBwnrM-CmtCeb1Ds5119w_EOXAQoN.png HTTP/1.1" 200 45429
INFO 2026-07-01 21:49:34,613 basehttp 6964 5568 "POST /builder/wishlist/add/test4/ HTTP/1.1" 200 52
INFO 2026-07-01 21:49:40,352 basehttp 6964 5568 "GET /variant_images/1_NyBwnrM-CmtCeb1Ds5119w_EOXAQoN.png HTTP/1.1" 304 0
INFO 2026-07-01 21:50:07,650 basehttp 6964 5568 "POST /builder/review/submit/test4/ HTTP/1.1" 200 77
INFO 2026-07-01 21:50:35,810 basehttp 6964 11896 "GET /product-editor/test4/4/ HTTP/1.1" 200 80869
INFO 2026-07-01 21:50:46,604 basehttp 6964 11896 "GET /editor/ModernEcommerce30/test4/ HTTP/1.1" 200 622791
INFO 2026-07-01 21:50:46,750 basehttp 6964 19116 "GET /builder/api/color-palettes/?page_subdomain=test4 HTTP/1.1" 200 86
INFO 2026-07-01 21:50:46,754 basehttp 6964 11896 "GET /builder/get-components/ HTTP/1.1" 200 23001
INFO 2026-07-01 21:50:46,787 basehttp 6964 11896 "GET /builder/load-template/ModernEcommerce30/?page=home&edit=test4 HTTP/1.1" 200 70955
INFO 2026-07-01 21:50:46,832 basehttp 6964 11896 "GET /builder/api/page-palette/test4/ HTTP/1.1" 200 31
INFO 2026-07-01 21:50:46,840 basehttp 6964 19116 "GET /builder/api/color-palettes/?page_subdomain=test4 HTTP/1.1" 200 86
INFO 2026-07-01 21:50:46,916 basehttp 6964 19116 "GET /builder/api/template-color-variables/ModernEcommerce30/ HTTP/1.1" 200 132
INFO 2026-07-01 21:50:47,031 basehttp 6964 19116 "GET /builder/api/page-palette/test4/ HTTP/1.1" 200 31
INFO 2026-07-01 21:50:57,674 basehttp 6964 19116 "POST /builder/publish/ HTTP/1.1" 200 191
INFO 2026-07-01 21:50:59,382 basehttp 6964 19116 "GET /builder/dashboard/ HTTP/1.1" 200 52711
INFO 2026-07-01 21:51:01,209 basehttp 6964 5568 "GET / HTTP/1.1" 200 107996
INFO 2026-07-01 21:51:01,862 basehttp 6964 5568 "GET /builder/cart/data/test4/ HTTP/1.1" 200 58
WARNING 2026-07-01 21:51:02,063 log 6964 8784 Not Found: /builder/wishlist/data/test4/
WARNING 2026-07-01 21:51:02,065 basehttp 6964 8784 "GET /builder/wishlist/data/test4/ HTTP/1.1" 404 76465
INFO 2026-07-01 21:51:03,062 basehttp 6964 8784 "GET / HTTP/1.1" 200 107996
WARNING 2026-07-01 21:51:03,170 log 6964 5568 Not Found: /builder/wishlist/data/test4/
WARNING 2026-07-01 21:51:03,172 basehttp 6964 5568 "GET /builder/wishlist/data/test4/ HTTP/1.1" 404 76465
INFO 2026-07-01 21:51:03,174 basehttp 6964 8784 "GET /builder/cart/data/test4/ HTTP/1.1" 200 58
INFO 2026-07-01 21:51:04,438 basehttp 6964 8784 "GET / HTTP/1.1" 200 107996
INFO 2026-07-01 21:51:04,580 basehttp 6964 8784 "GET /builder/cart/data/test4/ HTTP/1.1" 200 58
WARNING 2026-07-01 21:51:04,999 log 6964 5568 Not Found: /builder/wishlist/data/test4/
WARNING 2026-07-01 21:51:05,001 basehttp 6964 5568 "GET /builder/wishlist/data/test4/ HTTP/1.1" 404 76465
INFO 2026-07-01 21:51:08,596 basehttp 6964 19116 "GET /editor/ModernEcommerce30/test4/ HTTP/1.1" 200 623328
INFO 2026-07-01 21:51:08,702 basehttp 6964 11896 "GET /builder/api/color-palettes/?page_subdomain=test4 HTTP/1.1" 200 86
INFO 2026-07-01 21:51:08,709 basehttp 6964 19116 "GET /builder/get-components/ HTTP/1.1" 200 23001
INFO 2026-07-01 21:51:08,746 basehttp 6964 19116 "GET /builder/load-template/ModernEcommerce30/?page=home&edit=test4 HTTP/1.1" 200 70955
INFO 2026-07-01 21:51:08,772 basehttp 6964 19116 "GET /builder/api/page-palette/test4/ HTTP/1.1" 200 31
INFO 2026-07-01 21:51:08,829 basehttp 6964 19116 "GET /builder/api/color-palettes/?page_subdomain=test4 HTTP/1.1" 200 86
INFO 2026-07-01 21:51:08,918 basehttp 6964 19116 "GET /builder/api/template-color-variables/ModernEcommerce30/ HTTP/1.1" 200 132
INFO 2026-07-01 21:51:08,971 basehttp 6964 19116 "GET /builder/api/page-palette/test4/ HTTP/1.1" 200 31
INFO 2026-07-01 21:51:35,588 basehttp 6964 19116 "POST /builder/publish/ HTTP/1.1" 200 191
INFO 2026-07-01 21:51:37,264 basehttp 6964 19116 "GET /builder/dashboard/ HTTP/1.1" 200 52711
INFO 2026-07-01 21:51:41,569 basehttp 6964 5568 "GET / HTTP/1.1" 200 107996
INFO 2026-07-01 21:51:42,005 basehttp 6964 5568 "GET /builder/cart/data/test4/ HTTP/1.1" 200 58
WARNING 2026-07-01 21:51:42,388 log 6964 8784 Not Found: /builder/wishlist/data/test4/
WARNING 2026-07-01 21:51:42,397 basehttp 6964 8784 "GET /builder/wishlist/data/test4/ HTTP/1.1" 404 76465
INFO 2026-07-01 21:51:46,004 basehttp 6964 19116 "GET /editor/ModernEcommerce30/test4/ HTTP/1.1" 200 623328
INFO 2026-07-01 21:51:46,117 basehttp 6964 11896 "GET /builder/api/color-palettes/?page_subdomain=test4 HTTP/1.1" 200 86
INFO 2026-07-01 21:51:46,122 basehttp 6964 19116 "GET /builder/get-components/ HTTP/1.1" 200 23001
INFO 2026-07-01 21:51:46,160 basehttp 6964 19116 "GET /builder/load-template/ModernEcommerce30/?page=home&edit=test4 HTTP/1.1" 200 70955
INFO 2026-07-01 21:51:46,195 basehttp 6964 19116 "GET /builder/api/page-palette/test4/ HTTP/1.1" 200 31
INFO 2026-07-01 21:51:46,211 basehttp 6964 11896 "GET /builder/api/color-palettes/?page_subdomain=test4 HTTP/1.1" 200 86
INFO 2026-07-01 21:51:46,252 basehttp 6964 11896 "GET /builder/api/template-color-variables/ModernEcommerce30/ HTTP/1.1" 200 132
INFO 2026-07-01 21:51:46,291 basehttp 6964 11896 "GET /builder/api/page-palette/test4/ HTTP/1.1" 200 31
INFO 2026-07-01 21:52:05,712 basehttp 6964 11896 "POST /builder/publish/ HTTP/1.1" 200 191
INFO 2026-07-01 21:52:07,367 basehttp 6964 11896 "GET /builder/dashboard/ HTTP/1.1" 200 52711
INFO 2026-07-01 21:52:10,978 basehttp 6964 8784 "GET / HTTP/1.1" 200 108053
INFO 2026-07-01 21:52:11,461 basehttp 6964 8784 "GET /builder/cart/data/test4/ HTTP/1.1" 200 58
WARNING 2026-07-01 21:52:11,829 log 6964 5568 Not Found: /builder/wishlist/data/test4/
WARNING 2026-07-01 21:52:11,830 basehttp 6964 5568 "GET /builder/wishlist/data/test4/ HTTP/1.1" 404 76465
INFO 2026-07-03 13:24:42,683 autoreload 3604 14792 Watching for file changes with StatReloader
INFO 2026-07-03 13:25:07,165 basehttp 3604 7344 "GET / HTTP/1.1" 200 52774
WARNING 2026-07-03 13:25:07,712 log 3604 15284 Not Found: /favicon.ico
WARNING 2026-07-03 13:25:07,713 basehttp 3604 15284 "GET /favicon.ico HTTP/1.1" 404 43101
INFO 2026-07-03 13:25:13,053 basehttp 3604 15284 "GET /dashboard/ HTTP/1.1" 200 52711
INFO 2026-07-03 13:26:40,416 basehttp 3604 15284 "GET /editor/ModernEcommerce30/test4/ HTTP/1.1" 200 623865
INFO 2026-07-03 13:26:40,700 basehttp 3604 5880 "GET /builder/api/color-palettes/?page_subdomain=test4 HTTP/1.1" 200 86
INFO 2026-07-03 13:26:40,714 basehttp 3604 15284 "GET /builder/get-components/ HTTP/1.1" 200 23001
INFO 2026-07-03 13:26:40,760 basehttp 3604 5880 "GET /builder/api/color-palettes/?page_subdomain=test4 HTTP/1.1" 200 86
INFO 2026-07-03 13:26:40,784 basehttp 3604 15284 "GET /builder/load-template/ModernEcommerce30/?page=home&edit=test4 HTTP/1.1" 200 70955
INFO 2026-07-03 13:26:40,868 basehttp 3604 15284 "GET /builder/api/page-palette/test4/ HTTP/1.1" 200 31
INFO 2026-07-03 13:26:40,883 basehttp 3604 5880 "GET /builder/api/template-color-variables/ModernEcommerce30/ HTTP/1.1" 200 132
INFO 2026-07-03 13:26:41,128 basehttp 3604 5880 "GET /builder/api/page-palette/test4/ HTTP/1.1" 200 31
INFO 2026-07-03 13:46:45,828 basehttp 3604 13272 "GET /editor/ModernEcommerce30/test4/ HTTP/1.1" 200 623865
INFO 2026-07-03 13:46:46,082 basehttp 3604 4496 "GET /builder/api/color-palettes/?page_subdomain=test4 HTTP/1.1" 200 86
INFO 2026-07-03 13:46:46,113 basehttp 3604 13272 "GET /builder/get-components/ HTTP/1.1" 200 23001
INFO 2026-07-03 13:46:46,264 basehttp 3604 13272 "GET /builder/api/color-palettes/?page_subdomain=test4 HTTP/1.1" 200 86
INFO 2026-07-03 13:46:46,361 basehttp 3604 4496 "GET /builder/load-template/ModernEcommerce30/?page=home&edit=test4 HTTP/1.1" 200 70955
INFO 2026-07-03 13:46:46,468 basehttp 3604 4496 "GET /builder/api/page-palette/test4/ HTTP/1.1" 200 31
INFO 2026-07-03 13:46:46,520 basehttp 3604 13272 "GET /builder/api/template-color-variables/ModernEcommerce30/ HTTP/1.1" 200 132
INFO 2026-07-03 13:46:46,731 basehttp 3604 13272 "GET /builder/api/page-palette/test4/ HTTP/1.1" 200 31
INFO 2026-07-03 13:46:51,745 basehttp 3604 13272 "GET /dashboard/ HTTP/1.1" 200 52711
INFO 2026-07-03 13:46:58,833 basehttp 3604 7304 "GET / HTTP/1.1" 200 108053
WARNING 2026-07-03 13:46:59,175 log 3604 14956 Not Found: /favicon.ico
WARNING 2026-07-03 13:46:59,202 basehttp 3604 14956 "GET /favicon.ico HTTP/1.1" 404 43107
INFO 2026-07-03 13:46:59,586 basehttp 3604 5024 "GET /builder/cart/data/test4/ HTTP/1.1" 200 58
WARNING 2026-07-03 13:46:59,948 log 3604 7304 Not Found: /builder/wishlist/data/test4/
WARNING 2026-07-03 13:46:59,949 basehttp 3604 7304 "GET /builder/wishlist/data/test4/ HTTP/1.1" 404 76465
INFO 2026-07-03 13:47:17,027 basehttp 3604 7304 "GET /variant_images/1024px-HTML5_logo_and_wordmark_KD8zwcU.svg.png HTTP/1.1" 304 0
INFO 2026-07-03 13:47:22,832 basehttp 3604 7304 "GET /variant_images/1_NyBwnrM-CmtCeb1Ds5119w_EOXAQoN.png HTTP/1.1" 304 0
INFO 2026-07-03 13:47:45,134 basehttp 3604 7304 "POST /builder/cart/add/test4/ HTTP/1.1" 200 94
INFO 2026-07-03 13:47:45,562 basehttp 3604 7304 "GET /builder/cart/data/test4/ HTTP/1.1" 200 309
INFO 2026-07-03 13:47:50,454 basehttp 3604 7304 "POST /builder/cart/remove/test4/ HTTP/1.1" 200 94
INFO 2026-07-03 13:47:50,876 basehttp 3604 7304 "GET /builder/cart/data/test4/ HTTP/1.1" 200 58
INFO 2026-07-03 13:48:11,973 basehttp 3604 7304 "POST /builder/cart/add/test4/ HTTP/1.1" 200 94
INFO 2026-07-03 13:48:11,997 basehttp 3604 5024 "GET /payments/select-payment/test4/ HTTP/1.1" 200 90079
INFO 2026-07-03 13:48:12,467 basehttp 3604 5024 "GET /static/accounts/js/auth.js HTTP/1.1" 200 1805
INFO 2026-07-03 13:48:12,472 basehttp 3604 14956 "GET /static/js/checkout.js HTTP/1.1" 200 4447
INFO 2026-07-03 13:48:12,564 basehttp 3604 7304 "GET /builder/cart/data/test4/ HTTP/1.1" 200 300
INFO 2026-07-03 13:49:10,907 basehttp 3604 13272 "GET /editor/ModernEcommerce30/test4/ HTTP/1.1" 200 623865
INFO 2026-07-03 13:49:11,086 basehttp 3604 4496 "GET /builder/api/color-palettes/?page_subdomain=test4 HTTP/1.1" 200 86
INFO 2026-07-03 13:49:11,091 basehttp 3604 13272 "GET /builder/get-components/ HTTP/1.1" 200 23001
INFO 2026-07-03 13:49:11,180 basehttp 3604 13272 "GET /builder/load-template/ModernEcommerce30/?page=home&edit=test4 HTTP/1.1" 200 70955
INFO 2026-07-03 13:49:11,199 basehttp 3604 4496 "GET /builder/api/color-palettes/?page_subdomain=test4 HTTP/1.1" 200 86
INFO 2026-07-03 13:49:11,245 basehttp 3604 13272 "GET /builder/api/page-palette/test4/ HTTP/1.1" 200 31
INFO 2026-07-03 13:49:11,415 basehttp 3604 13272 "GET /builder/api/template-color-variables/ModernEcommerce30/ HTTP/1.1" 200 132
INFO 2026-07-03 13:49:11,520 basehttp 3604 13272 "GET /builder/api/page-palette/test4/ HTTP/1.1" 200 31
INFO 2026-07-03 13:49:37,668 basehttp 3604 13272 "POST /builder/publish/ HTTP/1.1" 200 191
INFO 2026-07-03 13:49:39,301 basehttp 3604 13272 "GET /builder/dashboard/ HTTP/1.1" 200 52712
INFO 2026-07-03 13:49:44,220 basehttp 3604 7304 "GET / HTTP/1.1" 200 108111
INFO 2026-07-03 13:49:44,725 basehttp 3604 7304 "GET /builder/cart/data/test4/ HTTP/1.1" 200 300
WARNING 2026-07-03 13:49:45,091 log 3604 14956 Not Found: /builder/wishlist/data/test4/
WARNING 2026-07-03 13:49:45,092 basehttp 3604 14956 "GET /builder/wishlist/data/test4/ HTTP/1.1" 404 76465
INFO 2026-07-03 13:49:45,588 basehttp 3604 14956 "GET / HTTP/1.1" 200 108111
WARNING 2026-07-03 13:49:45,713 log 3604 7304 Not Found: /builder/wishlist/data/test4/
WARNING 2026-07-03 13:49:45,724 basehttp 3604 7304 "GET /builder/wishlist/data/test4/ HTTP/1.1" 404 76465
INFO 2026-07-03 13:49:45,753 basehttp 3604 14956 "GET /builder/cart/data/test4/ HTTP/1.1" 200 300
INFO 2026-07-03 13:56:41,358 basehttp 3604 11216 "GET /editor/ModernEcommerce29/test3/ HTTP/1.1" 200 615117
INFO 2026-07-03 13:56:41,534 basehttp 3604 13308 "GET /builder/api/color-palettes/?page_subdomain=test3 HTTP/1.1" 200 86
INFO 2026-07-03 13:56:41,545 basehttp 3604 11216 "GET /builder/get-components/ HTTP/1.1" 200 23001
INFO 2026-07-03 13:56:41,630 basehttp 3604 13308 "GET /builder/api/color-palettes/?page_subdomain=test3 HTTP/1.1" 200 86
INFO 2026-07-03 13:56:41,648 basehttp 3604 11216 "GET /builder/load-template/ModernEcommerce29/?page=home&edit=test3 HTTP/1.1" 200 69760
INFO 2026-07-03 13:56:41,736 basehttp 3604 11216 "GET /builder/api/page-palette/test3/ HTTP/1.1" 200 31
INFO 2026-07-03 13:56:41,765 basehttp 3604 13308 "GET /builder/api/template-color-variables/ModernEcommerce29/ HTTP/1.1" 200 132
INFO 2026-07-03 13:56:41,913 basehttp 3604 13308 "GET /builder/api/page-palette/test3/ HTTP/1.1" 200 31
INFO 2026-07-03 13:56:48,912 basehttp 3604 13308 "GET /editor/ModernEcommerce28/test2/ HTTP/1.1" 200 630150
INFO 2026-07-03 13:56:49,079 basehttp 3604 11216 "GET /builder/api/color-palettes/?page_subdomain=test2 HTTP/1.1" 200 86
INFO 2026-07-03 13:56:49,086 basehttp 3604 13308 "GET /builder/get-components/ HTTP/1.1" 200 23001
INFO 2026-07-03 13:56:49,160 basehttp 3604 13308 "GET /builder/load-template/ModernEcommerce28/?page=home&edit=test2 HTTP/1.1" 200 61847
INFO 2026-07-03 13:56:49,186 basehttp 3604 11216 "GET /builder/api/color-palettes/?page_subdomain=test2 HTTP/1.1" 200 86
INFO 2026-07-03 13:56:49,229 basehttp 3604 11216 "GET /builder/api/page-palette/test2/ HTTP/1.1" 200 31
INFO 2026-07-03 13:56:49,578 basehttp 3604 11216 "GET /builder/api/template-color-variables/ModernEcommerce28/ HTTP/1.1" 200 132
INFO 2026-07-03 13:56:49,652 basehttp 3604 11216 "GET /builder/api/page-palette/test2/ HTTP/1.1" 200 31
INFO 2026-07-03 13:57:08,786 basehttp 3604 11216 "POST /builder/publish/ HTTP/1.1" 200 191
INFO 2026-07-03 13:57:10,434 basehttp 3604 11216 "GET /builder/dashboard/ HTTP/1.1" 200 52712
INFO 2026-07-03 13:57:14,934 basehttp 3604 3092 "GET / HTTP/1.1" 200 116831
WARNING 2026-07-03 13:57:16,151 log 3604 2852 Not Found: /builder/wishlist/data/test2/
WARNING 2026-07-03 13:57:16,159 basehttp 3604 2852 "GET /builder/wishlist/data/test2/ HTTP/1.1" 404 76465
WARNING 2026-07-03 13:57:16,175 log 3604 15776 Not Found: /favicon.ico
WARNING 2026-07-03 13:57:16,181 basehttp 3604 15776 "GET /favicon.ico HTTP/1.1" 404 43107
INFO 2026-07-03 13:57:16,184 basehttp 3604 3092 "GET /builder/cart/data/test2/ HTTP/1.1" 200 299
INFO 2026-07-03 13:57:16,634 basehttp 3604 3092 "GET /variant_images/11448a7a96ee808a3cdbaf0df9570976.webp HTTP/1.1" 304 0
INFO 2026-07-03 13:57:25,863 basehttp 3604 11216 "GET /editor/ModernEcommerce28/test2/ HTTP/1.1" 200 630927
INFO 2026-07-03 13:57:25,980 basehttp 3604 13308 "GET /builder/api/color-palettes/?page_subdomain=test2 HTTP/1.1" 200 86
INFO 2026-07-03 13:57:26,000 basehttp 3604 11216 "GET /builder/get-components/ HTTP/1.1" 200 23001
INFO 2026-07-03 13:57:26,074 basehttp 3604 11216 "GET /builder/load-template/ModernEcommerce28/?page=home&edit=test2 HTTP/1.1" 200 61847
INFO 2026-07-03 13:57:26,091 basehttp 3604 13308 "GET /builder/api/color-palettes/?page_subdomain=test2 HTTP/1.1" 200 86
INFO 2026-07-03 13:57:26,118 basehttp 3604 11216 "GET /builder/api/page-palette/test2/ HTTP/1.1" 200 31
INFO 2026-07-03 13:57:26,304 basehttp 3604 11216 "GET /builder/api/template-color-variables/ModernEcommerce28/ HTTP/1.1" 200 132
INFO 2026-07-03 13:57:26,335 basehttp 3604 11216 "GET /builder/api/page-palette/test2/ HTTP/1.1" 200 31
INFO 2026-07-03 14:00:07,475 basehttp 3604 11216 "GET /editor/ModernEcommerce28/test2/ HTTP/1.1" 200 630927
INFO 2026-07-03 14:00:07,629 basehttp 3604 13308 "GET /builder/api/color-palettes/?page_subdomain=test2 HTTP/1.1" 200 86
INFO 2026-07-03 14:00:07,642 basehttp 3604 11216 "GET /builder/get-components/ HTTP/1.1" 200 23001
INFO 2026-07-03 14:00:07,713 basehttp 3604 11216 "GET /builder/load-template/ModernEcommerce28/?page=home&edit=test2 HTTP/1.1" 200 61847
INFO 2026-07-03 14:00:07,723 basehttp 3604 13308 "GET /builder/api/color-palettes/?page_subdomain=test2 HTTP/1.1" 200 86
INFO 2026-07-03 14:00:07,758 basehttp 3604 13308 "GET /builder/api/page-palette/test2/ HTTP/1.1" 200 31
INFO 2026-07-03 14:00:07,871 basehttp 3604 13308 "GET /builder/api/template-color-variables/ModernEcommerce28/ HTTP/1.1" 200 132
INFO 2026-07-03 14:00:08,001 basehttp 3604 13308 "GET /builder/api/page-palette/test2/ HTTP/1.1" 200 31
INFO 2026-07-03 14:00:20,434 basehttp 3604 13308 "GET /editor/ModernEcommerce28/test2/ HTTP/1.1" 200 630927
INFO 2026-07-03 14:00:20,589 basehttp 3604 11216 "GET /builder/api/color-palettes/?page_subdomain=test2 HTTP/1.1" 200 86
INFO 2026-07-03 14:00:20,592 basehttp 3604 13308 "GET /builder/get-components/ HTTP/1.1" 200 23001
INFO 2026-07-03 14:00:20,672 basehttp 3604 13308 "GET /builder/load-template/ModernEcommerce28/?page=home&edit=test2 HTTP/1.1" 200 61847
INFO 2026-07-03 14:00:20,685 basehttp 3604 11216 "GET /builder/api/color-palettes/?page_subdomain=test2 HTTP/1.1" 200 86
INFO 2026-07-03 14:00:20,725 basehttp 3604 13308 "GET /builder/api/page-palette/test2/ HTTP/1.1" 200 31
INFO 2026-07-03 14:00:20,920 basehttp 3604 13308 "GET /builder/api/template-color-variables/ModernEcommerce28/ HTTP/1.1" 200 132
INFO 2026-07-03 14:00:20,993 basehttp 3604 13308 "GET /builder/api/page-palette/test2/ HTTP/1.1" 200 31
WARNING 2026-07-03 14:00:25,770 log 3604 13308 Not Found: /.well-known/appspecific/com.chrome.devtools.json
WARNING 2026-07-03 14:00:25,771 basehttp 3604 13308 "GET /.well-known/appspecific/com.chrome.devtools.json HTTP/1.1" 404 43249
INFO 2026-07-03 14:01:22,068 basehttp 3604 11216 "GET /editor/ModernEcommerce28/test2/ HTTP/1.1" 200 630927
INFO 2026-07-03 14:01:22,236 basehttp 3604 616 "GET /builder/api/color-palettes/?page_subdomain=test2 HTTP/1.1" 200 86
INFO 2026-07-03 14:01:22,242 basehttp 3604 11216 "GET /builder/get-components/ HTTP/1.1" 200 23001
INFO 2026-07-03 14:01:22,324 basehttp 3604 11216 "GET /builder/load-template/ModernEcommerce28/?page=home&edit=test2 HTTP/1.1" 200 61847
INFO 2026-07-03 14:01:22,326 basehttp 3604 616 "GET /builder/api/color-palettes/?page_subdomain=test2 HTTP/1.1" 200 86
INFO 2026-07-03 14:01:22,386 basehttp 3604 616 "GET /builder/api/page-palette/test2/ HTTP/1.1" 200 31
INFO 2026-07-03 14:01:22,504 basehttp 3604 616 "GET /builder/api/template-color-variables/ModernEcommerce28/ HTTP/1.1" 200 132
INFO 2026-07-03 14:01:22,624 basehttp 3604 616 "GET /builder/api/page-palette/test2/ HTTP/1.1" 200 31
INFO 2026-07-03 14:02:45,512 basehttp 3604 15372 "GET / HTTP/1.1" 200 108111
INFO 2026-07-03 14:02:46,264 basehttp 3604 15372 "GET /builder/cart/data/test4/ HTTP/1.1" 200 300
WARNING 2026-07-03 14:02:46,691 log 3604 3412 Not Found: /builder/wishlist/data/test4/
WARNING 2026-07-03 14:02:46,692 basehttp 3604 3412 "GET /builder/wishlist/data/test4/ HTTP/1.1" 404 76465
INFO 2026-07-03 14:28:56,894 basehttp 3604 9432 "GET /editor/ModernEcommerce30/test4/ HTTP/1.1" 200 624402
INFO 2026-07-03 14:28:57,251 basehttp 3604 15208 "GET /builder/api/color-palettes/?page_subdomain=test4 HTTP/1.1" 200 86
INFO 2026-07-03 14:28:57,303 basehttp 3604 9432 "GET /builder/get-components/ HTTP/1.1" 200 23001
INFO 2026-07-03 14:28:57,321 basehttp 3604 15208 "GET /builder/api/color-palettes/?page_subdomain=test4 HTTP/1.1" 200 86
INFO 2026-07-03 14:28:57,379 basehttp 3604 9432 "GET /builder/load-template/ModernEcommerce30/?page=home&edit=test4 HTTP/1.1" 200 81876
INFO 2026-07-03 14:28:57,417 basehttp 3604 15208 "GET /builder/api/template-color-variables/ModernEcommerce30/ HTTP/1.1" 200 132
INFO 2026-07-03 14:28:57,432 basehttp 3604 9432 "GET /builder/api/page-palette/test4/ HTTP/1.1" 200 31
INFO 2026-07-03 14:28:57,549 basehttp 3604 9432 "GET /builder/api/page-palette/test4/ HTTP/1.1" 200 31
INFO 2026-07-03 14:29:51,471 basehttp 3604 10716 "GET /editor/ModernEcommerce30/test4/ HTTP/1.1" 200 624402
INFO 2026-07-03 14:29:52,338 basehttp 3604 14232 "GET /builder/api/color-palettes/?page_subdomain=test4 HTTP/1.1" 200 86
INFO 2026-07-03 14:29:52,357 basehttp 3604 10716 "GET /builder/get-components/ HTTP/1.1" 200 23001
INFO 2026-07-03 14:29:52,442 basehttp 3604 14232 "GET /builder/load-template/ModernEcommerce30/?page=home&edit=test4 HTTP/1.1" 200 81876
INFO 2026-07-03 14:29:52,476 basehttp 3604 10716 "GET /builder/api/color-palettes/?page_subdomain=test4 HTTP/1.1" 200 86
INFO 2026-07-03 14:29:52,522 basehttp 3604 14232 "GET /builder/api/page-palette/test4/ HTTP/1.1" 200 31
INFO 2026-07-03 14:29:52,910 basehttp 3604 14232 "GET /builder/api/template-color-variables/ModernEcommerce30/ HTTP/1.1" 200 132
INFO 2026-07-03 14:29:53,221 basehttp 3604 14232 "GET /builder/api/page-palette/test4/ HTTP/1.1" 200 31
INFO 2026-07-03 14:37:26,153 basehttp 3604 7352 "GET /editor/ModernEcommerce30/test4/ HTTP/1.1" 200 624402
INFO 2026-07-03 14:37:26,376 basehttp 3604 15348 "GET /builder/api/color-palettes/?page_subdomain=test4 HTTP/1.1" 200 86
INFO 2026-07-03 14:37:26,391 basehttp 3604 7352 "GET /builder/get-components/ HTTP/1.1" 200 23001
INFO 2026-07-03 14:37:26,451 basehttp 3604 7352 "GET /builder/load-template/ModernEcommerce30/?page=home&edit=test4 HTTP/1.1" 200 86696
INFO 2026-07-03 14:37:26,487 basehttp 3604 15348 "GET /builder/api/color-palettes/?page_subdomain=test4 HTTP/1.1" 200 86
INFO 2026-07-03 14:37:26,516 basehttp 3604 7352 "GET /builder/api/page-palette/test4/ HTTP/1.1" 200 31
INFO 2026-07-03 14:37:26,673 basehttp 3604 7352 "GET /builder/api/template-color-variables/ModernEcommerce30/ HTTP/1.1" 200 132
INFO 2026-07-03 14:37:26,698 basehttp 3604 7352 "GET /builder/api/page-palette/test4/ HTTP/1.1" 200 31
INFO 2026-07-03 14:39:11,119 basehttp 3604 7352 "POST /builder/publish/ HTTP/1.1" 200 191
INFO 2026-07-03 14:39:13,131 basehttp 3604 7352 "GET /builder/dashboard/ HTTP/1.1" 200 52712
INFO 2026-07-03 14:39:18,502 basehttp 3604 12144 "GET / HTTP/1.1" 200 107900
INFO 2026-07-03 14:39:19,104 basehttp 3604 12144 "GET /builder/cart/data/test4/ HTTP/1.1" 200 300
WARNING 2026-07-03 14:39:19,563 log 3604 11788 Not Found: /builder/wishlist/data/test4/
WARNING 2026-07-03 14:39:19,565 basehttp 3604 11788 "GET /builder/wishlist/data/test4/ HTTP/1.1" 404 76465
INFO 2026-07-03 14:39:32,664 basehttp 3604 7352 "GET /editor/ModernEcommerce30/test4/ HTTP/1.1" 200 628767
INFO 2026-07-03 14:39:32,808 basehttp 3604 15348 "GET /builder/api/color-palettes/?page_subdomain=test4 HTTP/1.1" 200 86
INFO 2026-07-03 14:39:32,817 basehttp 3604 7352 "GET /builder/get-components/ HTTP/1.1" 200 23001
INFO 2026-07-03 14:39:32,857 basehttp 3604 7352 "GET /builder/load-template/ModernEcommerce30/?page=home&edit=test4 HTTP/1.1" 200 86696
INFO 2026-07-03 14:39:32,901 basehttp 3604 15348 "GET /builder/api/page-palette/test4/ HTTP/1.1" 200 31
INFO 2026-07-03 14:39:32,912 basehttp 3604 7352 "GET /builder/api/color-palettes/?page_subdomain=test4 HTTP/1.1" 200 86
INFO 2026-07-03 14:39:33,042 basehttp 3604 7352 "GET /builder/api/template-color-variables/ModernEcommerce30/ HTTP/1.1" 200 132
INFO 2026-07-03 14:39:33,129 basehttp 3604 7352 "GET /builder/api/page-palette/test4/ HTTP/1.1" 200 31
INFO 2026-07-03 14:40:21,364 basehttp 3604 7352 "GET /templates/ HTTP/1.1" 200 45868
INFO 2026-07-03 14:40:30,065 basehttp 3604 7352 "GET /editor/ModernEcommerce30/ HTTP/1.1" 200 595457
INFO 2026-07-03 14:40:30,241 basehttp 3604 15348 "GET /builder/api/color-palettes/ HTTP/1.1" 200 86
INFO 2026-07-03 14:40:30,257 basehttp 3604 7352 "GET /builder/get-components/ HTTP/1.1" 200 23001
INFO 2026-07-03 14:40:30,292 basehttp 3604 7352 "GET /builder/load-template/ModernEcommerce30/?page=home HTTP/1.1" 200 86696
INFO 2026-07-03 14:40:30,339 basehttp 3604 15348 "GET /builder/api/color-palettes/ HTTP/1.1" 200 86
INFO 2026-07-03 14:40:30,623 basehttp 3604 15348 "GET /builder/api/template-color-variables/ModernEcommerce30/ HTTP/1.1" 200 132
INFO 2026-07-03 14:40:43,825 basehttp 3604 15348 "GET /builder/api/check-subdomain/?subdomain=t HTTP/1.1" 200 159
INFO 2026-07-03 14:40:51,049 basehttp 3604 15348 "GET /builder/api/check-subdomain/?subdomain=test HTTP/1.1" 200 117
INFO 2026-07-03 14:40:52,092 basehttp 3604 15348 "GET /builder/api/check-subdomain/?subdomain=test4b HTTP/1.1" 200 119
INFO 2026-07-03 14:51:08,697 basehttp 3604 1764 "GET /editor/ModernEcommerce30/ HTTP/1.1" 200 595457
INFO 2026-07-03 14:51:08,926 basehttp 3604 5084 "GET /builder/api/color-palettes/ HTTP/1.1" 200 86
INFO 2026-07-03 14:51:08,941 basehttp 3604 1764 "GET /builder/get-components/ HTTP/1.1" 200 23001
INFO 2026-07-03 14:51:08,992 basehttp 3604 1764 "GET /builder/load-template/ModernEcommerce30/?page=home HTTP/1.1" 200 87890
INFO 2026-07-03 14:51:09,028 basehttp 3604 5084 "GET /builder/api/color-palettes/ HTTP/1.1" 200 86
INFO 2026-07-03 14:51:09,251 basehttp 3604 5084 "GET /builder/api/template-color-variables/ModernEcommerce30/ HTTP/1.1" 200 132
INFO 2026-07-03 14:51:12,561 basehttp 3604 5084 "GET /builder/api/check-subdomain/?subdomain=t HTTP/1.1" 200 159
INFO 2026-07-03 14:51:21,599 basehttp 3604 5084 "GET /builder/api/check-subdomain/?subdomain=test4b HTTP/1.1" 200 119
INFO 2026-07-03 14:51:55,762 basehttp 3604 5084 "POST /builder/publish/ HTTP/1.1" 200 193
INFO 2026-07-03 14:51:57,433 basehttp 3604 5084 "GET /builder/dashboard/ HTTP/1.1" 200 56987
INFO 2026-07-03 14:52:02,221 basehttp 3604 10464 "GET / HTTP/1.1" 200 107904
INFO 2026-07-03 14:52:02,705 basehttp 3604 10464 "GET /builder/cart/data/test4b/ HTTP/1.1" 200 58
WARNING 2026-07-03 14:52:03,103 log 3604 4524 Not Found: /builder/wishlist/data/test4b/
WARNING 2026-07-03 14:52:03,110 basehttp 3604 4524 "GET /builder/wishlist/data/test4b/ HTTP/1.1" 404 76470
WARNING 2026-07-03 14:52:03,148 log 3604 14400 Not Found: /favicon.ico
WARNING 2026-07-03 14:52:03,151 basehttp 3604 14400 "GET /favicon.ico HTTP/1.1" 404 43108
INFO 2026-07-03 14:52:26,019 basehttp 3604 5084 "GET /editor/ModernEcommerce30/test4b/ HTTP/1.1" 200 636768
INFO 2026-07-03 14:52:26,264 basehttp 3604 1764 "GET /builder/api/color-palettes/?page_subdomain=test4b HTTP/1.1" 200 86
INFO 2026-07-03 14:52:26,276 basehttp 3604 5084 "GET /builder/get-components/ HTTP/1.1" 200 23001
INFO 2026-07-03 14:52:26,364 basehttp 3604 1764 "GET /builder/api/color-palettes/?page_subdomain=test4b HTTP/1.1" 200 86
INFO 2026-07-03 14:52:26,410 basehttp 3604 5084 "GET /builder/load-template/ModernEcommerce30/?page=home&edit=test4b HTTP/1.1" 200 87890
INFO 2026-07-03 14:52:26,506 basehttp 3604 5084 "GET /builder/api/page-palette/test4b/ HTTP/1.1" 200 31
INFO 2026-07-03 14:52:26,723 basehttp 3604 1764 "GET /builder/api/template-color-variables/ModernEcommerce30/ HTTP/1.1" 200 132
INFO 2026-07-03 14:52:26,759 basehttp 3604 1764 "GET /builder/api/page-palette/test4b/ HTTP/1.1" 200 31
INFO 2026-07-06 06:43:02,342 autoreload 19408 15684 Watching for file changes with StatReloader
INFO 2026-07-06 06:43:19,607 basehttp 19408 7820 "GET / HTTP/1.1" 200 52774
WARNING 2026-07-06 06:43:20,086 log 19408 11900 Not Found: /favicon.ico
WARNING 2026-07-06 06:43:20,087 basehttp 19408 11900 "GET /favicon.ico HTTP/1.1" 404 43101
INFO 2026-07-06 06:43:22,347 basehttp 19408 2968 "GET /dashboard/ HTTP/1.1" 200 57943
INFO 2026-07-06 06:43:26,358 basehttp 19408 2968 "GET /editor/ModernEcommerce30/test4b/ HTTP/1.1" 200 636768
INFO 2026-07-06 06:43:26,612 basehttp 19408 16696 "GET /builder/api/color-palettes/?page_subdomain=test4b HTTP/1.1" 200 86
INFO 2026-07-06 06:43:26,673 basehttp 19408 2968 "GET /builder/get-components/ HTTP/1.1" 200 23001
INFO 2026-07-06 06:43:26,734 basehttp 19408 16696 "GET /builder/api/color-palettes/?page_subdomain=test4b HTTP/1.1" 200 86
INFO 2026-07-06 06:43:26,756 basehttp 19408 2968 "GET /builder/load-template/ModernEcommerce30/?page=home&edit=test4b HTTP/1.1" 200 87890
INFO 2026-07-06 06:43:26,839 basehttp 19408 2968 "GET /builder/api/page-palette/test4b/ HTTP/1.1" 200 31
INFO 2026-07-06 06:43:27,012 basehttp 19408 16696 "GET /builder/api/template-color-variables/ModernEcommerce30/ HTTP/1.1" 200 132
INFO 2026-07-06 06:43:27,110 basehttp 19408 16696 "GET /builder/api/page-palette/test4b/ HTTP/1.1" 200 31
INFO 2026-07-06 06:43:39,034 basehttp 19408 16696 "POST /builder/publish/ HTTP/1.1" 200 193
INFO 2026-07-06 06:43:40,766 basehttp 19408 16696 "GET /builder/dashboard/ HTTP/1.1" 200 57943
INFO 2026-07-06 06:43:45,304 basehttp 19408 19248 "GET / HTTP/1.1" 200 107961
WARNING 2026-07-06 06:43:46,047 log 19408 19248 Not Found: /builder/wishlist/data/test4b/
WARNING 2026-07-06 06:43:46,059 basehttp 19408 19248 "GET /builder/wishlist/data/test4b/ HTTP/1.1" 404 76470
WARNING 2026-07-06 06:43:46,079 log 19408 11220 Not Found: /favicon.ico
WARNING 2026-07-06 06:43:46,080 basehttp 19408 11220 "GET /favicon.ico HTTP/1.1" 404 43108
INFO 2026-07-06 06:43:46,397 basehttp 19408 11020 "GET /builder/cart/data/test4b/ HTTP/1.1" 200 58
INFO 2026-07-06 06:43:53,097 basehttp 19408 16696 "GET /editor/ModernEcommerce30/test4b/ HTTP/1.1" 200 637007
INFO 2026-07-06 06:43:53,234 basehttp 19408 2968 "GET /builder/api/color-palettes/?page_subdomain=test4b HTTP/1.1" 200 86
INFO 2026-07-06 06:43:53,247 basehttp 19408 16696 "GET /builder/get-components/ HTTP/1.1" 200 23001
INFO 2026-07-06 06:43:53,283 basehttp 19408 16696 "GET /builder/load-template/ModernEcommerce30/?page=home&edit=test4b HTTP/1.1" 200 87890
INFO 2026-07-06 06:43:53,326 basehttp 19408 2968 "GET /builder/api/color-palettes/?page_subdomain=test4b HTTP/1.1" 200 86
INFO 2026-07-06 06:43:53,331 basehttp 19408 16696 "GET /builder/api/page-palette/test4b/ HTTP/1.1" 200 31
INFO 2026-07-06 06:43:53,451 basehttp 19408 16696 "GET /builder/api/template-color-variables/ModernEcommerce30/ HTTP/1.1" 200 132
INFO 2026-07-06 06:43:53,545 basehttp 19408 16696 "GET /builder/api/page-palette/test4b/ HTTP/1.1" 200 31
INFO 2026-07-06 06:45:06,356 basehttp 19408 16696 "POST /builder/publish/ HTTP/1.1" 200 193
INFO 2026-07-06 06:45:08,159 basehttp 19408 16696 "GET /builder/dashboard/ HTTP/1.1" 200 57941
INFO 2026-07-06 06:45:09,902 basehttp 19408 11020 "GET / HTTP/1.1" 200 107904
INFO 2026-07-06 06:45:10,499 basehttp 19408 11020 "GET /builder/cart/data/test4b/ HTTP/1.1" 200 58
WARNING 2026-07-06 06:45:10,720 log 19408 11220 Not Found: /builder/wishlist/data/test4b/
WARNING 2026-07-06 06:45:10,721 basehttp 19408 11220 "GET /builder/wishlist/data/test4b/ HTTP/1.1" 404 76470
INFO 2026-07-06 06:46:04,216 basehttp 19408 16696 "GET /builder/dashboard/ HTTP/1.1" 200 57941
INFO 2026-07-06 06:46:27,697 basehttp 19408 16696 "GET /admin/ HTTP/1.1" 200 54573
INFO 2026-07-06 06:46:27,767 basehttp 19408 16696 "GET /static/admin/css/dashboard.css HTTP/1.1" 304 0
INFO 2026-07-06 06:46:27,782 basehttp 19408 16696 "GET /static/admin/img/icon-deletelink.svg HTTP/1.1" 304 0
INFO 2026-07-06 06:46:35,883 basehttp 19408 16696 "GET /admin/builder/publishedpage/ HTTP/1.1" 200 48173
INFO 2026-07-06 06:46:35,934 basehttp 19408 16696 "GET /admin/jsi18n/ HTTP/1.1" 200 3342
INFO 2026-07-06 06:46:49,459 basehttp 19408 16696 "POST /admin/builder/publishedpage/ HTTP/1.1" 200 47170
INFO 2026-07-06 06:46:49,708 basehttp 19408 16696 "GET /static/admin/js/cancel.js HTTP/1.1" 200 884
INFO 2026-07-06 06:46:56,900 basehttp 19408 16696 "POST /admin/builder/publishedpage/ HTTP/1.1" 302 0
INFO 2026-07-06 06:46:57,048 basehttp 19408 16696 "GET /admin/builder/publishedpage/ HTTP/1.1" 200 47712
INFO 2026-07-06 06:46:57,114 basehttp 19408 16696 "GET /admin/jsi18n/ HTTP/1.1" 200 3342
INFO 2026-07-06 06:47:01,866 basehttp 19408 11220 "GET / HTTP/1.1" 200 52768
INFO 2026-07-06 06:47:01,971 basehttp 19408 11020 "GET /static/images/Elan-noir.png HTTP/1.1" 200 724295
INFO 2026-07-06 06:47:01,979 basehttp 19408 11220 "GET /static/images/landing/landing-hero.png HTTP/1.1" 200 97489
INFO 2026-07-06 06:47:01,986 basehttp 19408 19248 "GET /static/images/tech-sphere.png HTTP/1.1" 200 961500
INFO 2026-07-06 06:47:02,036 basehttp 19408 11020 "GET /static/images/elegance-lux.png HTTP/1.1" 200 920529
INFO 2026-07-06 06:47:06,780 basehttp 19408 16696 "GET /builder/dashboard/ HTTP/1.1" 200 52712
INFO 2026-07-06 06:47:09,469 basehttp 19408 16696 "GET /templates/ HTTP/1.1" 200 45868
INFO 2026-07-06 06:47:23,116 basehttp 19408 16696 "GET /editor/ModernEcommerce30/ HTTP/1.1" 200 595457
INFO 2026-07-06 06:47:23,271 basehttp 19408 2968 "GET /builder/api/color-palettes/ HTTP/1.1" 200 86
INFO 2026-07-06 06:47:23,291 basehttp 19408 16696 "GET /builder/get-components/ HTTP/1.1" 200 23001
INFO 2026-07-06 06:47:23,328 basehttp 19408 16696 "GET /builder/load-template/ModernEcommerce30/?page=home HTTP/1.1" 200 87890
INFO 2026-07-06 06:47:23,388 basehttp 19408 16696 "GET /builder/api/color-palettes/ HTTP/1.1" 200 86
INFO 2026-07-06 06:47:23,569 basehttp 19408 16696 "GET /builder/api/template-color-variables/ModernEcommerce30/ HTTP/1.1" 200 132
INFO 2026-07-06 06:47:26,193 basehttp 19408 16696 "GET /builder/api/check-subdomain/?subdomain=t HTTP/1.1" 200 159
INFO 2026-07-06 06:47:32,102 basehttp 19408 16696 "GET /builder/api/check-subdomain/?subdomain=test HTTP/1.1" 200 117
INFO 2026-07-06 06:47:35,506 basehttp 19408 16696 "GET /builder/api/check-subdomain/?subdomain=test4 HTTP/1.1" 200 189
INFO 2026-07-06 06:47:36,903 basehttp 19408 16696 "GET /builder/api/check-subdomain/?subdomain=test4b HTTP/1.1" 200 119
INFO 2026-07-06 06:47:55,797 basehttp 19408 16696 "POST /builder/publish/ HTTP/1.1" 200 193
INFO 2026-07-06 06:47:57,430 basehttp 19408 16696 "GET /builder/dashboard/ HTTP/1.1" 200 56987
INFO 2026-07-06 06:48:04,908 basehttp 19408 11020 "GET / HTTP/1.1" 200 107961
INFO 2026-07-06 06:48:05,760 basehttp 19408 11020 "GET /builder/cart/data/test4b/ HTTP/1.1" 200 58
WARNING 2026-07-06 06:48:06,173 log 19408 19248 Not Found: /builder/wishlist/data/test4b/
WARNING 2026-07-06 06:48:06,174 basehttp 19408 19248 "GET /builder/wishlist/data/test4b/ HTTP/1.1" 404 76470
INFO 2026-07-06 06:48:22,783 basehttp 19408 16696 "GET /editor/ModernEcommerce30/test4b/ HTTP/1.1" 200 637007
INFO 2026-07-06 06:48:22,924 basehttp 19408 2968 "GET /builder/api/color-palettes/?page_subdomain=test4b HTTP/1.1" 200 86
INFO 2026-07-06 06:48:22,946 basehttp 19408 16696 "GET /builder/get-components/ HTTP/1.1" 200 23001
INFO 2026-07-06 06:48:23,011 basehttp 19408 16696 "GET /builder/load-template/ModernEcommerce30/?page=home&edit=test4b HTTP/1.1" 200 87890
INFO 2026-07-06 06:48:23,033 basehttp 19408 2968 "GET /builder/api/color-palettes/?page_subdomain=test4b HTTP/1.1" 200 86
INFO 2026-07-06 06:48:23,064 basehttp 19408 16696 "GET /builder/api/page-palette/test4b/ HTTP/1.1" 200 31
INFO 2026-07-06 06:48:23,217 basehttp 19408 16696 "GET /builder/api/template-color-variables/ModernEcommerce30/ HTTP/1.1" 200 132
INFO 2026-07-06 06:48:23,289 basehttp 19408 16696 "GET /builder/api/page-palette/test4b/ HTTP/1.1" 200 31
INFO 2026-07-06 06:51:05,615 basehttp 19408 19248 "GET / HTTP/1.1" 200 107963
WARNING 2026-07-06 06:51:06,464 log 19408 11020 Not Found: /builder/wishlist/data/test4b/
WARNING 2026-07-06 06:51:06,468 basehttp 19408 11020 "GET /builder/wishlist/data/test4b/ HTTP/1.1" 404 76470
INFO 2026-07-06 06:51:06,470 basehttp 19408 19248 "GET /builder/cart/data/test4b/ HTTP/1.1" 200 58
INFO 2026-07-06 06:55:54,321 basehttp 19408 19248 "GET / HTTP/1.1" 200 107773
INFO 2026-07-06 06:55:54,836 basehttp 19408 19248 "GET /builder/cart/data/test4b/ HTTP/1.1" 200 58
WARNING 2026-07-06 06:55:55,228 log 19408 11020 Not Found: /builder/wishlist/data/test4b/
WARNING 2026-07-06 06:55:55,230 basehttp 19408 11020 "GET /builder/wishlist/data/test4b/ HTTP/1.1" 404 76470
INFO 2026-07-06 07:01:24,877 basehttp 19408 5468 "GET / HTTP/1.1" 200 107774
WARNING 2026-07-06 07:01:25,724 log 19408 15832 Not Found: /builder/wishlist/data/test4b/
INFO 2026-07-06 07:01:25,725 basehttp 19408 5468 "GET /builder/cart/data/test4b/ HTTP/1.1" 200 58
WARNING 2026-07-06 07:01:25,726 basehttp 19408 15832 "GET /builder/wishlist/data/test4b/ HTTP/1.1" 404 76470
INFO 2026-07-06 07:01:54,684 basehttp 19408 10152 "GET /editor/ModernEcommerce30/test4b/ HTTP/1.1" 200 637007
INFO 2026-07-06 07:01:54,906 basehttp 19408 9304 "GET /builder/api/color-palettes/?page_subdomain=test4b HTTP/1.1" 200 86
INFO 2026-07-06 07:01:54,918 basehttp 19408 10152 "GET /builder/get-components/ HTTP/1.1" 200 23001
INFO 2026-07-06 07:01:54,989 basehttp 19408 9304 "GET /builder/api/color-palettes/?page_subdomain=test4b HTTP/1.1" 200 86
INFO 2026-07-06 07:01:55,002 basehttp 19408 10152 "GET /builder/load-template/ModernEcommerce30/?page=home&edit=test4b HTTP/1.1" 200 87877
INFO 2026-07-06 07:01:55,065 basehttp 19408 10152 "GET /builder/api/page-palette/test4b/ HTTP/1.1" 200 31
INFO 2026-07-06 07:01:55,086 basehttp 19408 9304 "GET /builder/api/template-color-variables/ModernEcommerce30/ HTTP/1.1" 200 132
INFO 2026-07-06 07:01:55,211 basehttp 19408 9304 "GET /builder/api/page-palette/test4b/ HTTP/1.1" 200 31
INFO 2026-07-06 07:06:53,282 basehttp 19408 9304 "GET /dashboard/ HTTP/1.1" 200 57941
INFO 2026-07-06 07:06:58,748 basehttp 19408 11288 "GET / HTTP/1.1" 200 107949
INFO 2026-07-06 07:06:59,452 basehttp 19408 13080 "GET /builder/cart/data/test4/ HTTP/1.1" 200 300
WARNING 2026-07-06 07:06:59,936 log 19408 11288 Not Found: /builder/wishlist/data/test4/
WARNING 2026-07-06 07:06:59,951 basehttp 19408 11288 "GET /builder/wishlist/data/test4/ HTTP/1.1" 404 76465
INFO 2026-07-06 07:07:00,013 basehttp 19408 13080 "GET /variant_images/1_NyBwnrM-CmtCeb1Ds5119w_EOXAQoN.png HTTP/1.1" 304 0
WARNING 2026-07-06 07:07:00,014 log 19408 11268 Not Found: /favicon.ico
WARNING 2026-07-06 07:07:00,018 basehttp 19408 11268 "GET /favicon.ico HTTP/1.1" 404 43107
INFO 2026-07-06 07:07:15,289 basehttp 19408 11268 "GET /payments/select-payment/test4/ HTTP/1.1" 200 90079
INFO 2026-07-06 07:09:03,223 basehttp 19408 9672 "GET / HTTP/1.1" 200 107774
INFO 2026-07-06 07:09:03,895 basehttp 19408 9672 "GET /builder/cart/data/test4b/ HTTP/1.1" 200 58
WARNING 2026-07-06 07:09:04,341 log 19408 4512 Not Found: /builder/wishlist/data/test4b/
WARNING 2026-07-06 07:09:04,344 basehttp 19408 4512 "GET /builder/wishlist/data/test4b/ HTTP/1.1" 404 76470
INFO 2026-07-06 07:09:07,807 basehttp 19408 9304 "GET /manage-products/test4b/ HTTP/1.1" 200 70876
INFO 2026-07-06 07:09:39,643 basehttp 19408 9304 "POST /add-product-simple/test4b/ HTTP/1.1" 200 34
INFO 2026-07-06 07:09:41,292 basehttp 19408 9304 "GET /manage-products/test4b/ HTTP/1.1" 200 75043
INFO 2026-07-06 07:09:44,452 basehttp 19408 9304 "GET /product-editor/test4b/5/ HTTP/1.1" 200 80882
INFO 2026-07-06 07:09:46,270 basehttp 19408 9304 "GET /variants/test4b/5/ HTTP/1.1" 200 58548
INFO 2026-07-06 07:10:36,651 basehttp 19408 9304 "POST /builder/api/add-variant-simple/test4b/5/ HTTP/1.1" 200 144
INFO 2026-07-06 07:10:37,230 basehttp 19408 9304 "GET /variants/test4b/5/ HTTP/1.1" 200 59874
INFO 2026-07-06 07:10:37,289 basehttp 19408 9304 "GET /variant_images/1024px-HTML5_logo_and_wordmark_2xnUo6E.svg.png HTTP/1.1" 200 30317
INFO 2026-07-06 07:11:52,822 basehttp 19408 9304 "POST /builder/api/add-variant-simple/test4b/5/ HTTP/1.1" 200 145
INFO 2026-07-06 07:11:53,408 basehttp 19408 9304 "GET /variants/test4b/5/ HTTP/1.1" 200 61766
INFO 2026-07-06 07:11:53,472 basehttp 19408 9116 "GET /variant_images/1024px-HTML5_logo_and_wordmark_2xnUo6E.svg.png HTTP/1.1" 304 0
INFO 2026-07-06 07:11:53,476 basehttp 19408 9304 "GET /variant_images/1_NyBwnrM-CmtCeb1Ds5119w_GeeC61a.png HTTP/1.1" 200 45429
INFO 2026-07-06 07:12:00,702 basehttp 19408 4512 "GET / HTTP/1.1" 200 110323
INFO 2026-07-06 07:12:01,121 basehttp 19408 4512 "GET /builder/cart/data/test4b/ HTTP/1.1" 200 58
WARNING 2026-07-06 07:12:01,450 log 19408 9672 Not Found: /builder/wishlist/data/test4b/
WARNING 2026-07-06 07:12:01,452 basehttp 19408 9672 "GET /builder/wishlist/data/test4b/ HTTP/1.1" 404 76470
INFO 2026-07-06 07:12:04,311 basehttp 19408 9672 "GET /variant_images/1024px-HTML5_logo_and_wordmark_2xnUo6E.svg.png HTTP/1.1" 200 30317
INFO 2026-07-06 07:12:14,551 basehttp 19408 9672 "GET /variant_images/1_NyBwnrM-CmtCeb1Ds5119w_GeeC61a.png HTTP/1.1" 200 45429
INFO 2026-07-06 07:12:36,992 basehttp 19408 9672 "POST /builder/cart/add/test4b/ HTTP/1.1" 200 95
INFO 2026-07-06 07:12:37,451 basehttp 19408 9672 "GET /builder/cart/data/test4b/ HTTP/1.1" 200 298
INFO 2026-07-06 07:17:56,617 basehttp 19408 10012 "GET /editor/ModernEcommerce30/test4b/ HTTP/1.1" 200 637007
INFO 2026-07-06 07:17:56,759 basehttp 19408 5584 "GET /builder/api/color-palettes/?page_subdomain=test4b HTTP/1.1" 200 86
INFO 2026-07-06 07:17:56,769 basehttp 19408 10012 "GET /builder/get-components/ HTTP/1.1" 200 23001
INFO 2026-07-06 07:17:56,807 basehttp 19408 10012 "GET /builder/load-template/ModernEcommerce30/?page=home&edit=test4b HTTP/1.1" 200 87877
INFO 2026-07-06 07:17:56,874 basehttp 19408 5584 "GET /builder/api/page-palette/test4b/ HTTP/1.1" 200 31
INFO 2026-07-06 07:17:56,874 basehttp 19408 10012 "GET /builder/api/color-palettes/?page_subdomain=test4b HTTP/1.1" 200 86
INFO 2026-07-06 07:17:57,102 basehttp 19408 10012 "GET /builder/api/template-color-variables/ModernEcommerce30/ HTTP/1.1" 200 132
INFO 2026-07-06 07:17:57,136 basehttp 19408 10012 "GET /builder/api/page-palette/test4b/ HTTP/1.1" 200 31
INFO 2026-07-06 07:20:29,657 basehttp 19408 11860 "GET / HTTP/1.1" 200 110324
INFO 2026-07-06 07:20:30,312 basehttp 19408 11860 "GET /builder/cart/data/test4b/ HTTP/1.1" 200 298
WARNING 2026-07-06 07:20:30,482 log 19408 12284 Not Found: /builder/wishlist/data/test4b/
WARNING 2026-07-06 07:20:30,491 basehttp 19408 12284 "GET /builder/wishlist/data/test4b/ HTTP/1.1" 404 76470
INFO 2026-07-06 07:20:30,496 basehttp 19408 11860 "GET /variant_images/1_NyBwnrM-CmtCeb1Ds5119w_GeeC61a.png HTTP/1.1" 304 0
INFO 2026-07-06 07:21:00,928 basehttp 19408 11860 "GET / HTTP/1.1" 200 110337
WARNING 2026-07-06 07:21:01,825 log 19408 12284 Not Found: /builder/wishlist/data/test4b/
INFO 2026-07-06 07:21:01,833 basehttp 19408 11860 "GET /builder/cart/data/test4b/ HTTP/1.1" 200 298
WARNING 2026-07-06 07:21:01,833 basehttp 19408 12284 "GET /builder/wishlist/data/test4b/ HTTP/1.1" 404 76470
INFO 2026-07-06 07:21:29,228 basehttp 19408 19272 "GET / HTTP/1.1" 200 107963
WARNING 2026-07-06 07:21:30,139 log 19408 4264 Not Found: /builder/wishlist/data/test4/
WARNING 2026-07-06 07:21:30,145 basehttp 19408 4264 "GET /builder/wishlist/data/test4/ HTTP/1.1" 404 76465
INFO 2026-07-06 07:21:30,146 basehttp 19408 19272 "GET /builder/cart/data/test4/ HTTP/1.1" 200 300
INFO 2026-07-06 07:42:58,115 basehttp 19408 17740 "POST /builder/publish/ HTTP/1.1" 200 193
INFO 2026-07-06 07:42:59,778 basehttp 19408 17740 "GET /builder/dashboard/ HTTP/1.1" 200 57942
INFO 2026-07-06 07:43:05,949 basehttp 19408 14660 "GET / HTTP/1.1" 200 110337
INFO 2026-07-06 07:43:06,442 basehttp 19408 14660 "GET /builder/cart/data/test4b/ HTTP/1.1" 200 298
WARNING 2026-07-06 07:43:06,875 log 19408 10508 Not Found: /builder/wishlist/data/test4b/
WARNING 2026-07-06 07:43:06,883 basehttp 19408 10508 "GET /builder/wishlist/data/test4b/ HTTP/1.1" 404 76470
INFO 2026-07-06 07:43:06,888 basehttp 19408 14660 "GET /variant_images/1_NyBwnrM-CmtCeb1Ds5119w_GeeC61a.png HTTP/1.1" 304 0
INFO 2026-07-06 07:48:07,124 basehttp 19408 7548 "GET / HTTP/1.1" 200 110405
WARNING 2026-07-06 07:48:08,088 log 19408 17832 Not Found: /builder/wishlist/data/test4b/
INFO 2026-07-06 07:48:08,093 basehttp 19408 7548 "GET /builder/cart/data/test4b/ HTTP/1.1" 200 298
WARNING 2026-07-06 07:48:08,094 basehttp 19408 17832 "GET /builder/wishlist/data/test4b/ HTTP/1.1" 404 76470
INFO 2026-07-06 07:48:08,127 basehttp 19408 17832 "GET /variant_images/1_NyBwnrM-CmtCeb1Ds5119w_GeeC61a.png HTTP/1.1" 304 0
INFO 2026-07-06 07:48:20,963 basehttp 19408 13716 "GET / HTTP/1.1" 200 108031
WARNING 2026-07-06 07:48:21,644 log 19408 16772 Not Found: /builder/wishlist/data/test4/
WARNING 2026-07-06 07:48:21,650 basehttp 19408 16772 "GET /builder/wishlist/data/test4/ HTTP/1.1" 404 76465
INFO 2026-07-06 07:48:21,808 basehttp 19408 13716 "GET /builder/cart/data/test4/ HTTP/1.1" 200 300
INFO 2026-07-06 07:48:27,097 basehttp 19408 10456 "GET /editor/ModernEcommerce30/test4b/ HTTP/1.1" 200 637247
INFO 2026-07-06 07:48:27,255 basehttp 19408 13024 "GET /builder/api/color-palettes/?page_subdomain=test4b HTTP/1.1" 200 86
INFO 2026-07-06 07:48:27,267 basehttp 19408 10456 "GET /builder/get-components/ HTTP/1.1" 200 23001
INFO 2026-07-06 07:48:27,320 basehttp 19408 10456 "GET /builder/load-template/ModernEcommerce30/?page=home&edit=test4b HTTP/1.1" 200 87883
INFO 2026-07-06 07:48:27,367 basehttp 19408 13024 "GET /builder/api/color-palettes/?page_subdomain=test4b HTTP/1.1" 200 86
INFO 2026-07-06 07:48:27,380 basehttp 19408 10456 "GET /builder/api/page-palette/test4b/ HTTP/1.1" 200 31
INFO 2026-07-06 07:48:27,500 basehttp 19408 10456 "GET /builder/api/template-color-variables/ModernEcommerce30/ HTTP/1.1" 200 132
INFO 2026-07-06 07:48:27,645 basehttp 19408 10456 "GET /builder/api/page-palette/test4b/ HTTP/1.1" 200 31
INFO 2026-07-06 07:53:52,946 basehttp 19408 19444 "GET /editor/ModernEcommerce30/test4b/ HTTP/1.1" 200 637247
INFO 2026-07-06 07:53:53,142 basehttp 19408 11940 "GET /builder/api/color-palettes/?page_subdomain=test4b HTTP/1.1" 200 86
INFO 2026-07-06 07:53:53,146 basehttp 19408 19444 "GET /builder/get-components/ HTTP/1.1" 200 23001
INFO 2026-07-06 07:53:53,214 basehttp 19408 19444 "GET /builder/load-template/ModernEcommerce30/?page=home&edit=test4b HTTP/1.1" 200 87883
INFO 2026-07-06 07:53:53,228 basehttp 19408 11940 "GET /builder/api/color-palettes/?page_subdomain=test4b HTTP/1.1" 200 86
INFO 2026-07-06 07:53:53,274 basehttp 19408 11940 "GET /builder/api/page-palette/test4b/ HTTP/1.1" 200 31
INFO 2026-07-06 07:53:53,460 basehttp 19408 11940 "GET /builder/api/template-color-variables/ModernEcommerce30/ HTTP/1.1" 200 132
INFO 2026-07-06 07:53:53,571 basehttp 19408 11940 "GET /builder/api/page-palette/test4b/ HTTP/1.1" 200 31
INFO 2026-07-06 07:55:06,009 basehttp 19408 11940 "GET /editor/ModernEcommerce30/test4b/ HTTP/1.1" 200 637247
INFO 2026-07-06 07:55:06,146 basehttp 19408 19444 "GET /builder/api/color-palettes/?page_subdomain=test4b HTTP/1.1" 200 86
INFO 2026-07-06 07:55:06,157 basehttp 19408 11940 "GET /builder/get-components/ HTTP/1.1" 200 23001
INFO 2026-07-06 07:55:06,206 basehttp 19408 11940 "GET /builder/load-template/ModernEcommerce30/?page=home&edit=test4b HTTP/1.1" 200 87883
INFO 2026-07-06 07:55:06,241 basehttp 19408 19444 "GET /builder/api/color-palettes/?page_subdomain=test4b HTTP/1.1" 200 86
INFO 2026-07-06 07:55:06,253 basehttp 19408 11940 "GET /builder/api/page-palette/test4b/ HTTP/1.1" 200 31
INFO 2026-07-06 07:55:06,324 basehttp 19408 11940 "GET /builder/api/template-color-variables/ModernEcommerce30/ HTTP/1.1" 200 132
INFO 2026-07-06 07:55:06,416 basehttp 19408 11940 "GET /builder/api/page-palette/test4b/ HTTP/1.1" 200 31
INFO 2026-07-06 07:56:14,390 basehttp 19408 11940 "POST /builder/publish/ HTTP/1.1" 200 193
INFO 2026-07-06 07:56:16,082 basehttp 19408 11940 "GET /builder/dashboard/ HTTP/1.1" 200 57942
INFO 2026-07-06 07:56:20,305 basehttp 19408 17664 "GET / HTTP/1.1" 200 110405
WARNING 2026-07-06 07:56:21,271 log 19408 16792 Not Found: /builder/wishlist/data/test4b/
WARNING 2026-07-06 07:56:21,286 basehttp 19408 16792 "GET /builder/wishlist/data/test4b/ HTTP/1.1" 404 76470
INFO 2026-07-06 07:56:21,303 basehttp 19408 17664 "GET /builder/cart/data/test4b/ HTTP/1.1" 200 298
INFO 2026-07-06 07:56:21,404 basehttp 19408 17664 "GET /variant_images/1_NyBwnrM-CmtCeb1Ds5119w_GeeC61a.png HTTP/1.1" 304 0
INFO 2026-07-06 07:56:24,703 basehttp 19408 17664 "GET / HTTP/1.1" 200 110405
WARNING 2026-07-06 07:56:25,687 log 19408 16792 Not Found: /builder/wishlist/data/test4b/
INFO 2026-07-06 07:56:25,688 basehttp 19408 17664 "GET /builder/cart/data/test4b/ HTTP/1.1" 200 298
WARNING 2026-07-06 07:56:25,693 basehttp 19408 16792 "GET /builder/wishlist/data/test4b/ HTTP/1.1" 404 76470
INFO 2026-07-06 07:57:02,617 basehttp 19408 16792 "GET / HTTP/1.1" 200 110405
WARNING 2026-07-06 07:57:03,603 log 19408 17664 Not Found: /builder/wishlist/data/test4b/
INFO 2026-07-06 07:57:03,604 basehttp 19408 16792 "GET /builder/cart/data/test4b/ HTTP/1.1" 200 298
WARNING 2026-07-06 07:57:03,607 basehttp 19408 17664 "GET /builder/wishlist/data/test4b/ HTTP/1.1" 404 76470
INFO 2026-07-06 07:57:06,180 basehttp 19408 15564 "GET / HTTP/1.1" 200 108031
WARNING 2026-07-06 07:57:06,699 log 19408 4952 Not Found: /builder/wishlist/data/test4/
WARNING 2026-07-06 07:57:06,701 basehttp 19408 4952 "GET /builder/wishlist/data/test4/ HTTP/1.1" 404 76465
INFO 2026-07-06 07:57:07,126 basehttp 19408 15564 "GET /builder/cart/data/test4/ HTTP/1.1" 200 300
INFO 2026-07-06 07:59:14,420 basehttp 19408 17664 "GET / HTTP/1.1" 200 110522
WARNING 2026-07-06 07:59:15,458 log 19408 16792 Not Found: /builder/wishlist/data/test4b/
WARNING 2026-07-06 07:59:15,473 basehttp 19408 16792 "GET /builder/wishlist/data/test4b/ HTTP/1.1" 404 76470
INFO 2026-07-06 07:59:15,489 basehttp 19408 17664 "GET /builder/cart/data/test4b/ HTTP/1.1" 200 298
INFO 2026-07-06 08:06:27,101 basehttp 19408 12880 "GET /admin/builder/template/ HTTP/1.1" 200 42686
INFO 2026-07-06 08:06:27,153 basehttp 19408 12880 "GET /admin/jsi18n/ HTTP/1.1" 200 3342
INFO 2026-07-06 08:06:29,844 basehttp 19408 12880 "GET /admin/builder/template/add/ HTTP/1.1" 200 51155
INFO 2026-07-06 08:06:29,884 basehttp 19408 12880 "GET /admin/jsi18n/ HTTP/1.1" 200 3342
INFO 2026-07-06 08:07:33,060 basehttp 19408 12880 "POST /admin/builder/template/add/ HTTP/1.1" 302 0
INFO 2026-07-06 08:07:33,243 basehttp 19408 12880 "GET /admin/builder/template/ HTTP/1.1" 200 43228
INFO 2026-07-06 08:07:33,324 basehttp 19408 12880 "GET /admin/jsi18n/ HTTP/1.1" 200 3342
INFO 2026-07-06 08:07:52,123 basehttp 19408 12880 "GET /templates/ HTTP/1.1" 200 49901
INFO 2026-07-06 08:07:57,835 basehttp 19408 12880 "GET /editor/ModernEcommerce31/ HTTP/1.1" 200 595457
INFO 2026-07-06 08:07:57,981 basehttp 19408 16872 "GET /builder/api/color-palettes/ HTTP/1.1" 200 86
INFO 2026-07-06 08:07:57,990 basehttp 19408 12880 "GET /builder/get-components/ HTTP/1.1" 200 23001
INFO 2026-07-06 08:07:58,031 basehttp 19408 12880 "GET /builder/load-template/ModernEcommerce31/?page=home HTTP/1.1" 200 86629
INFO 2026-07-06 08:07:58,070 basehttp 19408 16872 "GET /builder/api/color-palettes/ HTTP/1.1" 200 86
INFO 2026-07-06 08:07:58,402 basehttp 19408 16872 "GET /builder/api/template-color-variables/ModernEcommerce31/ HTTP/1.1" 200 132
INFO 2026-07-06 08:39:33,726 basehttp 19408 1180 "GET /editor/ModernEcommerce31/ HTTP/1.1" 200 595457
INFO 2026-07-06 08:39:36,474 basehttp 19408 10780 "GET /builder/api/color-palettes/ HTTP/1.1" 200 86
INFO 2026-07-06 08:39:36,576 basehttp 19408 1180 "GET /builder/get-components/ HTTP/1.1" 200 23001
INFO 2026-07-06 08:39:36,577 basehttp 19408 10780 "GET /builder/api/color-palettes/ HTTP/1.1" 200 86
INFO 2026-07-06 08:39:36,626 basehttp 19408 10780 "GET /builder/load-template/ModernEcommerce31/?page=home HTTP/1.1" 200 71727
INFO 2026-07-06 08:39:37,389 basehttp 19408 10780 "GET /builder/api/template-color-variables/ModernEcommerce31/ HTTP/1.1" 200 132
INFO 2026-07-06 09:08:44,898 basehttp 19408 7556 "GET /editor/ModernEcommerce31/ HTTP/1.1" 200 595457
INFO 2026-07-06 09:08:45,083 basehttp 19408 18840 "GET /builder/api/color-palettes/ HTTP/1.1" 200 86
INFO 2026-07-06 09:08:45,111 basehttp 19408 7556 "GET /builder/get-components/ HTTP/1.1" 200 23001
INFO 2026-07-06 09:08:45,186 basehttp 19408 18840 "GET /builder/load-template/ModernEcommerce31/?page=home HTTP/1.1" 200 71733
INFO 2026-07-06 09:08:45,205 basehttp 19408 7556 "GET /builder/api/color-palettes/ HTTP/1.1" 200 86
INFO 2026-07-06 09:08:45,434 basehttp 19408 7556 "GET /builder/api/template-color-variables/ModernEcommerce31/ HTTP/1.1" 200 132
INFO 2026-07-06 09:10:02,974 basehttp 19408 7556 "GET /editor/ModernEcommerce31/ HTTP/1.1" 200 595457
INFO 2026-07-06 09:10:03,162 basehttp 19408 18840 "GET /builder/api/color-palettes/ HTTP/1.1" 200 86
INFO 2026-07-06 09:10:03,167 basehttp 19408 7556 "GET /builder/get-components/ HTTP/1.1" 200 23001
INFO 2026-07-06 09:10:03,230 basehttp 19408 7556 "GET /builder/load-template/ModernEcommerce31/?page=home HTTP/1.1" 200 71735
INFO 2026-07-06 09:10:03,250 basehttp 19408 18840 "GET /builder/api/color-palettes/ HTTP/1.1" 200 86
INFO 2026-07-06 09:10:03,533 basehttp 19408 18840 "GET /builder/api/template-color-variables/ModernEcommerce31/ HTTP/1.1" 200 132
INFO 2026-07-06 09:11:39,319 basehttp 19408 18840 "POST /builder/publish/ HTTP/1.1" 200 191
INFO 2026-07-06 09:11:41,026 basehttp 19408 18840 "GET /builder/dashboard/ HTTP/1.1" 200 62214
INFO 2026-07-06 09:11:45,845 basehttp 19408 11112 "GET / HTTP/1.1" 200 103098
WARNING 2026-07-06 09:11:46,188 log 19408 9524 Not Found: /favicon.ico
WARNING 2026-07-06 09:11:46,190 basehttp 19408 9524 "GET /favicon.ico HTTP/1.1" 404 43107
WARNING 2026-07-06 09:11:46,609 log 19408 3316 Not Found: /builder/wishlist/data/test5/
WARNING 2026-07-06 09:11:46,610 basehttp 19408 3316 "GET /builder/wishlist/data/test5/ HTTP/1.1" 404 76465
INFO 2026-07-06 09:11:46,931 basehttp 19408 11112 "GET /builder/cart/data/test5/ HTTP/1.1" 200 58
INFO 2026-07-06 09:12:05,177 basehttp 19408 18840 "GET /manage-products/test5/ HTTP/1.1" 200 70849
INFO 2026-07-06 09:12:33,716 basehttp 19408 18840 "POST /add-product-simple/test5/ HTTP/1.1" 200 34
INFO 2026-07-06 09:12:35,347 basehttp 19408 18840 "GET /manage-products/test5/ HTTP/1.1" 200 75010
INFO 2026-07-06 09:12:38,237 basehttp 19408 18840 "GET /product-editor/test5/6/ HTTP/1.1" 200 80868
INFO 2026-07-06 09:12:40,293 basehttp 19408 18840 "GET /variants/test5/6/ HTTP/1.1" 200 58543
INFO 2026-07-06 09:13:09,994 basehttp 19408 15412 "POST /builder/api/add-variant-simple/test5/6/ HTTP/1.1" 200 144
INFO 2026-07-06 09:13:10,586 basehttp 19408 15412 "GET /variants/test5/6/ HTTP/1.1" 200 59869
INFO 2026-07-06 09:13:10,644 basehttp 19408 15412 "GET /variant_images/1024px-HTML5_logo_and_wordmark_GzMoFbS.svg.png HTTP/1.1" 200 30317
INFO 2026-07-06 09:13:52,021 basehttp 19408 15412 "POST /builder/api/add-variant-simple/test5/6/ HTTP/1.1" 200 146
INFO 2026-07-06 09:13:52,604 basehttp 19408 15412 "GET /variants/test5/6/ HTTP/1.1" 200 61768
INFO 2026-07-06 09:13:52,660 basehttp 19408 16656 "GET /variant_images/1024px-HTML5_logo_and_wordmark_GzMoFbS.svg.png HTTP/1.1" 304 0
INFO 2026-07-06 09:13:52,664 basehttp 19408 15412 "GET /variant_images/bootstrap-original-wordmark-8x_BMo7CXs.png HTTP/1.1" 200 79761
INFO 2026-07-06 09:13:57,171 basehttp 19408 19428 "GET / HTTP/1.1" 200 105679
INFO 2026-07-06 09:13:57,767 basehttp 19408 19428 "GET /builder/cart/data/test5/ HTTP/1.1" 200 58
WARNING 2026-07-06 09:13:58,167 log 19408 17620 Not Found: /builder/wishlist/data/test5/
WARNING 2026-07-06 09:13:58,170 basehttp 19408 17620 "GET /builder/wishlist/data/test5/ HTTP/1.1" 404 76465
INFO 2026-07-06 09:14:02,376 basehttp 19408 17620 "GET /variant_images/1024px-HTML5_logo_and_wordmark_GzMoFbS.svg.png HTTP/1.1" 200 30317
INFO 2026-07-06 09:14:08,797 basehttp 19408 17620 "GET /variant_images/bootstrap-original-wordmark-8x_BMo7CXs.png HTTP/1.1" 200 79761
INFO 2026-07-06 09:14:27,615 basehttp 19408 17620 "GET /variant_images/1024px-HTML5_logo_and_wordmark_GzMoFbS.svg.png HTTP/1.1" 304 0
INFO 2026-07-06 09:14:49,399 basehttp 19408 17620 "GET /variant_images/bootstrap-original-wordmark-8x_BMo7CXs.png HTTP/1.1" 304 0
INFO 2026-07-06 09:18:50,439 basehttp 19408 17620 "GET / HTTP/1.1" 200 105616
INFO 2026-07-06 09:18:50,952 basehttp 19408 17620 "GET /builder/cart/data/test5/ HTTP/1.1" 200 58
WARNING 2026-07-06 09:18:51,401 log 19408 19428 Not Found: /builder/wishlist/data/test5/
WARNING 2026-07-06 09:18:51,411 basehttp 19408 19428 "GET /builder/wishlist/data/test5/ HTTP/1.1" 404 76465
INFO 2026-07-06 09:18:52,188 basehttp 19408 19428 "GET /variant_images/1024px-HTML5_logo_and_wordmark_GzMoFbS.svg.png HTTP/1.1" 304 0
INFO 2026-07-06 09:18:57,916 basehttp 19408 19428 "GET /variant_images/bootstrap-original-wordmark-8x_BMo7CXs.png HTTP/1.1" 304 0
INFO 2026-07-06 09:20:04,790 basehttp 19408 19428 "POST /builder/review/submit/test5/ HTTP/1.1" 200 77
INFO 2026-07-06 09:20:04,826 basehttp 19408 19428 "GET /variant_images/1024px-HTML5_logo_and_wordmark_GzMoFbS.svg.png HTTP/1.1" 304 0
INFO 2026-07-06 09:20:18,249 basehttp 19408 19428 "GET / HTTP/1.1" 200 105927
INFO 2026-07-06 09:20:18,677 basehttp 19408 19428 "GET /builder/cart/data/test5/ HTTP/1.1" 200 58
WARNING 2026-07-06 09:20:19,040 log 19408 17620 Not Found: /builder/wishlist/data/test5/
WARNING 2026-07-06 09:20:19,041 basehttp 19408 17620 "GET /builder/wishlist/data/test5/ HTTP/1.1" 404 76465
INFO 2026-07-06 09:22:34,533 autoreload 6308 3524 Watching for file changes with StatReloader
INFO 2026-07-06 09:22:46,738 basehttp 6308 13648 "GET / HTTP/1.1" 200 52774
WARNING 2026-07-06 09:22:47,207 log 6308 8584 Not Found: /favicon.ico
WARNING 2026-07-06 09:22:47,211 basehttp 6308 8584 "GET /favicon.ico HTTP/1.1" 404 43101
INFO 2026-07-06 09:22:50,630 basehttp 6308 7752 "GET /dashboard/ HTTP/1.1" 200 63168
INFO 2026-07-06 09:22:54,591 basehttp 6308 18092 "GET / HTTP/1.1" 200 105927
WARNING 2026-07-06 09:22:55,569 log 6308 16972 Not Found: /builder/wishlist/data/test5/
WARNING 2026-07-06 09:22:55,574 basehttp 6308 16972 "GET /builder/wishlist/data/test5/ HTTP/1.1" 404 76465
INFO 2026-07-06 09:22:55,580 basehttp 6308 18092 "GET /builder/cart/data/test5/ HTTP/1.1" 200 58
WARNING 2026-07-06 09:22:55,603 log 6308 14176 Not Found: /favicon.ico
WARNING 2026-07-06 09:22:55,608 basehttp 6308 14176 "GET /favicon.ico HTTP/1.1" 404 43107
INFO 2026-07-06 09:22:56,905 basehttp 6308 14176 "GET /variant_images/1024px-HTML5_logo_and_wordmark_GzMoFbS.svg.png HTTP/1.1" 304 0
INFO 2026-07-06 10:45:18,965 autoreload 2616 15404 Watching for file changes with StatReloader
INFO 2026-07-06 10:45:33,427 basehttp 2616 2772 "GET / HTTP/1.1" 200 52774
WARNING 2026-07-06 10:45:34,409 log 2616 2772 Not Found: /favicon.ico
WARNING 2026-07-06 10:45:34,412 basehttp 2616 2772 "GET /favicon.ico HTTP/1.1" 404 43101
INFO 2026-07-06 10:45:36,840 basehttp 2616 2772 "GET /dashboard/ HTTP/1.1" 200 63168
INFO 2026-07-06 10:45:55,155 basehttp 2616 12064 "GET / HTTP/1.1" 200 105927
WARNING 2026-07-06 10:45:55,974 log 2616 6236 Not Found: /builder/wishlist/data/test5/
WARNING 2026-07-06 10:45:55,978 basehttp 2616 6236 "GET /builder/wishlist/data/test5/ HTTP/1.1" 404 76465
WARNING 2026-07-06 10:45:55,999 log 2616 7464 Not Found: /favicon.ico
WARNING 2026-07-06 10:45:56,000 basehttp 2616 7464 "GET /favicon.ico HTTP/1.1" 404 43107
INFO 2026-07-06 10:45:56,307 basehttp 2616 12064 "GET /builder/cart/data/test5/ HTTP/1.1" 200 58
INFO 2026-07-06 10:46:07,291 basehttp 2616 2772 "GET /editor/ModernEcommerce31/test5/ HTTP/1.1" 200 624377
INFO 2026-07-06 10:46:07,543 basehttp 2616 15640 "GET /builder/api/color-palettes/?page_subdomain=test5 HTTP/1.1" 200 86
INFO 2026-07-06 10:46:07,562 basehttp 2616 2772 "GET /builder/get-components/ HTTP/1.1" 200 23001
INFO 2026-07-06 10:46:07,639 basehttp 2616 2772 "GET /builder/api/color-palettes/?page_subdomain=test5 HTTP/1.1" 200 86
INFO 2026-07-06 10:46:07,672 basehttp 2616 15640 "GET /builder/load-template/ModernEcommerce31/?page=home&edit=test5 HTTP/1.1" 200 71735
INFO 2026-07-06 10:46:07,726 basehttp 2616 15640 "GET /builder/api/page-palette/test5/ HTTP/1.1" 200 31
INFO 2026-07-06 10:46:07,777 basehttp 2616 2772 "GET /builder/api/template-color-variables/ModernEcommerce31/ HTTP/1.1" 200 132
INFO 2026-07-06 10:46:08,002 basehttp 2616 2772 "GET /builder/api/page-palette/test5/ HTTP/1.1" 200 31
INFO 2026-07-06 10:46:38,354 basehttp 2616 12064 "GET /variant_images/1024px-HTML5_logo_and_wordmark_GzMoFbS.svg.png HTTP/1.1" 304 0
WARNING 2026-07-06 10:47:34,829 log 2616 12064 Not Found: /.well-known/appspecific/com.chrome.devtools.json
WARNING 2026-07-06 10:47:34,832 basehttp 2616 12064 "GET /.well-known/appspecific/com.chrome.devtools.json HTTP/1.1" 404 43255
INFO 2026-07-06 11:11:01,997 basehttp 2616 11588 "GET / HTTP/1.1" 200 87524
INFO 2026-07-06 11:11:31,762 basehttp 2616 11588 "GET / HTTP/1.1" 200 105943
INFO 2026-07-06 11:11:32,197 basehttp 2616 11588 "GET /builder/cart/data/test5/ HTTP/1.1" 200 58
WARNING 2026-07-06 11:11:32,650 log 2616 2732 Not Found: /builder/wishlist/data/test5/
WARNING 2026-07-06 11:11:32,651 basehttp 2616 2732 "GET /builder/wishlist/data/test5/ HTTP/1.1" 404 76465
INFO 2026-07-06 11:11:52,317 basehttp 2616 10348 "GET /editor/ModernEcommerce31/test5/ HTTP/1.1" 200 624377
INFO 2026-07-06 11:11:52,517 basehttp 2616 6908 "GET /builder/api/color-palettes/?page_subdomain=test5 HTTP/1.1" 200 86
INFO 2026-07-06 11:11:52,624 basehttp 2616 6908 "GET /builder/api/color-palettes/?page_subdomain=test5 HTTP/1.1" 200 86
INFO 2026-07-06 11:11:52,727 basehttp 2616 10348 "GET /builder/get-components/ HTTP/1.1" 200 23001
INFO 2026-07-06 11:11:52,774 basehttp 2616 6908 "GET /builder/api/template-color-variables/ModernEcommerce31/ HTTP/1.1" 200 132
INFO 2026-07-06 11:11:52,808 basehttp 2616 6908 "GET /builder/api/page-palette/test5/ HTTP/1.1" 200 31
INFO 2026-07-06 11:11:52,821 basehttp 2616 10348 "GET /builder/load-template/ModernEcommerce31/?page=home&edit=test5 HTTP/1.1" 200 87403
INFO 2026-07-06 11:11:52,857 basehttp 2616 10348 "GET /builder/api/page-palette/test5/ HTTP/1.1" 200 31
INFO 2026-07-06 11:12:14,396 basehttp 2616 2732 "GET /variant_images/1024px-HTML5_logo_and_wordmark_GzMoFbS.svg.png HTTP/1.1" 304 0
INFO 2026-07-06 11:16:53,007 basehttp 2616 2732 "GET / HTTP/1.1" 200 105907
INFO 2026-07-06 11:16:53,452 basehttp 2616 2732 "GET /builder/cart/data/test5/ HTTP/1.1" 200 58
WARNING 2026-07-06 11:16:53,821 log 2616 11656 Not Found: /builder/wishlist/data/test5/
WARNING 2026-07-06 11:16:53,822 basehttp 2616 11656 "GET /builder/wishlist/data/test5/ HTTP/1.1" 404 76465
INFO 2026-07-06 11:19:03,711 basehttp 2616 11656 "GET /variant_images/bootstrap-original-wordmark-8x_BMo7CXs.png HTTP/1.1" 304 0
INFO 2026-07-06 11:19:09,927 basehttp 2616 11656 "POST /builder/cart/add/test5/ HTTP/1.1" 200 94
INFO 2026-07-06 11:19:10,709 basehttp 2616 11656 "GET /builder/cart/data/test5/ HTTP/1.1" 200 304
INFO 2026-07-06 11:19:10,749 basehttp 2616 2732 "GET /payments/select-payment/test5/ HTTP/1.1" 200 90079
INFO 2026-07-06 11:19:11,142 basehttp 2616 11656 "GET /static/js/checkout.js HTTP/1.1" 200 4447
INFO 2026-07-06 11:19:11,146 basehttp 2616 2732 "GET /static/accounts/js/auth.js HTTP/1.1" 200 1805
INFO 2026-07-06 11:19:35,925 basehttp 2616 2732 "GET / HTTP/1.1" 200 105907
INFO 2026-07-06 11:19:36,504 basehttp 2616 2732 "GET /builder/cart/data/test5/ HTTP/1.1" 200 304
WARNING 2026-07-06 11:19:37,040 log 2616 11656 Not Found: /builder/wishlist/data/test5/
WARNING 2026-07-06 11:19:37,053 basehttp 2616 11656 "GET /builder/wishlist/data/test5/ HTTP/1.1" 404 76465
INFO 2026-07-06 11:21:13,346 basehttp 2616 11656 "GET / HTTP/1.1" 200 105907
WARNING 2026-07-06 11:21:14,326 log 2616 2732 Not Found: /builder/wishlist/data/test5/
WARNING 2026-07-06 11:21:14,329 basehttp 2616 2732 "GET /builder/wishlist/data/test5/ HTTP/1.1" 404 76465
INFO 2026-07-06 11:21:14,340 basehttp 2616 11656 "GET /builder/cart/data/test5/ HTTP/1.1" 200 304
INFO 2026-07-06 11:28:55,113 basehttp 2616 5528 "GET / HTTP/1.1" 200 105858
INFO 2026-07-06 11:28:55,555 basehttp 2616 5528 "GET /builder/cart/data/test5/ HTTP/1.1" 200 304
WARNING 2026-07-06 11:28:55,900 log 2616 13848 Not Found: /builder/wishlist/data/test5/
WARNING 2026-07-06 11:28:55,902 basehttp 2616 13848 "GET /builder/wishlist/data/test5/ HTTP/1.1" 404 76465
INFO 2026-07-06 11:30:22,808 basehttp 2616 13848 "GET /variant_images/1024px-HTML5_logo_and_wordmark_GzMoFbS.svg.png HTTP/1.1" 304 0
INFO 2026-07-06 11:44:31,866 basehttp 2616 10576 "GET / HTTP/1.1" 200 52768
INFO 2026-07-06 11:44:32,294 basehttp 2616 10576 "GET /static/images/landing/landing-hero.png HTTP/1.1" 200 97489
INFO 2026-07-06 11:44:32,351 basehttp 2616 5580 "GET /static/images/tech-sphere.png HTTP/1.1" 200 961500
INFO 2026-07-06 11:44:32,361 basehttp 2616 14192 "GET /static/images/Elan-noir.png HTTP/1.1" 200 724295
INFO 2026-07-06 11:44:32,369 basehttp 2616 7900 "GET /static/images/elegance-lux.png HTTP/1.1" 200 920529
WARNING 2026-07-06 11:44:32,433 log 2616 7900 Not Found: /favicon.ico
WARNING 2026-07-06 11:44:32,434 basehttp 2616 7900 "GET /favicon.ico HTTP/1.1" 404 43101
INFO 2026-07-06 11:44:40,637 basehttp 2616 7552 "GET / HTTP/1.1" 200 52768
WARNING 2026-07-06 11:44:41,111 log 2616 7552 Not Found: /favicon.ico
WARNING 2026-07-06 11:44:41,112 basehttp 2616 7552 "GET /favicon.ico HTTP/1.1" 404 43101
INFO 2026-07-06 11:50:45,810 basehttp 2616 15036 "GET /templates/ HTTP/1.1" 200 49901
INFO 2026-07-06 12:38:55,759 basehttp 2616 17112 "GET /templates/ HTTP/1.1" 200 49901
INFO 2026-07-06 12:39:01,050 basehttp 2616 17112 "GET /admin/ HTTP/1.1" 200 55279
INFO 2026-07-06 12:40:07,578 basehttp 2616 17112 "GET /admin/builder/template/ HTTP/1.1" 200 43000
INFO 2026-07-06 12:40:07,640 basehttp 2616 17112 "GET /admin/jsi18n/ HTTP/1.1" 200 3342
INFO 2026-07-06 12:41:43,843 basehttp 2616 17112 "GET /admin/builder/template/add/ HTTP/1.1" 200 51155
INFO 2026-07-06 12:41:43,888 basehttp 2616 17112 "GET /admin/jsi18n/ HTTP/1.1" 200 3342
INFO 2026-07-06 12:46:10,489 basehttp 2616 17112 "POST /admin/builder/template/add/ HTTP/1.1" 200 51444
INFO 2026-07-06 12:46:10,555 basehttp 2616 17112 "GET /admin/jsi18n/ HTTP/1.1" 200 3342
INFO 2026-07-06 12:46:23,691 basehttp 2616 17112 "POST /admin/builder/template/add/ HTTP/1.1" 302 0
INFO 2026-07-06 12:46:23,752 basehttp 2616 17112 "GET /admin/builder/template/ HTTP/1.1" 200 43533
INFO 2026-07-06 12:46:23,795 basehttp 2616 17112 "GET /admin/jsi18n/ HTTP/1.1" 200 3342
INFO 2026-07-06 12:46:53,320 basehttp 2616 17112 "GET /templates/ HTTP/1.1" 200 53928
INFO 2026-07-06 12:47:10,960 basehttp 2616 17112 "GET /editor/ModernEcommerce32/ HTTP/1.1" 200 595457
INFO 2026-07-06 12:47:11,296 basehttp 2616 13840 "GET /builder/api/color-palettes/ HTTP/1.1" 200 86
INFO 2026-07-06 12:47:11,408 basehttp 2616 13840 "GET /builder/api/color-palettes/ HTTP/1.1" 200 86
INFO 2026-07-06 12:47:11,513 basehttp 2616 17112 "GET /builder/get-components/ HTTP/1.1" 200 23001
INFO 2026-07-06 12:47:11,598 basehttp 2616 17112 "GET /builder/load-template/ModernEcommerce32/?page=home HTTP/1.1" 200 60714
INFO 2026-07-06 12:47:11,786 basehttp 2616 13840 "GET /builder/api/template-color-variables/ModernEcommerce32/ HTTP/1.1" 200 724
INFO 2026-07-06 12:47:55,378 basehttp 2616 13940 "GET /editor/ModernEcommerce32/ HTTP/1.1" 200 595457
INFO 2026-07-06 12:47:55,573 basehttp 2616 11632 "GET /builder/api/color-palettes/ HTTP/1.1" 200 86
INFO 2026-07-06 12:47:55,675 basehttp 2616 13940 "GET /builder/get-components/ HTTP/1.1" 200 23001
INFO 2026-07-06 12:47:55,691 basehttp 2616 11632 "GET /builder/api/color-palettes/ HTTP/1.1" 200 86
INFO 2026-07-06 12:47:55,759 basehttp 2616 13940 "GET /builder/load-template/ModernEcommerce32/?page=home HTTP/1.1" 200 60714
INFO 2026-07-06 12:47:55,888 basehttp 2616 11632 "GET /builder/api/template-color-variables/ModernEcommerce32/ HTTP/1.1" 200 724
INFO 2026-07-06 12:49:19,150 basehttp 2616 6984 "POST /builder/publish/ HTTP/1.1" 200 191
INFO 2026-07-06 12:49:21,100 basehttp 2616 6984 "GET /builder/dashboard/ HTTP/1.1" 200 67438
INFO 2026-07-06 12:49:55,028 basehttp 2616 18284 "GET / HTTP/1.1" 200 86744
WARNING 2026-07-06 12:49:55,498 log 2616 16732 Not Found: /favicon.ico
WARNING 2026-07-06 12:49:55,501 basehttp 2616 16732 "GET /favicon.ico HTTP/1.1" 404 43107
WARNING 2026-07-06 12:49:55,889 log 2616 16092 Not Found: /builder/wishlist/data/test6/
WARNING 2026-07-06 12:49:55,891 basehttp 2616 16092 "GET /builder/wishlist/data/test6/ HTTP/1.1" 404 76465
INFO 2026-07-06 12:49:56,225 basehttp 2616 18284 "GET /builder/cart/data/test6/ HTTP/1.1" 200 58
INFO 2026-07-06 12:52:59,989 basehttp 2616 6984 "GET /manage-products/test6/ HTTP/1.1" 200 70849
INFO 2026-07-06 12:53:36,971 basehttp 2616 6984 "POST /add-product-simple/test6/ HTTP/1.1" 200 34
INFO 2026-07-06 12:53:38,560 basehttp 2616 6984 "GET /manage-products/test6/ HTTP/1.1" 200 75006
INFO 2026-07-06 12:53:46,912 basehttp 2616 6984 "GET /product-editor/test6/7/ HTTP/1.1" 200 80864
INFO 2026-07-06 12:53:49,060 basehttp 2616 6984 "GET /variants/test6/7/ HTTP/1.1" 200 58543
INFO 2026-07-06 12:54:39,649 basehttp 2616 6984 "POST /builder/api/add-variant-simple/test6/7/ HTTP/1.1" 200 144
INFO 2026-07-06 12:54:40,217 basehttp 2616 6984 "GET /variants/test6/7/ HTTP/1.1" 200 59869
INFO 2026-07-06 12:54:40,267 basehttp 2616 6984 "GET /variant_images/1024px-HTML5_logo_and_wordmark_wkVocme.svg.png HTTP/1.1" 200 30317
INFO 2026-07-06 12:55:45,319 basehttp 2616 6984 "POST /builder/api/add-variant-simple/test6/7/ HTTP/1.1" 200 144
INFO 2026-07-06 12:55:45,903 basehttp 2616 6984 "GET /variants/test6/7/ HTTP/1.1" 200 61759
INFO 2026-07-06 12:55:45,953 basehttp 2616 12500 "GET /variant_images/1024px-HTML5_logo_and_wordmark_wkVocme.svg.png HTTP/1.1" 304 0
INFO 2026-07-06 12:55:45,953 basehttp 2616 6984 "GET /variant_images/ajax-logo_oHInHB0.jpg_QjkAM5zT2.jpg HTTP/1.1" 200 22380
ERROR 2026-07-06 12:55:56,548 log 2616 488 Internal Server Error: /
Traceback (most recent call last):
  File "C:\Users\user\AppData\Roaming\Python\Python313\site-packages\django\template\base.py", line 890, in _resolve_lookup
    raise TypeError
TypeError

During handling of the above exception, another exception occurred:

Traceback (most recent call last):
  File "C:\Users\user\AppData\Roaming\Python\Python313\site-packages\django\template\base.py", line 901, in _resolve_lookup
    current = getattr(current, bit)
AttributeError: 'Product' object has no attribute 'notes'

During handling of the above exception, another exception occurred:

Traceback (most recent call last):
  File "C:\Users\user\AppData\Roaming\Python\Python313\site-packages\django\template\base.py", line 907, in _resolve_lookup
    current = current[int(bit)]
                      ~~~^^^^^
ValueError: invalid literal for int() with base 10: 'notes'

During handling of the above exception, another exception occurred:

Traceback (most recent call last):
  File "C:\Users\user\AppData\Roaming\Python\Python313\site-packages\django\core\handlers\exception.py", line 55, in inner
    response = get_response(request)
  File "C:\Users\user\AppData\Roaming\Python\Python313\site-packages\django\core\handlers\base.py", line 197, in _get_response
    response = wrapped_callback(request, *callback_args, **callback_kwargs)
  File "D:\360ExtremeBrowserDownload\Test\venv\src\builder\decorators.py", line 54, in _wrapped_view
    return view_func(request, *args, **kwargs)
  File "D:\360ExtremeBrowserDownload\Test\venv\src\builder\views.py", line 764, in public_page
    return render(request, template_path, context)
  File "C:\Users\user\AppData\Roaming\Python\Python313\site-packages\django\shortcuts.py", line 25, in render
    content = loader.render_to_string(template_name, context, request, using=using)
  File "C:\Users\user\AppData\Roaming\Python\Python313\site-packages\django\template\loader.py", line 62, in render_to_string
    return template.render(context, request)
           ~~~~~~~~~~~~~~~^^^^^^^^^^^^^^^^^^
  File "C:\Users\user\AppData\Roaming\Python\Python313\site-packages\django\template\backends\django.py", line 107, in render
    return self.template.render(context)
           ~~~~~~~~~~~~~~~~~~~~^^^^^^^^^
  File "C:\Users\user\AppData\Roaming\Python\Python313\site-packages\django\template\base.py", line 171, in render
    return self._render(context)
           ~~~~~~~~~~~~^^^^^^^^^
  File "C:\Users\user\AppData\Roaming\Python\Python313\site-packages\django\template\base.py", line 163, in _render
    return self.nodelist.render(context)
           ~~~~~~~~~~~~~~~~~~~~^^^^^^^^^
  File "C:\Users\user\AppData\Roaming\Python\Python313\site-packages\django\template\base.py", line 1016, in render
    return SafeString("".join([node.render_annotated(context) for node in self]))
                               ~~~~~~~~~~~~~~~~~~~~~^^^^^^^^^
  File "C:\Users\user\AppData\Roaming\Python\Python313\site-packages\django\template\base.py", line 977, in render_annotated
    return self.render(context)
           ~~~~~~~~~~~^^^^^^^^^
  File "C:\Users\user\AppData\Roaming\Python\Python313\site-packages\django\template\defaulttags.py", line 243, in render
    nodelist.append(node.render_annotated(context))
                    ~~~~~~~~~~~~~~~~~~~~~^^^^^^^^^
  File "C:\Users\user\AppData\Roaming\Python\Python313\site-packages\django\template\base.py", line 977, in render_annotated
    return self.render(context)
           ~~~~~~~~~~~^^^^^^^^^
  File "C:\Users\user\AppData\Roaming\Python\Python313\site-packages\django\template\defaulttags.py", line 194, in render
    values = self.sequence.resolve(context, ignore_failures=True)
  File "C:\Users\user\AppData\Roaming\Python\Python313\site-packages\django\template\base.py", line 743, in resolve
    arg_vals.append(arg.resolve(context))
                    ~~~~~~~~~~~^^^^^^^^^
  File "C:\Users\user\AppData\Roaming\Python\Python313\site-packages\django\template\base.py", line 854, in resolve
    value = self._resolve_lookup(context)
  File "C:\Users\user\AppData\Roaming\Python\Python313\site-packages\django\template\base.py", line 914, in _resolve_lookup
    raise VariableDoesNotExist(
    ^^^^^^^^^^^^^^^^^^^^^^^^^^^
    ...<2 lines>...
    )  # missing attribute
    ^
django.template.base.VariableDoesNotExist: Failed lookup for key [notes] in <Product: Product6>
ERROR 2026-07-06 12:55:56,567 basehttp 2616 488 "GET / HTTP/1.1" 500 303877
INFO 2026-07-06 12:57:00,734 basehttp 2616 488 "GET / HTTP/1.1" 200 88116
INFO 2026-07-06 12:57:01,433 basehttp 2616 488 "GET /builder/cart/data/test6/ HTTP/1.1" 200 58
WARNING 2026-07-06 12:57:01,816 log 2616 14920 Not Found: /builder/wishlist/data/test6/
WARNING 2026-07-06 12:57:01,818 basehttp 2616 14920 "GET /builder/wishlist/data/test6/ HTTP/1.1" 404 76465
INFO 2026-07-06 12:58:55,299 basehttp 2616 14920 "GET / HTTP/1.1" 200 88116
INFO 2026-07-06 12:58:55,875 basehttp 2616 14920 "GET /builder/cart/data/test6/ HTTP/1.1" 200 58
WARNING 2026-07-06 12:58:56,265 log 2616 488 Not Found: /builder/wishlist/data/test6/
WARNING 2026-07-06 12:58:56,266 basehttp 2616 488 "GET /builder/wishlist/data/test6/ HTTP/1.1" 404 76465
INFO 2026-07-06 12:59:12,319 basehttp 2616 12888 "GET / HTTP/1.1" 200 88116
WARNING 2026-07-06 12:59:21,254 log 2616 16708 Not Found: /builder/wishlist/data/test6/
WARNING 2026-07-06 12:59:21,256 basehttp 2616 16708 "GET /builder/wishlist/data/test6/ HTTP/1.1" 404 76465
INFO 2026-07-06 12:59:21,259 basehttp 2616 12888 "GET /builder/cart/data/test6/ HTTP/1.1" 200 58
ERROR 2026-07-06 13:16:53,778 log 2616 11772 Internal Server Error: /
Traceback (most recent call last):
  File "C:\Users\user\AppData\Roaming\Python\Python313\site-packages\django\template\base.py", line 890, in _resolve_lookup
    raise TypeError
TypeError

During handling of the above exception, another exception occurred:

Traceback (most recent call last):
  File "C:\Users\user\AppData\Roaming\Python\Python313\site-packages\django\template\base.py", line 901, in _resolve_lookup
    current = getattr(current, bit)
AttributeError: 'Product' object has no attribute 'notes'

During handling of the above exception, another exception occurred:

Traceback (most recent call last):
  File "C:\Users\user\AppData\Roaming\Python\Python313\site-packages\django\template\base.py", line 907, in _resolve_lookup
    current = current[int(bit)]
                      ~~~^^^^^
ValueError: invalid literal for int() with base 10: 'notes'

During handling of the above exception, another exception occurred:

Traceback (most recent call last):
  File "C:\Users\user\AppData\Roaming\Python\Python313\site-packages\django\core\handlers\exception.py", line 55, in inner
    response = get_response(request)
  File "C:\Users\user\AppData\Roaming\Python\Python313\site-packages\django\core\handlers\base.py", line 197, in _get_response
    response = wrapped_callback(request, *callback_args, **callback_kwargs)
  File "D:\360ExtremeBrowserDownload\Test\venv\src\builder\decorators.py", line 54, in _wrapped_view
    return view_func(request, *args, **kwargs)
  File "D:\360ExtremeBrowserDownload\Test\venv\src\builder\views.py", line 764, in public_page
    return render(request, template_path, context)
  File "C:\Users\user\AppData\Roaming\Python\Python313\site-packages\django\shortcuts.py", line 25, in render
    content = loader.render_to_string(template_name, context, request, using=using)
  File "C:\Users\user\AppData\Roaming\Python\Python313\site-packages\django\template\loader.py", line 62, in render_to_string
    return template.render(context, request)
           ~~~~~~~~~~~~~~~^^^^^^^^^^^^^^^^^^
  File "C:\Users\user\AppData\Roaming\Python\Python313\site-packages\django\template\backends\django.py", line 107, in render
    return self.template.render(context)
           ~~~~~~~~~~~~~~~~~~~~^^^^^^^^^
  File "C:\Users\user\AppData\Roaming\Python\Python313\site-packages\django\template\base.py", line 171, in render
    return self._render(context)
           ~~~~~~~~~~~~^^^^^^^^^
  File "C:\Users\user\AppData\Roaming\Python\Python313\site-packages\django\template\base.py", line 163, in _render
    return self.nodelist.render(context)
           ~~~~~~~~~~~~~~~~~~~~^^^^^^^^^
  File "C:\Users\user\AppData\Roaming\Python\Python313\site-packages\django\template\base.py", line 1016, in render
    return SafeString("".join([node.render_annotated(context) for node in self]))
                               ~~~~~~~~~~~~~~~~~~~~~^^^^^^^^^
  File "C:\Users\user\AppData\Roaming\Python\Python313\site-packages\django\template\base.py", line 977, in render_annotated
    return self.render(context)
           ~~~~~~~~~~~^^^^^^^^^
  File "C:\Users\user\AppData\Roaming\Python\Python313\site-packages\django\template\defaulttags.py", line 243, in render
    nodelist.append(node.render_annotated(context))
                    ~~~~~~~~~~~~~~~~~~~~~^^^^^^^^^
  File "C:\Users\user\AppData\Roaming\Python\Python313\site-packages\django\template\base.py", line 977, in render_annotated
    return self.render(context)
           ~~~~~~~~~~~^^^^^^^^^
  File "C:\Users\user\AppData\Roaming\Python\Python313\site-packages\django\template\defaulttags.py", line 194, in render
    values = self.sequence.resolve(context, ignore_failures=True)
  File "C:\Users\user\AppData\Roaming\Python\Python313\site-packages\django\template\base.py", line 743, in resolve
    arg_vals.append(arg.resolve(context))
                    ~~~~~~~~~~~^^^^^^^^^
  File "C:\Users\user\AppData\Roaming\Python\Python313\site-packages\django\template\base.py", line 854, in resolve
    value = self._resolve_lookup(context)
  File "C:\Users\user\AppData\Roaming\Python\Python313\site-packages\django\template\base.py", line 914, in _resolve_lookup
    raise VariableDoesNotExist(
    ^^^^^^^^^^^^^^^^^^^^^^^^^^^
    ...<2 lines>...
    )  # missing attribute
    ^
django.template.base.VariableDoesNotExist: Failed lookup for key [notes] in <Product: Product6>
ERROR 2026-07-06 13:16:53,785 basehttp 2616 11772 "GET / HTTP/1.1" 500 305220
INFO 2026-07-06 13:17:25,066 basehttp 2616 11772 "GET / HTTP/1.1" 200 96102
INFO 2026-07-06 13:17:25,611 basehttp 2616 11772 "GET /builder/cart/data/test6/ HTTP/1.1" 200 58
WARNING 2026-07-06 13:17:25,945 log 2616 17332 Not Found: /builder/wishlist/data/test6/
WARNING 2026-07-06 13:17:25,946 basehttp 2616 17332 "GET /builder/wishlist/data/test6/ HTTP/1.1" 404 76465
INFO 2026-07-06 13:17:28,709 basehttp 2616 17332 "GET /variant_images/1024px-HTML5_logo_and_wordmark_wkVocme.svg.png HTTP/1.1" 200 30317
INFO 2026-07-06 13:17:47,662 basehttp 2616 17332 "GET /variant_images/ajax-logo_oHInHB0.jpg_QjkAM5zT2.jpg HTTP/1.1" 200 22380
INFO 2026-07-06 13:18:24,271 basehttp 2616 17332 "POST /builder/review/submit/test6/ HTTP/1.1" 200 77
INFO 2026-07-06 13:18:37,359 basehttp 2616 17332 "GET / HTTP/1.1" 200 96326
WARNING 2026-07-06 13:18:38,206 log 2616 11772 Not Found: /builder/wishlist/data/test6/
WARNING 2026-07-06 13:18:38,207 basehttp 2616 11772 "GET /builder/wishlist/data/test6/ HTTP/1.1" 404 76465
INFO 2026-07-06 13:18:38,595 basehttp 2616 17332 "GET /builder/cart/data/test6/ HTTP/1.1" 200 58
INFO 2026-07-08 09:00:35,793 autoreload 8664 532 Watching for file changes with StatReloader
INFO 2026-07-08 09:01:13,933 autoreload 5480 240 Watching for file changes with StatReloader
INFO 2026-07-08 09:01:30,783 basehttp 5480 8880 "GET / HTTP/1.1" 200 52774
INFO 2026-07-08 09:01:30,807 basehttp 5480 8880 "GET /static/images/landing/landing-hero.png HTTP/1.1" 304 0
INFO 2026-07-08 09:01:30,810 basehttp 5480 8080 "GET /static/images/Elan-noir.png HTTP/1.1" 304 0
INFO 2026-07-08 09:01:30,822 basehttp 5480 8080 "GET /static/images/tech-sphere.png HTTP/1.1" 304 0
INFO 2026-07-08 09:01:30,823 basehttp 5480 8880 "GET /static/images/elegance-lux.png HTTP/1.1" 304 0
WARNING 2026-07-08 09:01:31,606 log 5480 8880 Not Found: /favicon.ico
WARNING 2026-07-08 09:01:31,608 basehttp 5480 8880 "GET /favicon.ico HTTP/1.1" 404 43101
INFO 2026-07-08 09:01:34,205 basehttp 5480 8880 "GET /dashboard/ HTTP/1.1" 200 68393
INFO 2026-07-08 09:01:34,248 basehttp 5480 8880 "GET /static/js/checkout.js HTTP/1.1" 304 0
INFO 2026-07-08 09:01:34,248 basehttp 5480 8080 "GET /static/accounts/js/auth.js HTTP/1.1" 304 0
INFO 2026-07-08 09:01:38,202 basehttp 5480 4444 "GET / HTTP/1.1" 200 96326
INFO 2026-07-08 09:01:38,901 basehttp 5480 4444 "GET /builder/cart/data/test6/ HTTP/1.1" 200 58
WARNING 2026-07-08 09:01:38,929 log 5480 10864 Not Found: /favicon.ico
WARNING 2026-07-08 09:01:38,930 basehttp 5480 10864 "GET /favicon.ico HTTP/1.1" 404 43107
WARNING 2026-07-08 09:01:39,178 log 5480 4212 Not Found: /builder/wishlist/data/test6/
WARNING 2026-07-08 09:01:39,179 basehttp 5480 4212 "GET /builder/wishlist/data/test6/ HTTP/1.1" 404 76465
INFO 2026-07-08 09:01:43,776 basehttp 5480 4212 "GET /variant_images/1024px-HTML5_logo_and_wordmark_wkVocme.svg.png HTTP/1.1" 304 0
INFO 2026-07-08 09:02:14,126 basehttp 5480 4212 "POST /builder/cart/add/test6/ HTTP/1.1" 200 94
INFO 2026-07-08 09:02:14,407 basehttp 5480 4212 "GET /builder/cart/data/test6/ HTTP/1.1" 200 217
INFO 2026-07-08 09:05:03,243 basehttp 5480 4212 "GET / HTTP/1.1" 200 96270
WARNING 2026-07-08 09:05:03,910 log 5480 10864 Not Found: /builder/wishlist/data/test6/
WARNING 2026-07-08 09:05:03,912 basehttp 5480 10864 "GET /builder/wishlist/data/test6/ HTTP/1.1" 404 76465
INFO 2026-07-08 09:05:03,916 basehttp 5480 4212 "GET /builder/cart/data/test6/ HTTP/1.1" 200 217
INFO 2026-07-08 11:00:08,863 basehttp 5480 10188 "GET /dashboard/ HTTP/1.1" 200 68393
INFO 2026-07-08 11:00:13,840 basehttp 5480 10188 "GET /admin/ HTTP/1.1" 200 55281
INFO 2026-07-08 11:00:25,059 basehttp 5480 10188 "GET /admin/builder/template/ HTTP/1.1" 200 43308
INFO 2026-07-08 11:00:25,120 basehttp 5480 10188 "GET /admin/jsi18n/ HTTP/1.1" 200 3342
INFO 2026-07-08 11:00:44,365 basehttp 5480 10188 "GET /admin/builder/template/add/ HTTP/1.1" 200 51155
INFO 2026-07-08 11:00:44,399 basehttp 5480 10188 "GET /admin/jsi18n/ HTTP/1.1" 200 3342
INFO 2026-07-08 11:01:26,229 basehttp 5480 10188 "POST /admin/builder/template/add/ HTTP/1.1" 302 0
INFO 2026-07-08 11:01:26,386 basehttp 5480 10188 "GET /admin/builder/template/ HTTP/1.1" 200 43865
INFO 2026-07-08 11:01:26,463 basehttp 5480 10188 "GET /admin/jsi18n/ HTTP/1.1" 200 3342
INFO 2026-07-08 11:01:40,306 basehttp 5480 10188 "GET /templates/ HTTP/1.1" 200 58095
INFO 2026-07-08 11:01:46,063 basehttp 5480 10188 "GET /editor/ModernEcommerce33/ HTTP/1.1" 200 595457
INFO 2026-07-08 11:01:46,398 basehttp 5480 2000 "GET /builder/api/color-palettes/ HTTP/1.1" 200 86
INFO 2026-07-08 11:01:46,446 basehttp 5480 2000 "GET /builder/api/color-palettes/ HTTP/1.1" 200 86
INFO 2026-07-08 11:01:46,482 basehttp 5480 10188 "GET /builder/get-components/ HTTP/1.1" 200 23001
INFO 2026-07-08 11:01:46,643 basehttp 5480 2000 "GET /builder/api/template-color-variables/ModernEcommerce33/ HTTP/1.1" 200 132
WARNING 2026-07-08 11:01:46,670 log 5480 10188 Not Found: /builder/load-template/ModernEcommerce33/
WARNING 2026-07-08 11:01:46,671 basehttp 5480 10188 "GET /builder/load-template/ModernEcommerce33/?page=home HTTP/1.1" 404 18
INFO 2026-07-08 11:02:59,898 basehttp 5480 10188 "GET /editor/ModernEcommerce33/ HTTP/1.1" 200 595457
INFO 2026-07-08 11:03:00,000 basehttp 5480 2000 "GET /builder/api/color-palettes/ HTTP/1.1" 200 86
INFO 2026-07-08 11:03:00,008 basehttp 5480 10188 "GET /builder/get-components/ HTTP/1.1" 200 23001
WARNING 2026-07-08 11:03:00,039 log 5480 10188 Not Found: /builder/load-template/ModernEcommerce33/
WARNING 2026-07-08 11:03:00,045 basehttp 5480 10188 "GET /builder/load-template/ModernEcommerce33/?page=home HTTP/1.1" 404 18
INFO 2026-07-08 11:03:00,099 basehttp 5480 10188 "GET /builder/api/color-palettes/ HTTP/1.1" 200 86
INFO 2026-07-08 11:03:00,119 basehttp 5480 10188 "GET /builder/api/template-color-variables/ModernEcommerce33/ HTTP/1.1" 200 132
INFO 2026-07-08 11:03:07,399 basehttp 5480 10188 "GET /editor/ModernEcommerce31/ HTTP/1.1" 200 595457
INFO 2026-07-08 11:03:07,537 basehttp 5480 2000 "GET /builder/api/color-palettes/ HTTP/1.1" 200 86
INFO 2026-07-08 11:03:07,552 basehttp 5480 10188 "GET /builder/get-components/ HTTP/1.1" 200 23001
INFO 2026-07-08 11:03:07,599 basehttp 5480 10188 "GET /builder/load-template/ModernEcommerce31/?page=home HTTP/1.1" 200 88746
INFO 2026-07-08 11:03:07,620 basehttp 5480 2000 "GET /builder/api/color-palettes/ HTTP/1.1" 200 86
INFO 2026-07-08 11:03:07,904 basehttp 5480 2000 "GET /builder/api/template-color-variables/ModernEcommerce31/ HTTP/1.1" 200 132
INFO 2026-07-08 11:03:15,203 basehttp 5480 2000 "GET /editor/ModernEcommerce33/ HTTP/1.1" 200 595457
INFO 2026-07-08 11:03:15,310 basehttp 5480 10188 "GET /builder/api/color-palettes/ HTTP/1.1" 200 86
INFO 2026-07-08 11:03:15,324 basehttp 5480 2000 "GET /builder/get-components/ HTTP/1.1" 200 23001
WARNING 2026-07-08 11:03:15,359 log 5480 2000 Not Found: /builder/load-template/ModernEcommerce33/
WARNING 2026-07-08 11:03:15,360 basehttp 5480 2000 "GET /builder/load-template/ModernEcommerce33/?page=home HTTP/1.1" 404 18
INFO 2026-07-08 11:03:15,391 basehttp 5480 2000 "GET /builder/api/color-palettes/ HTTP/1.1" 200 86
INFO 2026-07-08 11:03:15,411 basehttp 5480 2000 "GET /builder/api/template-color-variables/ModernEcommerce33/ HTTP/1.1" 200 132
INFO 2026-07-08 11:04:06,274 basehttp 5480 2000 "GET /editor/ModernEcommerce33/ HTTP/1.1" 200 595457
INFO 2026-07-08 11:04:06,395 basehttp 5480 10188 "GET /builder/api/color-palettes/ HTTP/1.1" 200 86
INFO 2026-07-08 11:04:06,423 basehttp 5480 2000 "GET /builder/get-components/ HTTP/1.1" 200 23001
INFO 2026-07-08 11:04:06,463 basehttp 5480 2000 "GET /builder/load-template/ModernEcommerce33/?page=home HTTP/1.1" 200 56741
INFO 2026-07-08 11:04:06,484 basehttp 5480 10188 "GET /builder/api/color-palettes/ HTTP/1.1" 200 86
INFO 2026-07-08 11:04:06,631 basehttp 5480 10188 "GET /builder/api/template-color-variables/ModernEcommerce33/ HTTP/1.1" 200 132
INFO 2026-07-08 11:05:07,086 basehttp 5480 10188 "GET /editor/ModernEcommerce33/ HTTP/1.1" 200 595457
INFO 2026-07-08 11:05:07,207 basehttp 5480 2000 "GET /builder/api/color-palettes/ HTTP/1.1" 200 86
INFO 2026-07-08 11:05:07,222 basehttp 5480 10188 "GET /builder/get-components/ HTTP/1.1" 200 23001
INFO 2026-07-08 11:05:07,253 basehttp 5480 10188 "GET /builder/load-template/ModernEcommerce33/?page=home HTTP/1.1" 200 57489
INFO 2026-07-08 11:05:07,305 basehttp 5480 10188 "GET /builder/api/color-palettes/ HTTP/1.1" 200 86
INFO 2026-07-08 11:05:07,534 basehttp 5480 10188 "GET /builder/api/template-color-variables/ModernEcommerce33/ HTTP/1.1" 200 132
INFO 2026-07-08 11:08:09,291 basehttp 5480 10188 "POST /builder/publish/ HTTP/1.1" 200 192
INFO 2026-07-08 11:08:11,009 basehttp 5480 10188 "GET /builder/dashboard/ HTTP/1.1" 200 72670
ERROR 2026-07-08 11:08:17,503 log 5480 3444 Internal Server Error: /
Traceback (most recent call last):
  File "D:\360ExtremeBrowserDownload\Test\venv\src\builder\views.py", line 764, in public_page
    return render(request, template_path, context)
  File "C:\Users\user\AppData\Roaming\Python\Python313\site-packages\django\shortcuts.py", line 25, in render
    content = loader.render_to_string(template_name, context, request, using=using)
  File "C:\Users\user\AppData\Roaming\Python\Python313\site-packages\django\template\loader.py", line 61, in render_to_string
    template = get_template(template_name, using=using)
  File "C:\Users\user\AppData\Roaming\Python\Python313\site-packages\django\template\loader.py", line 19, in get_template
    raise TemplateDoesNotExist(template_name, chain=chain)
django.template.exceptions.TemplateDoesNotExist: builder/public_templates/ModernEcommerce33/home.html

During handling of the above exception, another exception occurred:

Traceback (most recent call last):
  File "C:\Users\user\AppData\Roaming\Python\Python313\site-packages\django\core\handlers\exception.py", line 55, in inner
    response = get_response(request)
  File "C:\Users\user\AppData\Roaming\Python\Python313\site-packages\django\core\handlers\base.py", line 197, in _get_response
    response = wrapped_callback(request, *callback_args, **callback_kwargs)
  File "D:\360ExtremeBrowserDownload\Test\venv\src\builder\decorators.py", line 54, in _wrapped_view
    return view_func(request, *args, **kwargs)
  File "D:\360ExtremeBrowserDownload\Test\venv\src\builder\views.py", line 769, in public_page
    return render(request, fallback_path, context)
  File "C:\Users\user\AppData\Roaming\Python\Python313\site-packages\django\shortcuts.py", line 25, in render
    content = loader.render_to_string(template_name, context, request, using=using)
  File "C:\Users\user\AppData\Roaming\Python\Python313\site-packages\django\template\loader.py", line 61, in render_to_string
    template = get_template(template_name, using=using)
  File "C:\Users\user\AppData\Roaming\Python\Python313\site-packages\django\template\loader.py", line 19, in get_template
    raise TemplateDoesNotExist(template_name, chain=chain)
django.template.exceptions.TemplateDoesNotExist: builder/public_templates/ModernEcommerce33.html
ERROR 2026-07-08 11:08:17,510 basehttp 5480 3444 "GET / HTTP/1.1" 500 238800
WARNING 2026-07-08 11:08:17,828 log 5480 3444 Not Found: /favicon.ico
WARNING 2026-07-08 11:08:17,832 basehttp 5480 3444 "GET /favicon.ico HTTP/1.1" 404 43107
INFO 2026-07-08 11:08:54,133 basehttp 5480 3444 "GET / HTTP/1.1" 200 65938
INFO 2026-07-08 11:08:54,474 basehttp 5480 3444 "GET /builder/cart/data/test7/ HTTP/1.1" 200 58
WARNING 2026-07-08 11:08:54,827 log 5480 232 Not Found: /builder/wishlist/data/test7/
WARNING 2026-07-08 11:08:54,864 basehttp 5480 232 "GET /builder/wishlist/data/test7/ HTTP/1.1" 404 76465
INFO 2026-07-08 11:09:50,353 basehttp 5480 10188 "GET /manage-products/test7/ HTTP/1.1" 200 70849
INFO 2026-07-08 11:10:22,448 basehttp 5480 10188 "POST /add-product-simple/test7/ HTTP/1.1" 200 34
INFO 2026-07-08 11:10:24,093 basehttp 5480 10188 "GET /manage-products/test7/ HTTP/1.1" 200 75010
INFO 2026-07-08 11:10:30,838 basehttp 5480 10188 "GET /product-editor/test7/8/ HTTP/1.1" 200 80869
INFO 2026-07-08 11:10:32,706 basehttp 5480 10188 "GET /variants/test7/8/ HTTP/1.1" 200 58543
INFO 2026-07-08 11:11:04,944 basehttp 5480 10188 "POST /builder/api/add-variant-simple/test7/8/ HTTP/1.1" 200 144
INFO 2026-07-08 11:11:05,523 basehttp 5480 10188 "GET /variants/test7/8/ HTTP/1.1" 200 59869
INFO 2026-07-08 11:11:05,836 basehttp 5480 10188 "GET /variant_images/1024px-HTML5_logo_and_wordmark_eFMeh6I.svg.png HTTP/1.1" 200 30317
INFO 2026-07-08 11:11:46,429 basehttp 5480 10188 "POST /builder/api/add-variant-simple/test7/8/ HTTP/1.1" 200 146
INFO 2026-07-08 11:11:47,024 basehttp 5480 10188 "GET /variants/test7/8/ HTTP/1.1" 200 61771
INFO 2026-07-08 11:11:47,076 basehttp 5480 10188 "GET /variant_images/11448a7a96ee808a3cdbaf0df9570976_AhO6AK5.webp HTTP/1.1" 200 8006
INFO 2026-07-08 11:11:47,085 basehttp 5480 6800 "GET /variant_images/1024px-HTML5_logo_and_wordmark_eFMeh6I.svg.png HTTP/1.1" 304 0
INFO 2026-07-08 11:11:59,034 basehttp 5480 232 "GET / HTTP/1.1" 200 67116
INFO 2026-07-08 11:11:59,705 basehttp 5480 232 "GET /builder/cart/data/test7/ HTTP/1.1" 200 58
WARNING 2026-07-08 11:11:59,863 log 5480 3444 Not Found: /builder/wishlist/data/test7/
WARNING 2026-07-08 11:11:59,865 basehttp 5480 3444 "GET /builder/wishlist/data/test7/ HTTP/1.1" 404 76465
INFO 2026-07-08 11:12:36,844 basehttp 5480 3444 "POST /builder/cart/add/test7/ HTTP/1.1" 200 94
INFO 2026-07-08 11:12:37,190 basehttp 5480 3444 "GET /builder/cart/data/test7/ HTTP/1.1" 200 217
INFO 2026-07-08 11:12:37,393 basehttp 5480 3444 "GET /builder/cart/data/test7/ HTTP/1.1" 200 217
INFO 2026-07-08 11:12:37,755 basehttp 5480 3444 "GET /payments/select-payment/test7/ HTTP/1.1" 200 90079
INFO 2026-07-08 11:12:37,791 basehttp 5480 3444 "GET /static/accounts/js/auth.js HTTP/1.1" 200 1805
INFO 2026-07-08 11:12:37,802 basehttp 5480 232 "GET /static/js/checkout.js HTTP/1.1" 200 4447
INFO 2026-07-08 11:14:04,290 basehttp 5480 6800 "GET /editor/ModernEcommerce33/test7/ HTTP/1.1" 200 626566
INFO 2026-07-08 11:14:04,435 basehttp 5480 10188 "GET /builder/api/color-palettes/?page_subdomain=test7 HTTP/1.1" 200 86
INFO 2026-07-08 11:14:04,438 basehttp 5480 6800 "GET /builder/get-components/ HTTP/1.1" 200 23001
INFO 2026-07-08 11:14:04,475 basehttp 5480 6800 "GET /builder/load-template/ModernEcommerce33/?page=home&edit=test7 HTTP/1.1" 200 57489
INFO 2026-07-08 11:14:04,530 basehttp 5480 10188 "GET /builder/api/color-palettes/?page_subdomain=test7 HTTP/1.1" 200 86
INFO 2026-07-08 11:14:04,535 basehttp 5480 6800 "GET /builder/api/page-palette/test7/ HTTP/1.1" 200 31
INFO 2026-07-08 11:14:04,625 basehttp 5480 6800 "GET /builder/api/template-color-variables/ModernEcommerce33/ HTTP/1.1" 200 132
INFO 2026-07-08 11:14:04,743 basehttp 5480 6800 "GET /builder/api/page-palette/test7/ HTTP/1.1" 200 31
INFO 2026-07-08 11:18:30,291 basehttp 5480 8440 "GET / HTTP/1.1" 200 74765
WARNING 2026-07-08 11:18:31,066 log 5480 11344 Not Found: /builder/wishlist/data/test7/
WARNING 2026-07-08 11:18:31,090 basehttp 5480 11344 "GET /builder/wishlist/data/test7/ HTTP/1.1" 404 76465
INFO 2026-07-08 11:18:31,106 basehttp 5480 8440 "GET /builder/cart/data/test7/ HTTP/1.1" 200 217
INFO 2026-07-08 11:18:45,047 basehttp 5480 8440 "POST /builder/cart/add/test7/ HTTP/1.1" 200 97
INFO 2026-07-08 11:18:45,420 basehttp 5480 8440 "GET /builder/cart/data/test7/ HTTP/1.1" 200 218
INFO 2026-07-08 11:19:04,093 basehttp 5480 8440 "POST /builder/review/submit/test7/ HTTP/1.1" 200 77
INFO 2026-07-08 11:19:59,692 basehttp 5480 8440 "GET / HTTP/1.1" 200 74945
WARNING 2026-07-08 11:20:03,858 log 5480 6956 Not Found: /builder/wishlist/data/test7/
WARNING 2026-07-08 11:20:03,869 basehttp 5480 6956 "GET /builder/wishlist/data/test7/ HTTP/1.1" 404 76465
INFO 2026-07-08 11:20:03,871 basehttp 5480 8608 "GET /builder/cart/data/test7/ HTTP/1.1" 200 218
INFO 2026-07-08 11:20:29,859 basehttp 5480 8608 "POST /builder/submit-form/test7/ HTTP/1.1" 200 59
INFO 2026-07-08 11:20:39,372 basehttp 5480 8608 "POST /builder/wishlist/add/test7/ HTTP/1.1" 200 52
INFO 2026-07-08 11:20:45,500 basehttp 5480 8608 "GET /payments/customer/orders/test7/ HTTP/1.1" 200 22648
INFO 2026-07-08 11:20:55,589 basehttp 5480 8608 "GET /login/?website_id=9&next=/ HTTP/1.1" 200 26949
INFO 2026-07-08 11:28:18,994 basehttp 5480 6420 "GET / HTTP/1.1" 200 74945
INFO 2026-07-08 11:28:19,713 basehttp 5480 6420 "GET /builder/cart/data/test7/ HTTP/1.1" 200 218
WARNING 2026-07-08 11:28:20,065 log 5480 4384 Not Found: /builder/wishlist/data/test7/
WARNING 2026-07-08 11:28:20,067 basehttp 5480 4384 "GET /builder/wishlist/data/test7/ HTTP/1.1" 404 76465
INFO 2026-07-08 11:28:29,028 basehttp 5480 12024 "GET /editor/ModernEcommerce33/test7/ HTTP/1.1" 200 626566
INFO 2026-07-08 11:28:29,186 basehttp 5480 1660 "GET /builder/api/color-palettes/?page_subdomain=test7 HTTP/1.1" 200 86
INFO 2026-07-08 11:28:29,192 basehttp 5480 12024 "GET /builder/get-components/ HTTP/1.1" 200 23001
INFO 2026-07-08 11:28:29,242 basehttp 5480 12024 "GET /builder/load-template/ModernEcommerce33/?page=home&edit=test7 HTTP/1.1" 200 63172
INFO 2026-07-08 11:28:29,287 basehttp 5480 1660 "GET /builder/api/color-palettes/?page_subdomain=test7 HTTP/1.1" 200 86
INFO 2026-07-08 11:28:29,296 basehttp 5480 12024 "GET /builder/api/page-palette/test7/ HTTP/1.1" 200 31
INFO 2026-07-08 11:28:29,461 basehttp 5480 12024 "GET /builder/api/template-color-variables/ModernEcommerce33/ HTTP/1.1" 200 132
INFO 2026-07-08 11:28:29,509 basehttp 5480 12024 "GET /builder/api/page-palette/test7/ HTTP/1.1" 200 31
INFO 2026-07-08 11:32:38,813 basehttp 5480 5784 "GET / HTTP/1.1" 200 75003
WARNING 2026-07-08 11:32:39,694 log 5480 5396 Not Found: /builder/wishlist/data/test7/
WARNING 2026-07-08 11:32:39,700 basehttp 5480 5396 "GET /builder/wishlist/data/test7/ HTTP/1.1" 404 76465
INFO 2026-07-08 11:32:39,716 basehttp 5480 5784 "GET /builder/cart/data/test7/ HTTP/1.1" 200 218
INFO 2026-07-08 11:40:07,280 basehttp 5480 2884 "GET / HTTP/1.1" 200 83517
INFO 2026-07-08 11:40:07,789 basehttp 5480 2884 "GET /builder/cart/data/test7/ HTTP/1.1" 200 218
WARNING 2026-07-08 11:40:08,150 log 5480 11280 Not Found: /builder/wishlist/data/test7/
WARNING 2026-07-08 11:40:08,152 basehttp 5480 11280 "GET /builder/wishlist/data/test7/ HTTP/1.1" 404 76465
ERROR 2026-07-08 11:48:15,668 log 5480 3408 Internal Server Error: /
Traceback (most recent call last):
  File "C:\Users\user\AppData\Roaming\Python\Python313\site-packages\django\core\handlers\exception.py", line 55, in inner
    response = get_response(request)
  File "C:\Users\user\AppData\Roaming\Python\Python313\site-packages\django\core\handlers\base.py", line 197, in _get_response
    response = wrapped_callback(request, *callback_args, **callback_kwargs)
  File "D:\360ExtremeBrowserDownload\Test\venv\src\builder\decorators.py", line 54, in _wrapped_view
    return view_func(request, *args, **kwargs)
  File "D:\360ExtremeBrowserDownload\Test\venv\src\builder\views.py", line 764, in public_page
    return render(request, template_path, context)
  File "C:\Users\user\AppData\Roaming\Python\Python313\site-packages\django\shortcuts.py", line 25, in render
    content = loader.render_to_string(template_name, context, request, using=using)
  File "C:\Users\user\AppData\Roaming\Python\Python313\site-packages\django\template\loader.py", line 62, in render_to_string
    return template.render(context, request)
           ~~~~~~~~~~~~~~~^^^^^^^^^^^^^^^^^^
  File "C:\Users\user\AppData\Roaming\Python\Python313\site-packages\django\template\backends\django.py", line 107, in render
    return self.template.render(context)
           ~~~~~~~~~~~~~~~~~~~~^^^^^^^^^
  File "C:\Users\user\AppData\Roaming\Python\Python313\site-packages\django\template\base.py", line 171, in render
    return self._render(context)
           ~~~~~~~~~~~~^^^^^^^^^
  File "C:\Users\user\AppData\Roaming\Python\Python313\site-packages\django\template\base.py", line 163, in _render
    return self.nodelist.render(context)
           ~~~~~~~~~~~~~~~~~~~~^^^^^^^^^
  File "C:\Users\user\AppData\Roaming\Python\Python313\site-packages\django\template\base.py", line 1016, in render
    return SafeString("".join([node.render_annotated(context) for node in self]))
                               ~~~~~~~~~~~~~~~~~~~~~^^^^^^^^^
  File "C:\Users\user\AppData\Roaming\Python\Python313\site-packages\django\template\base.py", line 977, in render_annotated
    return self.render(context)
           ~~~~~~~~~~~^^^^^^^^^
  File "C:\Users\user\AppData\Roaming\Python\Python313\site-packages\django\template\defaulttags.py", line 243, in render
    nodelist.append(node.render_annotated(context))
                    ~~~~~~~~~~~~~~~~~~~~~^^^^^^^^^
  File "C:\Users\user\AppData\Roaming\Python\Python313\site-packages\django\template\base.py", line 977, in render_annotated
    return self.render(context)
           ~~~~~~~~~~~^^^^^^^^^
  File "C:\Users\user\AppData\Roaming\Python\Python313\site-packages\django\template\defaulttags.py", line 198, in render
    values = list(values)
TypeError: 'RelatedManager' object is not iterable
ERROR 2026-07-08 11:48:15,679 basehttp 5480 3408 "GET / HTTP/1.1" 500 237030
INFO 2026-07-08 11:49:04,375 basehttp 5480 3408 "GET / HTTP/1.1" 200 87017
WARNING 2026-07-08 11:49:05,229 log 5480 7856 Not Found: /builder/wishlist/data/test7/
WARNING 2026-07-08 11:49:05,238 basehttp 5480 7856 "GET /builder/wishlist/data/test7/ HTTP/1.1" 404 76465
INFO 2026-07-08 11:49:05,241 basehttp 5480 3408 "GET /builder/cart/data/test7/ HTTP/1.1" 200 218
INFO 2026-07-08 11:49:08,495 basehttp 5480 3408 "GET /variant_images/1024px-HTML5_logo_and_wordmark_eFMeh6I.svg.png HTTP/1.1" 200 30317
INFO 2026-07-08 11:49:16,810 basehttp 5480 3408 "GET /variant_images/11448a7a96ee808a3cdbaf0df9570976_AhO6AK5.webp HTTP/1.1" 200 8006
INFO 2026-07-08 11:50:11,860 basehttp 5480 3408 "POST /builder/review/submit/test7/ HTTP/1.1" 200 77
INFO 2026-07-08 11:50:18,189 basehttp 5480 3408 "POST /builder/cart/add/test7/ HTTP/1.1" 200 110
INFO 2026-07-08 11:50:27,711 basehttp 5480 3408 "POST /builder/cart/remove/test7/ HTTP/1.1" 200 94
INFO 2026-07-08 11:50:28,068 basehttp 5480 3408 "GET /builder/cart/data/test7/ HTTP/1.1" 200 58
INFO 2026-07-08 11:50:33,412 basehttp 5480 3408 "POST /builder/cart/add/test7/ HTTP/1.1" 200 94
INFO 2026-07-08 11:50:33,798 basehttp 5480 3408 "GET /builder/cart/data/test7/ HTTP/1.1" 200 306
INFO 2026-07-08 12:02:46,621 basehttp 5480 3064 "GET /admin/builder/template/add/ HTTP/1.1" 200 51155
INFO 2026-07-08 12:02:46,679 basehttp 5480 3064 "GET /admin/jsi18n/ HTTP/1.1" 200 3342
INFO 2026-07-08 12:03:26,634 basehttp 5480 11228 "POST /admin/builder/template/add/ HTTP/1.1" 302 0
INFO 2026-07-08 12:03:26,726 basehttp 5480 11228 "GET /admin/builder/template/ HTTP/1.1" 200 44192
INFO 2026-07-08 12:03:26,769 basehttp 5480 11228 "GET /admin/jsi18n/ HTTP/1.1" 200 3342
INFO 2026-07-08 12:03:56,151 basehttp 5480 11228 "GET /templates/ HTTP/1.1" 200 62140
INFO 2026-07-08 12:04:00,760 basehttp 5480 11228 "GET /editor/ModernEcommerce34/ HTTP/1.1" 200 595457
INFO 2026-07-08 12:04:00,958 basehttp 5480 2156 "GET /builder/api/color-palettes/ HTTP/1.1" 200 86
INFO 2026-07-08 12:04:00,991 basehttp 5480 11228 "GET /builder/get-components/ HTTP/1.1" 200 23001
INFO 2026-07-08 12:04:01,062 basehttp 5480 11228 "GET /builder/api/color-palettes/ HTTP/1.1" 200 86
INFO 2026-07-08 12:04:01,078 basehttp 5480 2156 "GET /builder/load-template/ModernEcommerce34/?page=home HTTP/1.1" 200 76409
INFO 2026-07-08 12:04:01,619 basehttp 5480 11228 "GET /builder/api/template-color-variables/ModernEcommerce34/ HTTP/1.1" 200 132
INFO 2026-07-08 12:12:49,005 basehttp 5480 3788 "POST /builder/publish/ HTTP/1.1" 200 191
INFO 2026-07-08 12:12:50,710 basehttp 5480 3788 "GET /builder/dashboard/ HTTP/1.1" 200 77906
INFO 2026-07-08 12:12:55,640 basehttp 5480 11900 "GET / HTTP/1.1" 200 85978
WARNING 2026-07-08 12:12:56,055 log 5480 13340 Not Found: /builder/wishlist/data/test8/
WARNING 2026-07-08 12:12:56,061 basehttp 5480 13340 "GET /builder/wishlist/data/test8/ HTTP/1.1" 404 76465
WARNING 2026-07-08 12:12:56,247 log 5480 3408 Not Found: /favicon.ico
WARNING 2026-07-08 12:12:56,249 basehttp 5480 3408 "GET /favicon.ico HTTP/1.1" 404 43107
INFO 2026-07-08 12:12:56,346 basehttp 5480 11900 "GET /builder/cart/data/test8/ HTTP/1.1" 200 58
INFO 2026-07-08 12:15:14,898 basehttp 5480 3788 "GET /manage-products/test8/ HTTP/1.1" 200 70849
INFO 2026-07-08 12:15:44,042 basehttp 5480 3788 "POST /add-product-simple/test8/ HTTP/1.1" 200 34
INFO 2026-07-08 12:15:45,679 basehttp 5480 3788 "GET /manage-products/test8/ HTTP/1.1" 200 75011
INFO 2026-07-08 12:15:55,650 basehttp 5480 3788 "GET /product-editor/test8/9/ HTTP/1.1" 200 80870
INFO 2026-07-08 12:15:58,619 basehttp 5480 3788 "GET /variants/test8/9/ HTTP/1.1" 200 58543
INFO 2026-07-08 12:16:51,197 basehttp 5480 3788 "POST /builder/api/add-variant-simple/test8/9/ HTTP/1.1" 200 145
INFO 2026-07-08 12:16:51,795 basehttp 5480 3788 "GET /variants/test8/9/ HTTP/1.1" 200 59870
INFO 2026-07-08 12:16:51,860 basehttp 5480 3788 "GET /variant_images/1024px-HTML5_logo_and_wordmark_pEgUXoc.svg.png HTTP/1.1" 200 30317
INFO 2026-07-08 12:17:26,193 basehttp 5480 3788 "POST /builder/api/add-variant-simple/test8/9/ HTTP/1.1" 200 143
INFO 2026-07-08 12:17:26,819 basehttp 5480 3788 "GET /variants/test8/9/ HTTP/1.1" 200 61770
INFO 2026-07-08 12:17:26,877 basehttp 5480 1188 "GET /variant_images/1024px-HTML5_logo_and_wordmark_pEgUXoc.svg.png HTTP/1.1" 304 0
INFO 2026-07-08 12:17:26,877 basehttp 5480 3788 "GET /variant_images/1024px-HTML5_logo_and_wordmark_KmBLqAa.svg.png HTTP/1.1" 200 30317
INFO 2026-07-08 12:17:53,721 basehttp 5480 3788 "POST /builder/api/add-variant-simple/test8/9/ HTTP/1.1" 200 149
INFO 2026-07-08 12:17:54,301 basehttp 5480 3788 "GET /variants/test8/9/ HTTP/1.1" 200 63676
INFO 2026-07-08 12:17:54,356 basehttp 5480 3788 "GET /variant_images/1024px-HTML5_logo_and_wordmark_pEgUXoc.svg.png HTTP/1.1" 304 0
INFO 2026-07-08 12:17:54,368 basehttp 5480 1188 "GET /variant_images/1024px-HTML5_logo_and_wordmark_KmBLqAa.svg.png HTTP/1.1" 304 0
INFO 2026-07-08 12:17:54,386 basehttp 5480 3788 "GET /variant_images/11448a7a96ee808a3cdbaf0df9570976_mNlAqkQ.webp HTTP/1.1" 200 8006
ERROR 2026-07-08 12:18:06,396 log 5480 11780 Internal Server Error: /
Traceback (most recent call last):
  File "C:\Users\user\AppData\Roaming\Python\Python313\site-packages\django\template\base.py", line 890, in _resolve_lookup
    raise TypeError
TypeError

During handling of the above exception, another exception occurred:

Traceback (most recent call last):
  File "C:\Users\user\AppData\Roaming\Python\Python313\site-packages\django\core\handlers\exception.py", line 55, in inner
    response = get_response(request)
  File "C:\Users\user\AppData\Roaming\Python\Python313\site-packages\django\core\handlers\base.py", line 197, in _get_response
    response = wrapped_callback(request, *callback_args, **callback_kwargs)
  File "D:\360ExtremeBrowserDownload\Test\venv\src\builder\decorators.py", line 54, in _wrapped_view
    return view_func(request, *args, **kwargs)
  File "D:\360ExtremeBrowserDownload\Test\venv\src\builder\views.py", line 764, in public_page
    return render(request, template_path, context)
  File "C:\Users\user\AppData\Roaming\Python\Python313\site-packages\django\shortcuts.py", line 25, in render
    content = loader.render_to_string(template_name, context, request, using=using)
  File "C:\Users\user\AppData\Roaming\Python\Python313\site-packages\django\template\loader.py", line 62, in render_to_string
    return template.render(context, request)
           ~~~~~~~~~~~~~~~^^^^^^^^^^^^^^^^^^
  File "C:\Users\user\AppData\Roaming\Python\Python313\site-packages\django\template\backends\django.py", line 107, in render
    return self.template.render(context)
           ~~~~~~~~~~~~~~~~~~~~^^^^^^^^^
  File "C:\Users\user\AppData\Roaming\Python\Python313\site-packages\django\template\base.py", line 171, in render
    return self._render(context)
           ~~~~~~~~~~~~^^^^^^^^^
  File "C:\Users\user\AppData\Roaming\Python\Python313\site-packages\django\template\base.py", line 163, in _render
    return self.nodelist.render(context)
           ~~~~~~~~~~~~~~~~~~~~^^^^^^^^^
  File "C:\Users\user\AppData\Roaming\Python\Python313\site-packages\django\template\base.py", line 1016, in render
    return SafeString("".join([node.render_annotated(context) for node in self]))
                               ~~~~~~~~~~~~~~~~~~~~~^^^^^^^^^
  File "C:\Users\user\AppData\Roaming\Python\Python313\site-packages\django\template\base.py", line 977, in render_annotated
    return self.render(context)
           ~~~~~~~~~~~^^^^^^^^^
  File "C:\Users\user\AppData\Roaming\Python\Python313\site-packages\django\template\defaulttags.py", line 243, in render
    nodelist.append(node.render_annotated(context))
                    ~~~~~~~~~~~~~~~~~~~~~^^^^^^^^^
  File "C:\Users\user\AppData\Roaming\Python\Python313\site-packages\django\template\base.py", line 977, in render_annotated
    return self.render(context)
           ~~~~~~~~~~~^^^^^^^^^
  File "C:\Users\user\AppData\Roaming\Python\Python313\site-packages\django\template\defaulttags.py", line 201, in render
    return self.nodelist_empty.render(context)
           ~~~~~~~~~~~~~~~~~~~~~~~~~~^^^^^^^^^
  File "C:\Users\user\AppData\Roaming\Python\Python313\site-packages\django\template\base.py", line 1016, in render
    return SafeString("".join([node.render_annotated(context) for node in self]))
                               ~~~~~~~~~~~~~~~~~~~~~^^^^^^^^^
  File "C:\Users\user\AppData\Roaming\Python\Python313\site-packages\django\template\base.py", line 977, in render_annotated
    return self.render(context)
           ~~~~~~~~~~~^^^^^^^^^
  File "C:\Users\user\AppData\Roaming\Python\Python313\site-packages\django\template\base.py", line 1075, in render
    output = self.filter_expression.resolve(context)
  File "C:\Users\user\AppData\Roaming\Python\Python313\site-packages\django\template\base.py", line 722, in resolve
    obj = self.var.resolve(context)
  File "C:\Users\user\AppData\Roaming\Python\Python313\site-packages\django\template\base.py", line 854, in resolve
    value = self._resolve_lookup(context)
  File "C:\Users\user\AppData\Roaming\Python\Python313\site-packages\django\template\base.py", line 901, in _resolve_lookup
    current = getattr(current, bit)
  File "C:\Users\user\AppData\Roaming\Python\Python313\site-packages\django\db\models\fields\files.py", line 69, in url
    self._require_file()
    ~~~~~~~~~~~~~~~~~~^^
  File "C:\Users\user\AppData\Roaming\Python\Python313\site-packages\django\db\models\fields\files.py", line 44, in _require_file
    raise ValueError(
        "The '%s' attribute has no file associated with it." % self.field.name
    )
ValueError: The 'main_image' attribute has no file associated with it.
ERROR 2026-07-08 12:18:06,409 basehttp 5480 11780 "GET / HTTP/1.1" 500 317012
ERROR 2026-07-08 12:24:01,489 log 5480 12976 Internal Server Error: /
Traceback (most recent call last):
  File "C:\Users\user\AppData\Roaming\Python\Python313\site-packages\django\core\handlers\exception.py", line 55, in inner
    response = get_response(request)
  File "C:\Users\user\AppData\Roaming\Python\Python313\site-packages\django\core\handlers\base.py", line 197, in _get_response
    response = wrapped_callback(request, *callback_args, **callback_kwargs)
  File "D:\360ExtremeBrowserDownload\Test\venv\src\builder\decorators.py", line 54, in _wrapped_view
    return view_func(request, *args, **kwargs)
  File "D:\360ExtremeBrowserDownload\Test\venv\src\builder\views.py", line 764, in public_page
    return render(request, template_path, context)
  File "C:\Users\user\AppData\Roaming\Python\Python313\site-packages\django\shortcuts.py", line 25, in render
    content = loader.render_to_string(template_name, context, request, using=using)
  File "C:\Users\user\AppData\Roaming\Python\Python313\site-packages\django\template\loader.py", line 62, in render_to_string
    return template.render(context, request)
           ~~~~~~~~~~~~~~~^^^^^^^^^^^^^^^^^^
  File "C:\Users\user\AppData\Roaming\Python\Python313\site-packages\django\template\backends\django.py", line 107, in render
    return self.template.render(context)
           ~~~~~~~~~~~~~~~~~~~~^^^^^^^^^
  File "C:\Users\user\AppData\Roaming\Python\Python313\site-packages\django\template\base.py", line 171, in render
    return self._render(context)
           ~~~~~~~~~~~~^^^^^^^^^
  File "C:\Users\user\AppData\Roaming\Python\Python313\site-packages\django\template\base.py", line 163, in _render
    return self.nodelist.render(context)
           ~~~~~~~~~~~~~~~~~~~~^^^^^^^^^
  File "C:\Users\user\AppData\Roaming\Python\Python313\site-packages\django\template\base.py", line 1016, in render
    return SafeString("".join([node.render_annotated(context) for node in self]))
                               ~~~~~~~~~~~~~~~~~~~~~^^^^^^^^^
  File "C:\Users\user\AppData\Roaming\Python\Python313\site-packages\django\template\base.py", line 977, in render_annotated
    return self.render(context)
           ~~~~~~~~~~~^^^^^^^^^
  File "C:\Users\user\AppData\Roaming\Python\Python313\site-packages\django\template\defaulttags.py", line 243, in render
    nodelist.append(node.render_annotated(context))
                    ~~~~~~~~~~~~~~~~~~~~~^^^^^^^^^
  File "C:\Users\user\AppData\Roaming\Python\Python313\site-packages\django\template\base.py", line 977, in render_annotated
    return self.render(context)
           ~~~~~~~~~~~^^^^^^^^^
  File "C:\Users\user\AppData\Roaming\Python\Python313\site-packages\django\template\defaulttags.py", line 198, in render
    values = list(values)
TypeError: 'RelatedManager' object is not iterable
ERROR 2026-07-08 12:24:01,584 basehttp 5480 12976 "GET / HTTP/1.1" 500 239693
INFO 2026-07-08 12:24:23,142 basehttp 5480 12976 "GET / HTTP/1.1" 200 89331
INFO 2026-07-08 12:24:23,800 basehttp 5480 12976 "GET /builder/cart/data/test8/ HTTP/1.1" 200 58
WARNING 2026-07-08 12:24:23,987 log 5480 1560 Not Found: /builder/wishlist/data/test8/
WARNING 2026-07-08 12:24:23,993 basehttp 5480 1560 "GET /builder/wishlist/data/test8/ HTTP/1.1" 404 76465
INFO 2026-07-08 12:24:29,486 basehttp 5480 1560 "GET /variant_images/1024px-HTML5_logo_and_wordmark_pEgUXoc.svg.png HTTP/1.1" 200 30317
INFO 2026-07-08 12:24:34,001 basehttp 5480 1560 "GET /variant_images/1024px-HTML5_logo_and_wordmark_KmBLqAa.svg.png HTTP/1.1" 200 30317
INFO 2026-07-08 12:30:04,766 basehttp 5480 9912 "GET / HTTP/1.1" 200 90842
INFO 2026-07-08 12:30:05,166 basehttp 5480 9912 "GET /builder/cart/data/test8/ HTTP/1.1" 200 58
WARNING 2026-07-08 12:30:05,524 log 5480 12224 Not Found: /builder/wishlist/data/test8/
WARNING 2026-07-08 12:30:05,526 basehttp 5480 12224 "GET /builder/wishlist/data/test8/ HTTP/1.1" 404 76465
INFO 2026-07-08 12:30:05,813 basehttp 5480 12224 "GET /variant_images/1024px-HTML5_logo_and_wordmark_pEgUXoc.svg.png HTTP/1.1" 304 0
INFO 2026-07-08 12:30:39,664 basehttp 5480 12224 "POST /builder/review/submit/test8/ HTTP/1.1" 200 78
INFO 2026-07-08 12:30:45,559 basehttp 5480 12224 "POST /builder/review/submit/test8/ HTTP/1.1" 200 78
INFO 2026-07-08 12:30:51,518 basehttp 5480 12224 "GET / HTTP/1.1" 200 91189
WARNING 2026-07-08 12:30:52,601 log 5480 9912 Not Found: /builder/wishlist/data/test8/
INFO 2026-07-08 12:30:52,602 basehttp 5480 12224 "GET /builder/cart/data/test8/ HTTP/1.1" 200 58
WARNING 2026-07-08 12:30:52,602 basehttp 5480 9912 "GET /builder/wishlist/data/test8/ HTTP/1.1" 404 76465
INFO 2026-07-08 12:31:16,391 basehttp 5480 9912 "POST /builder/review/submit/test8/ HTTP/1.1" 200 78
INFO 2026-07-08 12:31:41,952 basehttp 5480 9912 "GET / HTTP/1.1" 200 91312
WARNING 2026-07-08 12:31:42,656 log 5480 12224 Not Found: /builder/wishlist/data/test8/
WARNING 2026-07-08 12:31:42,657 basehttp 5480 12224 "GET /builder/wishlist/data/test8/ HTTP/1.1" 404 76465
INFO 2026-07-08 12:31:42,908 basehttp 5480 9912 "GET /builder/cart/data/test8/ HTTP/1.1" 200 58
INFO 2026-07-08 12:31:43,226 basehttp 5480 9912 "GET /variant_images/1024px-HTML5_logo_and_wordmark_pEgUXoc.svg.png HTTP/1.1" 304 0
INFO 2026-07-08 12:32:11,809 basehttp 5480 9912 "GET /variant_images/1024px-HTML5_logo_and_wordmark_KmBLqAa.svg.png HTTP/1.1" 304 0
INFO 2026-07-08 12:32:14,918 basehttp 5480 9912 "POST /builder/cart/add/test8/ HTTP/1.1" 200 94
INFO 2026-07-08 12:32:15,304 basehttp 5480 9912 "GET /builder/cart/data/test8/ HTTP/1.1" 200 305
INFO 2026-07-08 12:47:10,180 basehttp 5480 4384 "GET /templates/ HTTP/1.1" 200 62140
INFO 2026-07-08 12:47:14,376 basehttp 5480 4384 "GET /admin/builder/template/add/ HTTP/1.1" 200 51155
INFO 2026-07-08 12:47:14,411 basehttp 5480 4384 "GET /admin/jsi18n/ HTTP/1.1" 200 3342
INFO 2026-07-08 12:48:01,272 basehttp 5480 4384 "POST /admin/builder/template/add/ HTTP/1.1" 302 0
INFO 2026-07-08 12:48:01,412 basehttp 5480 4384 "GET /admin/builder/template/ HTTP/1.1" 200 44500
INFO 2026-07-08 12:48:01,473 basehttp 5480 4384 "GET /admin/jsi18n/ HTTP/1.1" 200 3342
INFO 2026-07-08 12:48:08,782 basehttp 5480 4384 "GET /templates/ HTTP/1.1" 200 66173
INFO 2026-07-08 12:48:10,612 basehttp 5480 4384 "GET /editor/ModernEcommerce35/ HTTP/1.1" 200 595457
INFO 2026-07-08 12:48:10,761 basehttp 5480 1760 "GET /builder/api/color-palettes/ HTTP/1.1" 200 86
INFO 2026-07-08 12:48:10,768 basehttp 5480 4384 "GET /builder/get-components/ HTTP/1.1" 200 23001
INFO 2026-07-08 12:48:10,795 basehttp 5480 4384 "GET /builder/load-template/ModernEcommerce35/?page=home HTTP/1.1" 200 83422
INFO 2026-07-08 12:48:10,931 basehttp 5480 4384 "GET /builder/api/color-palettes/ HTTP/1.1" 200 86
INFO 2026-07-08 12:48:11,212 basehttp 5480 4384 "GET /builder/api/template-color-variables/ModernEcommerce35/ HTTP/1.1" 200 132
INFO 2026-07-08 12:54:14,344 basehttp 5480 12956 "GET /dashboard/ HTTP/1.1" 200 78860
INFO 2026-07-21 11:43:28,382 autoreload 11788 3260 Watching for file changes with StatReloader
INFO 2026-07-21 11:44:07,833 autoreload 11788 3260 D:\360ExtremeBrowserDownload\Test\venv\src\builder\urls.py changed, reloading.
INFO 2026-07-21 11:44:10,322 autoreload 18304 18220 Watching for file changes with StatReloader
WARNING 2026-07-21 11:46:26,822 log 18304 9448 Not Found: /builder/admin/ai-designs/instructions/
WARNING 2026-07-21 11:46:26,823 basehttp 18304 9448 "GET /builder/admin/ai-designs/instructions/ HTTP/1.1" 404 78143
INFO 2026-07-21 11:46:30,707 basehttp 18304 9448 "GET /builder/editor/modernecommerce33/jera2-1/ HTTP/1.1" 302 0
WARNING 2026-07-21 11:46:30,729 log 18304 9448 Not Found: /accounts/login/
WARNING 2026-07-21 11:46:30,732 basehttp 18304 9448 "GET /accounts/login/?next=/builder/editor/modernecommerce33/jera2-1/ HTTP/1.1" 404 43974
WARNING 2026-07-21 11:46:37,154 log 18304 9448 Not Found: /ai-design-brief/
WARNING 2026-07-21 11:46:37,155 basehttp 18304 9448 "GET /ai-design-brief/ HTTP/1.1" 404 43930
WARNING 2026-07-21 11:46:38,349 log 18304 9448 Not Found: /get-started/
WARNING 2026-07-21 11:46:38,350 basehttp 18304 9448 "GET /get-started/ HTTP/1.1" 404 43914
INFO 2026-07-21 11:46:39,319 basehttp 18304 9448 "GET /dashboard/ HTTP/1.1" 302 0
WARNING 2026-07-21 11:46:39,351 log 18304 9448 Not Found: /accounts/login/
WARNING 2026-07-21 11:46:39,382 basehttp 18304 9448 "GET /accounts/login/?next=/dashboard/ HTTP/1.1" 404 43943
INFO 2026-07-21 11:46:40,586 basehttp 18304 9448 "GET / HTTP/1.1" 200 52773
INFO 2026-07-21 11:46:47,065 basehttp 18304 9448 "GET /onboarding/ HTTP/1.1" 200 77601
INFO 2026-07-21 11:46:47,178 basehttp 18304 9448 "GET /builder/api/color-palettes/ HTTP/1.1" 302 0
WARNING 2026-07-21 11:46:47,235 log 18304 9448 Not Found: /accounts/login/
WARNING 2026-07-21 11:46:47,241 basehttp 18304 9448 "GET /accounts/login/?next=/builder/api/color-palettes/ HTTP/1.1" 404 43960
INFO 2026-07-21 11:46:47,279 basehttp 18304 9448 "GET /builder/templates/api/ HTTP/1.1" 200 1183
INFO 2026-07-21 11:47:37,155 basehttp 18304 9448 "GET /dashboard/ HTTP/1.1" 302 0
WARNING 2026-07-21 11:47:37,188 log 18304 9448 Not Found: /accounts/login/
WARNING 2026-07-21 11:47:37,189 basehttp 18304 9448 "GET /accounts/login/?next=/dashboard/ HTTP/1.1" 404 43943
INFO 2026-07-21 11:47:51,017 basehttp 18304 9448 "GET /login/ HTTP/1.1" 200 27786
INFO 2026-07-21 11:47:56,594 basehttp 18304 9448 "POST /login/ HTTP/1.1" 302 0
INFO 2026-07-21 11:47:56,729 basehttp 18304 9448 "GET /templates/ HTTP/1.1" 200 66177
INFO 2026-07-21 11:48:04,722 basehttp 18304 9448 "GET / HTTP/1.1" 200 52777
INFO 2026-07-21 11:48:10,440 basehttp 18304 9448 "GET /onboarding/ HTTP/1.1" 200 77601
INFO 2026-07-21 11:48:10,533 basehttp 18304 9448 "GET /builder/api/color-palettes/ HTTP/1.1" 200 86
INFO 2026-07-21 11:48:10,559 basehttp 18304 9448 "GET /builder/templates/api/ HTTP/1.1" 200 1183
INFO 2026-07-21 11:48:16,174 basehttp 18304 9448 "GET /dashboard/ HTTP/1.1" 200 78864
INFO 2026-07-21 12:00:37,940 autoreload 18304 18220 D:\360ExtremeBrowserDownload\Test\venv\src\builder\views.py changed, reloading.
INFO 2026-07-21 12:00:40,806 autoreload 11492 14144 Watching for file changes with StatReloader
INFO 2026-07-21 12:00:45,831 basehttp 11492 12340 "GET /onboarding/ HTTP/1.1" 200 91614
INFO 2026-07-21 12:00:46,224 basehttp 11492 12340 "GET /builder/api/color-palettes/ HTTP/1.1" 200 86
INFO 2026-07-21 12:00:46,292 basehttp 11492 12340 "GET /builder/templates/api/ HTTP/1.1" 200 1183
WARNING 2026-07-21 12:02:50,916 log 11492 12340 Not Found: /.well-known/appspecific/com.chrome.devtools.json
WARNING 2026-07-21 12:02:50,984 basehttp 11492 12340 "GET /.well-known/appspecific/com.chrome.devtools.json HTTP/1.1" 404 44059
INFO 2026-07-21 12:09:10,812 basehttp 11492 15448 "GET /onboarding/ HTTP/1.1" 200 86644
INFO 2026-07-21 12:09:11,217 basehttp 11492 15448 "GET /builder/api/color-palettes/ HTTP/1.1" 200 86
INFO 2026-07-21 12:09:11,249 basehttp 11492 15448 "GET /builder/templates/api/ HTTP/1.1" 200 1183
INFO 2026-07-21 12:11:23,621 basehttp 11492 15448 "GET /builder/api/check-subdomain/?subdomain=jma HTTP/1.1" 200 116
INFO 2026-07-21 12:11:24,953 basehttp 11492 15448 "GET /builder/api/check-subdomain/?subdomain=jmax HTTP/1.1" 200 117
WARNING 2026-07-21 12:12:23,585 log 11492 15448 Not Found: /.well-known/appspecific/com.chrome.devtools.json
WARNING 2026-07-21 12:12:23,591 basehttp 11492 15448 "GET /.well-known/appspecific/com.chrome.devtools.json HTTP/1.1" 404 44059
INFO 2026-07-21 12:22:43,533 autoreload 4444 18364 Watching for file changes with StatReloader
INFO 2026-07-21 12:22:47,194 basehttp 4444 18296 "GET /onboarding/ HTTP/1.1" 200 86644
INFO 2026-07-21 12:22:47,551 basehttp 4444 18296 "GET /builder/api/color-palettes/ HTTP/1.1" 200 54974
INFO 2026-07-21 12:22:47,582 basehttp 4444 18296 "GET /builder/templates/api/ HTTP/1.1" 200 1183
INFO 2026-07-21 12:23:07,792 basehttp 4444 18296 "GET /builder/api/check-subdomain/?subdomain=jmax HTTP/1.1" 200 117
WARNING 2026-07-21 12:24:14,719 log 4444 18296 Not Found: /.well-known/appspecific/com.chrome.devtools.json
WARNING 2026-07-21 12:24:14,735 basehttp 4444 18296 "GET /.well-known/appspecific/com.chrome.devtools.json HTTP/1.1" 404 44059
INFO 2026-07-21 18:04:25,347 basehttp 4444 16368 "GET /onboarding/ HTTP/1.1" 200 90385
INFO 2026-07-21 18:04:25,618 basehttp 4444 16368 "GET /builder/api/color-palettes/ HTTP/1.1" 200 54974
INFO 2026-07-21 18:04:25,668 basehttp 4444 16368 "GET /builder/templates/api/ HTTP/1.1" 200 1183
INFO 2026-07-21 18:04:44,800 basehttp 4444 16368 "GET /builder/api/check-subdomain/?subdomain=jmax HTTP/1.1" 200 117
WARNING 2026-07-21 18:05:09,650 log 4444 16368 Not Found: /.well-known/appspecific/com.chrome.devtools.json
WARNING 2026-07-21 18:05:09,660 basehttp 4444 16368 "GET /.well-known/appspecific/com.chrome.devtools.json HTTP/1.1" 404 44059
WARNING 2026-07-21 18:48:45,102 log 4444 13956 Not Found: /.well-known/appspecific/com.chrome.devtools.json
WARNING 2026-07-21 18:48:45,103 basehttp 4444 13956 "GET /.well-known/appspecific/com.chrome.devtools.json HTTP/1.1" 404 44059
INFO 2026-07-21 18:54:52,225 basehttp 4444 4120 "GET /onboarding/ HTTP/1.1" 200 87730
WARNING 2026-07-21 18:54:52,409 log 4444 4120 Not Found: /.well-known/appspecific/com.chrome.devtools.json
WARNING 2026-07-21 18:54:52,432 basehttp 4444 4120 "GET /.well-known/appspecific/com.chrome.devtools.json HTTP/1.1" 404 44059
INFO 2026-07-21 18:54:52,974 basehttp 4444 10072 "GET /builder/api/color-palettes/ HTTP/1.1" 200 54974
INFO 2026-07-21 18:54:53,055 basehttp 4444 10072 "GET /builder/templates/api/ HTTP/1.1" 200 1183
INFO 2026-07-21 18:55:14,392 basehttp 4444 10072 "GET /builder/api/check-subdomain/?subdomain=jmax HTTP/1.1" 200 117
WARNING 2026-07-21 18:55:45,142 log 4444 10072 Not Found: /.well-known/appspecific/com.chrome.devtools.json
WARNING 2026-07-21 18:55:45,143 basehttp 4444 10072 "GET /.well-known/appspecific/com.chrome.devtools.json HTTP/1.1" 404 44059
INFO 2026-07-21 20:09:38,188 autoreload 4444 18364 D:\360ExtremeBrowserDownload\Test\venv\src\builder\urls.py changed, reloading.
INFO 2026-07-21 20:09:42,272 autoreload 5136 2692 Watching for file changes with StatReloader
INFO 2026-07-21 20:10:00,688 autoreload 5136 2692 D:\360ExtremeBrowserDownload\Test\venv\src\builder\views.py changed, reloading.
INFO 2026-07-21 20:10:02,838 autoreload 11368 6472 Watching for file changes with StatReloader
INFO 2026-07-21 20:10:13,805 autoreload 11368 6472 D:\360ExtremeBrowserDownload\Test\venv\src\builder\views.py changed, reloading.
INFO 2026-07-21 20:10:16,093 autoreload 3168 17236 Watching for file changes with StatReloader
INFO 2026-07-21 20:11:55,214 autoreload 3168 17236 D:\360ExtremeBrowserDownload\Test\venv\src\builder\views.py changed, reloading.
INFO 2026-07-21 20:11:59,233 autoreload 13024 7388 Watching for file changes with StatReloader
INFO 2026-07-21 20:13:01,073 autoreload 13024 7388 D:\360ExtremeBrowserDownload\Test\venv\src\builder\views.py changed, reloading.
INFO 2026-07-21 20:13:04,098 autoreload 18996 7152 Watching for file changes with StatReloader
INFO 2026-07-21 20:13:34,866 autoreload 18996 7152 D:\360ExtremeBrowserDownload\Test\venv\src\builder\views.py changed, reloading.
INFO 2026-07-21 20:13:37,783 autoreload 14064 18776 Watching for file changes with StatReloader
INFO 2026-07-21 20:14:12,957 autoreload 14064 18776 D:\360ExtremeBrowserDownload\Test\venv\src\builder\views.py changed, reloading.
INFO 2026-07-21 20:14:15,874 autoreload 13980 11500 Watching for file changes with StatReloader
INFO 2026-07-21 20:16:01,255 autoreload 13980 11500 D:\360ExtremeBrowserDownload\Test\venv\src\builder\views.py changed, reloading.
INFO 2026-07-21 20:16:04,511 autoreload 16480 12840 Watching for file changes with StatReloader
INFO 2026-07-21 20:16:07,199 basehttp 16480 12248 "GET /onboarding/ HTTP/1.1" 200 80904
WARNING 2026-07-21 20:16:07,444 log 16480 12248 Not Found: /.well-known/appspecific/com.chrome.devtools.json
WARNING 2026-07-21 20:16:07,463 basehttp 16480 12248 "GET /.well-known/appspecific/com.chrome.devtools.json HTTP/1.1" 404 44061
INFO 2026-07-21 20:16:08,141 basehttp 16480 18740 "GET /builder/api/color-palettes/ HTTP/1.1" 200 54974
INFO 2026-07-21 20:16:08,350 basehttp 16480 18740 "GET /builder/templates/api/ HTTP/1.1" 200 1183
INFO 2026-07-21 20:16:31,366 basehttp 16480 18740 "GET /builder/api/check-subdomain/?subdomain=jmax HTTP/1.1" 200 117
WARNING 2026-07-21 20:16:58,537 log 16480 18740 Not Found: /.well-known/appspecific/com.chrome.devtools.json
WARNING 2026-07-21 20:16:58,539 basehttp 16480 18740 "GET /.well-known/appspecific/com.chrome.devtools.json HTTP/1.1" 404 44061
INFO 2026-07-21 20:22:10,088 basehttp 16480 15896 "GET /onboarding/ HTTP/1.1" 200 83789
INFO 2026-07-21 20:22:10,320 basehttp 16480 15896 "GET /builder/api/color-palettes/ HTTP/1.1" 200 54974
INFO 2026-07-21 20:22:10,349 basehttp 16480 15896 "GET /builder/templates/api/ HTTP/1.1" 200 1183
INFO 2026-07-21 20:22:37,252 basehttp 16480 15896 "GET /builder/api/check-subdomain/?subdomain=jmax HTTP/1.1" 200 117
WARNING 2026-07-21 20:22:53,637 log 16480 15896 Not Found: /.well-known/appspecific/com.chrome.devtools.json
WARNING 2026-07-21 20:22:53,640 basehttp 16480 15896 "GET /.well-known/appspecific/com.chrome.devtools.json HTTP/1.1" 404 44061
INFO 2026-07-21 20:27:04,858 basehttp 16480 19160 "GET /onboarding/ HTTP/1.1" 200 96837
WARNING 2026-07-21 20:27:05,071 log 16480 19160 Not Found: /.well-known/appspecific/com.chrome.devtools.json
WARNING 2026-07-21 20:27:05,308 basehttp 16480 19160 "GET /.well-known/appspecific/com.chrome.devtools.json HTTP/1.1" 404 44061
INFO 2026-07-21 20:27:05,488 basehttp 16480 15984 "GET /builder/api/color-palettes/ HTTP/1.1" 200 54974
INFO 2026-07-21 20:27:05,550 basehttp 16480 15984 "GET /builder/templates/api/ HTTP/1.1" 200 1183
INFO 2026-07-21 20:27:34,890 basehttp 16480 15984 "GET /builder/api/check-subdomain/?subdomain=jmax HTTP/1.1" 200 117
WARNING 2026-07-21 20:28:03,866 log 16480 15984 Not Found: /.well-known/appspecific/com.chrome.devtools.json
WARNING 2026-07-21 20:28:03,886 basehttp 16480 15984 "GET /.well-known/appspecific/com.chrome.devtools.json HTTP/1.1" 404 44061
INFO 2026-07-21 20:30:52,124 basehttp 16480 15764 "GET /onboarding/ HTTP/1.1" 200 90152
WARNING 2026-07-21 20:30:52,300 log 16480 15764 Not Found: /.well-known/appspecific/com.chrome.devtools.json
WARNING 2026-07-21 20:30:52,307 basehttp 16480 15764 "GET /.well-known/appspecific/com.chrome.devtools.json HTTP/1.1" 404 44061
INFO 2026-07-21 20:30:52,738 basehttp 16480 15764 "GET /builder/api/color-palettes/ HTTP/1.1" 200 54974
INFO 2026-07-21 20:30:52,800 basehttp 16480 15764 "GET /builder/templates/api/ HTTP/1.1" 200 1183
INFO 2026-07-21 20:31:12,242 basehttp 16480 15764 "GET /builder/api/check-subdomain/?subdomain=jmax HTTP/1.1" 200 117
WARNING 2026-07-21 20:31:32,088 log 16480 15764 Not Found: /.well-known/appspecific/com.chrome.devtools.json
WARNING 2026-07-21 20:31:32,090 basehttp 16480 15764 "GET /.well-known/appspecific/com.chrome.devtools.json HTTP/1.1" 404 44061
WARNING 2026-07-21 20:32:02,678 log 16480 3248 Not Found: /.well-known/appspecific/com.chrome.devtools.json
WARNING 2026-07-21 20:32:02,680 basehttp 16480 3248 "GET /.well-known/appspecific/com.chrome.devtools.json HTTP/1.1" 404 44061
INFO 2026-07-21 20:34:51,105 basehttp 16480 8476 "GET /onboarding/ HTTP/1.1" 200 90040
WARNING 2026-07-21 20:34:51,290 log 16480 8476 Not Found: /.well-known/appspecific/com.chrome.devtools.json
WARNING 2026-07-21 20:34:51,295 basehttp 16480 8476 "GET /.well-known/appspecific/com.chrome.devtools.json HTTP/1.1" 404 44061
INFO 2026-07-21 20:34:51,733 basehttp 16480 8476 "GET /builder/api/color-palettes/ HTTP/1.1" 200 54974
INFO 2026-07-21 20:34:51,973 basehttp 16480 8476 "GET /builder/templates/api/ HTTP/1.1" 200 1183
INFO 2026-07-21 20:35:11,051 basehttp 16480 8476 "GET /builder/api/check-subdomain/?subdomain=jmax HTTP/1.1" 200 117
WARNING 2026-07-21 20:35:44,139 log 16480 8476 Not Found: /.well-known/appspecific/com.chrome.devtools.json
WARNING 2026-07-21 20:35:44,154 basehttp 16480 8476 "GET /.well-known/appspecific/com.chrome.devtools.json HTTP/1.1" 404 44061
INFO 2026-07-21 20:39:10,429 basehttp 16480 16196 "GET /onboarding/ HTTP/1.1" 200 90761
WARNING 2026-07-21 20:39:10,620 log 16480 16196 Not Found: /.well-known/appspecific/com.chrome.devtools.json
WARNING 2026-07-21 20:39:10,638 basehttp 16480 16196 "GET /.well-known/appspecific/com.chrome.devtools.json HTTP/1.1" 404 44061
INFO 2026-07-21 20:39:11,044 basehttp 16480 16196 "GET /builder/api/color-palettes/ HTTP/1.1" 200 54974
INFO 2026-07-21 20:39:11,326 basehttp 16480 16196 "GET /builder/templates/api/ HTTP/1.1" 200 1183
INFO 2026-07-21 20:39:31,628 basehttp 16480 16196 "GET /builder/api/check-subdomain/?subdomain=jmax HTTP/1.1" 200 117
WARNING 2026-07-21 20:40:22,100 log 16480 16196 Not Found: /.well-known/appspecific/com.chrome.devtools.json
WARNING 2026-07-21 20:40:22,106 basehttp 16480 16196 "GET /.well-known/appspecific/com.chrome.devtools.json HTTP/1.1" 404 44061
INFO 2026-07-21 20:45:11,434 basehttp 16480 14880 "GET /onboarding/ HTTP/1.1" 200 73586
WARNING 2026-07-21 20:45:11,604 log 16480 14880 Not Found: /.well-known/appspecific/com.chrome.devtools.json
WARNING 2026-07-21 20:45:11,645 basehttp 16480 14880 "GET /.well-known/appspecific/com.chrome.devtools.json HTTP/1.1" 404 44061
INFO 2026-07-21 20:45:11,969 basehttp 16480 2000 "GET /builder/templates/api/ HTTP/1.1" 200 1183
INFO 2026-07-21 20:45:12,160 basehttp 16480 14880 "GET /builder/api/color-palettes/ HTTP/1.1" 200 54974
INFO 2026-07-21 20:45:34,829 basehttp 16480 14880 "GET /builder/api/check-subdomain/?subdomain=jmax HTTP/1.1" 200 117
WARNING 2026-07-21 20:46:20,800 log 16480 14880 Not Found: /.well-known/appspecific/com.chrome.devtools.json
WARNING 2026-07-21 20:46:20,825 basehttp 16480 14880 "GET /.well-known/appspecific/com.chrome.devtools.json HTTP/1.1" 404 44061
INFO 2026-07-21 20:48:26,430 basehttp 16480 1724 "GET /onboarding/ HTTP/1.1" 200 74152
WARNING 2026-07-21 20:48:26,628 log 16480 1724 Not Found: /.well-known/appspecific/com.chrome.devtools.json
WARNING 2026-07-21 20:48:26,907 basehttp 16480 1724 "GET /.well-known/appspecific/com.chrome.devtools.json HTTP/1.1" 404 44061
INFO 2026-07-21 20:48:26,941 basehttp 16480 12416 "GET /builder/templates/api/ HTTP/1.1" 200 1183
INFO 2026-07-21 20:48:27,162 basehttp 16480 14304 "GET /builder/api/color-palettes/ HTTP/1.1" 200 54974
INFO 2026-07-21 20:48:50,432 basehttp 16480 14304 "GET /builder/api/check-subdomain/?subdomain=jmax HTTP/1.1" 200 117
INFO 2026-07-21 20:49:04,620 basehttp 16480 14304 "POST /builder/onboarding/launch-editor/ HTTP/1.1" 200 238
INFO 2026-07-21 20:49:06,104 basehttp 16480 14304 "GET /editor/ModernEcommerce31/jmax/?onboarding=true&brand=JMAX HTTP/1.1" 200 595560
INFO 2026-07-21 20:49:06,522 basehttp 16480 12416 "GET /builder/get-components/ HTTP/1.1" 200 23001
INFO 2026-07-21 20:49:06,555 basehttp 16480 14304 "GET /builder/api/color-palettes/?page_subdomain=jmax HTTP/1.1" 200 55022
INFO 2026-07-21 20:49:06,611 basehttp 16480 12416 "GET /builder/load-template/ModernEcommerce31/?page=home&edit=jmax HTTP/1.1" 200 88746
INFO 2026-07-21 20:49:06,895 basehttp 16480 12416 "GET /builder/api/page-palette/jmax/ HTTP/1.1" 200 155
INFO 2026-07-21 20:49:06,968 basehttp 16480 1724 "GET /builder/api/color-palettes/?page_subdomain=jmax HTTP/1.1" 200 55022
INFO 2026-07-21 20:49:07,188 basehttp 16480 1724 "GET /builder/api/template-color-variables/ModernEcommerce31/ HTTP/1.1" 200 132
INFO 2026-07-21 20:49:07,372 basehttp 16480 1724 "GET /builder/api/page-palette/jmax/ HTTP/1.1" 200 155
INFO 2026-07-21 20:49:57,093 basehttp 16480 1724 "GET /onboarding/ HTTP/1.1" 200 74152
INFO 2026-07-21 20:49:57,200 basehttp 16480 12416 "GET /builder/templates/api/ HTTP/1.1" 200 1183
INFO 2026-07-21 20:49:57,309 basehttp 16480 1724 "GET /builder/api/color-palettes/ HTTP/1.1" 200 54974
INFO 2026-07-21 20:50:19,608 basehttp 16480 1724 "GET /builder/api/check-subdomain/?subdomain=jmax HTTP/1.1" 200 183
INFO 2026-07-21 20:50:27,735 basehttp 16480 1724 "GET /builder/api/check-subdomain/?subdomain=jmax-shop HTTP/1.1" 200 122
INFO 2026-07-21 20:50:45,139 basehttp 16480 1724 "POST /builder/onboarding/launch-editor/ HTTP/1.1" 200 250
INFO 2026-07-21 20:50:46,419 basehttp 16480 1724 "GET /editor/ModernEcommerce31/jmax-shop/?onboarding=true&brand=JMAXs HTTP/1.1" 200 595584
INFO 2026-07-21 20:50:46,625 basehttp 16480 1724 "GET /builder/get-components/ HTTP/1.1" 200 23001
INFO 2026-07-21 20:50:46,678 basehttp 16480 1724 "GET /builder/load-template/ModernEcommerce31/?page=home&edit=jmax-shop HTTP/1.1" 200 88746
INFO 2026-07-21 20:50:46,988 basehttp 16480 1724 "GET /builder/api/page-palette/jmax-shop/ HTTP/1.1" 200 158
INFO 2026-07-21 20:50:47,142 basehttp 16480 12416 "GET /builder/api/color-palettes/?page_subdomain=jmax-shop HTTP/1.1" 200 55028
INFO 2026-07-21 20:50:47,363 basehttp 16480 1724 "GET /builder/api/color-palettes/?page_subdomain=jmax-shop HTTP/1.1" 200 55028
INFO 2026-07-21 20:50:47,406 basehttp 16480 1724 "GET /builder/api/template-color-variables/ModernEcommerce31/ HTTP/1.1" 200 132
INFO 2026-07-21 20:50:47,589 basehttp 16480 1724 "GET /builder/api/page-palette/jmax-shop/ HTTP/1.1" 200 158
INFO 2026-07-22 02:30:51,471 autoreload 5452 9600 Watching for file changes with StatReloader
INFO 2026-07-22 02:32:09,467 basehttp 5452 7976 "GET / HTTP/1.1" 200 52777
WARNING 2026-07-22 02:32:10,273 log 5452 7976 Not Found: /favicon.ico
WARNING 2026-07-22 02:32:10,275 basehttp 5452 7976 "GET /favicon.ico HTTP/1.1" 404 43913
INFO 2026-07-22 02:32:12,800 basehttp 5452 7976 "GET /dashboard/ HTTP/1.1" 200 87422
INFO 2026-07-22 02:32:30,283 basehttp 5452 7976 "GET /templates/ HTTP/1.1" 200 66177
INFO 2026-07-22 02:32:34,562 basehttp 5452 7976 "GET /dashboard/ HTTP/1.1" 200 87422
INFO 2026-07-22 02:32:37,976 basehttp 5452 7976 "GET /onboarding/ HTTP/1.1" 200 74152
INFO 2026-07-22 02:32:38,064 basehttp 5452 7976 "GET /builder/templates/api/ HTTP/1.1" 200 1183
INFO 2026-07-22 02:32:38,245 basehttp 5452 17820 "GET /builder/api/color-palettes/ HTTP/1.1" 200 54974
INFO 2026-07-22 02:33:06,237 basehttp 5452 17820 "GET /builder/api/check-subdomain/?subdomain=jimmy HTTP/1.1" 200 118
INFO 2026-07-22 02:33:28,262 basehttp 5452 17820 "POST /builder/onboarding/launch-editor/ HTTP/1.1" 200 242
INFO 2026-07-22 02:33:29,853 basehttp 5452 17820 "GET /editor/ModernEcommerce35/jimmy/?onboarding=true&brand=Jimmy HTTP/1.1" 200 595567
INFO 2026-07-22 02:33:30,203 basehttp 5452 17820 "GET /builder/get-components/ HTTP/1.1" 200 23001
INFO 2026-07-22 02:33:30,273 basehttp 5452 17820 "GET /builder/load-template/ModernEcommerce35/?page=home&edit=jimmy HTTP/1.1" 200 82967
INFO 2026-07-22 02:33:30,326 basehttp 5452 7976 "GET /builder/api/color-palettes/?page_subdomain=jimmy HTTP/1.1" 200 55032
INFO 2026-07-22 02:33:30,523 basehttp 5452 17820 "GET /builder/api/page-palette/jimmy/ HTTP/1.1" 200 160
INFO 2026-07-22 02:33:31,044 basehttp 5452 7976 "GET /builder/api/color-palettes/?page_subdomain=jimmy HTTP/1.1" 200 55032
INFO 2026-07-22 02:33:31,093 basehttp 5452 7976 "GET /builder/api/template-color-variables/ModernEcommerce35/ HTTP/1.1" 200 1041
INFO 2026-07-22 02:33:31,335 basehttp 5452 7976 "GET /builder/api/page-palette/jimmy/ HTTP/1.1" 200 160
INFO 2026-07-22 02:34:32,426 basehttp 5452 7976 "GET / HTTP/1.1" 200 52777
INFO 2026-07-22 02:34:36,661 basehttp 5452 7976 "GET /dashboard/ HTTP/1.1" 200 91692
INFO 2026-07-22 02:34:41,028 basehttp 5452 7976 "GET /templates/ HTTP/1.1" 200 66177
INFO 2026-07-22 02:34:45,162 basehttp 5452 7976 "GET /editor/ModernEcommerce35/ HTTP/1.1" 200 595457
INFO 2026-07-22 02:34:45,362 basehttp 5452 7976 "GET /builder/get-components/ HTTP/1.1" 200 23001
INFO 2026-07-22 02:34:45,409 basehttp 5452 7976 "GET /builder/load-template/ModernEcommerce35/?page=home HTTP/1.1" 200 82967
INFO 2026-07-22 02:34:45,484 basehttp 5452 17820 "GET /builder/api/color-palettes/ HTTP/1.1" 200 54974
INFO 2026-07-22 02:34:45,694 basehttp 5452 17820 "GET /builder/api/color-palettes/ HTTP/1.1" 200 54974
INFO 2026-07-22 02:34:45,850 basehttp 5452 17820 "GET /builder/api/template-color-variables/ModernEcommerce35/ HTTP/1.1" 200 1041
INFO 2026-07-22 02:37:00,804 basehttp 5452 17820 "GET /editor/ModernEcommerce35/jimmy/?onboarding=true&brand=Jimmy HTTP/1.1" 200 595567
INFO 2026-07-22 02:37:03,551 basehttp 5452 11552 "GET /builder/get-components/ HTTP/1.1" 200 23001
INFO 2026-07-22 02:37:03,620 basehttp 5452 8872 "GET /builder/api/color-palettes/?page_subdomain=jimmy HTTP/1.1" 200 55032
INFO 2026-07-22 02:37:03,690 basehttp 5452 11552 "GET /builder/load-template/ModernEcommerce35/?page=home&edit=jimmy HTTP/1.1" 200 82967
INFO 2026-07-22 02:37:04,012 basehttp 5452 11552 "GET /builder/api/page-palette/jimmy/ HTTP/1.1" 200 160
INFO 2026-07-22 02:37:04,125 basehttp 5452 8872 "GET /builder/api/color-palettes/?page_subdomain=jimmy HTTP/1.1" 200 55032
INFO 2026-07-22 02:37:04,245 basehttp 5452 8872 "GET /builder/api/template-color-variables/ModernEcommerce35/ HTTP/1.1" 200 1041
INFO 2026-07-22 02:37:04,457 basehttp 5452 8872 "GET /builder/api/page-palette/jimmy/ HTTP/1.1" 200 160
INFO 2026-07-22 02:38:25,299 basehttp 5452 8024 "GET /editor/ModernEcommerce35/jimmy/?onboarding=true&brand=Jimmy HTTP/1.1" 200 595567
INFO 2026-07-22 02:38:25,459 basehttp 5452 8024 "GET /builder/get-components/ HTTP/1.1" 200 23001
INFO 2026-07-22 02:38:25,545 basehttp 5452 8024 "GET /builder/load-template/ModernEcommerce35/?page=home&edit=jimmy HTTP/1.1" 200 83902
INFO 2026-07-22 02:38:25,788 basehttp 5452 8024 "GET /builder/api/page-palette/jimmy/ HTTP/1.1" 200 160
INFO 2026-07-22 02:38:25,943 basehttp 5452 15316 "GET /builder/api/color-palettes/?page_subdomain=jimmy HTTP/1.1" 200 55032
INFO 2026-07-22 02:38:26,160 basehttp 5452 8024 "GET /builder/api/color-palettes/?page_subdomain=jimmy HTTP/1.1" 200 55032
INFO 2026-07-22 02:38:26,205 basehttp 5452 8024 "GET /builder/api/template-color-variables/ModernEcommerce35/ HTTP/1.1" 200 1041
INFO 2026-07-22 02:38:26,479 basehttp 5452 8024 "GET /builder/api/page-palette/jimmy/ HTTP/1.1" 200 160
INFO 2026-07-22 03:00:22,569 basehttp 5452 13264 "GET /editor/ModernEcommerce35/jimmy/?onboarding=true&brand=Jimmy HTTP/1.1" 200 595567
INFO 2026-07-22 03:00:22,756 basehttp 5452 13264 "GET /builder/get-components/ HTTP/1.1" 200 23001
INFO 2026-07-22 03:00:22,809 basehttp 5452 13264 "GET /builder/load-template/ModernEcommerce35/?page=home&edit=jimmy HTTP/1.1" 200 82971
INFO 2026-07-22 03:00:23,098 basehttp 5452 13264 "GET /builder/api/page-palette/jimmy/ HTTP/1.1" 200 160
INFO 2026-07-22 03:00:23,188 basehttp 5452 12408 "GET /builder/api/color-palettes/?page_subdomain=jimmy HTTP/1.1" 200 55032
INFO 2026-07-22 03:00:23,355 basehttp 5452 12408 "GET /builder/api/color-palettes/?page_subdomain=jimmy HTTP/1.1" 200 55032
INFO 2026-07-22 03:00:23,380 basehttp 5452 12408 "GET /builder/api/template-color-variables/ModernEcommerce35/ HTTP/1.1" 200 1041
INFO 2026-07-22 03:00:23,552 basehttp 5452 12408 "GET /builder/api/page-palette/jimmy/ HTTP/1.1" 200 160
INFO 2026-07-22 03:00:27,029 basehttp 5452 12408 "GET /editor/ModernEcommerce35/jimmy/?onboarding=true&brand=Jimmy HTTP/1.1" 200 595567
INFO 2026-07-22 03:00:27,177 basehttp 5452 12408 "GET /builder/get-components/ HTTP/1.1" 200 23001
INFO 2026-07-22 03:00:27,229 basehttp 5452 12408 "GET /builder/load-template/ModernEcommerce35/?page=home&edit=jimmy HTTP/1.1" 200 82971
INFO 2026-07-22 03:00:27,436 basehttp 5452 12408 "GET /builder/api/page-palette/jimmy/ HTTP/1.1" 200 160
INFO 2026-07-22 03:00:27,516 basehttp 5452 13264 "GET /builder/api/color-palettes/?page_subdomain=jimmy HTTP/1.1" 200 55032
INFO 2026-07-22 03:00:27,700 basehttp 5452 13264 "GET /builder/api/color-palettes/?page_subdomain=jimmy HTTP/1.1" 200 55032
INFO 2026-07-22 03:00:27,734 basehttp 5452 13264 "GET /builder/api/template-color-variables/ModernEcommerce35/ HTTP/1.1" 200 1041
INFO 2026-07-22 03:00:27,912 basehttp 5452 13264 "GET /builder/api/page-palette/jimmy/ HTTP/1.1" 200 160
INFO 2026-07-22 03:06:32,237 basehttp 5452 13088 "GET /editor/ModernEcommerce35/jimmy/?onboarding=true&brand=Jimmy HTTP/1.1" 200 595567
INFO 2026-07-22 03:06:32,431 basehttp 5452 13088 "GET /builder/get-components/ HTTP/1.1" 200 23001
INFO 2026-07-22 03:06:32,497 basehttp 5452 13088 "GET /builder/load-template/ModernEcommerce35/?page=home&edit=jimmy HTTP/1.1" 200 83018
INFO 2026-07-22 03:06:32,795 basehttp 5452 13088 "GET /builder/api/page-palette/jimmy/ HTTP/1.1" 200 160
INFO 2026-07-22 03:06:32,826 basehttp 5452 11940 "GET /builder/api/color-palettes/?page_subdomain=jimmy HTTP/1.1" 200 55032
INFO 2026-07-22 03:06:32,941 basehttp 5452 11940 "GET /builder/api/color-palettes/?page_subdomain=jimmy HTTP/1.1" 200 55032
INFO 2026-07-22 03:06:32,984 basehttp 5452 11940 "GET /builder/api/template-color-variables/ModernEcommerce35/ HTTP/1.1" 200 1041
INFO 2026-07-22 03:06:33,157 basehttp 5452 11940 "GET /builder/api/page-palette/jimmy/ HTTP/1.1" 200 160
INFO 2026-07-22 03:06:47,844 basehttp 5452 11940 "GET /editor/ModernEcommerce35/jimmy/?onboarding=true&brand=Jimmy HTTP/1.1" 200 595567
INFO 2026-07-22 03:06:47,981 basehttp 5452 11940 "GET /builder/get-components/ HTTP/1.1" 200 23001
INFO 2026-07-22 03:06:48,035 basehttp 5452 11940 "GET /builder/load-template/ModernEcommerce35/?page=home&edit=jimmy HTTP/1.1" 200 83018
INFO 2026-07-22 03:06:48,319 basehttp 5452 11940 "GET /builder/api/page-palette/jimmy/ HTTP/1.1" 200 160
INFO 2026-07-22 03:06:48,349 basehttp 5452 13088 "GET /builder/api/color-palettes/?page_subdomain=jimmy HTTP/1.1" 200 55032
INFO 2026-07-22 03:06:48,567 basehttp 5452 13088 "GET /builder/api/color-palettes/?page_subdomain=jimmy HTTP/1.1" 200 55032
INFO 2026-07-22 03:06:48,615 basehttp 5452 13088 "GET /builder/api/template-color-variables/ModernEcommerce35/ HTTP/1.1" 200 1041
INFO 2026-07-22 03:06:48,821 basehttp 5452 13088 "GET /builder/api/page-palette/jimmy/ HTTP/1.1" 200 160
INFO 2026-07-22 03:07:53,538 basehttp 5452 13088 "GET /editor/ModernEcommerce35/jimmy/?onboarding=true&brand=Jimmy HTTP/1.1" 200 595567
INFO 2026-07-22 03:07:53,743 basehttp 5452 13088 "GET /builder/get-components/ HTTP/1.1" 200 23001
INFO 2026-07-22 03:07:53,859 basehttp 5452 13088 "GET /builder/load-template/ModernEcommerce35/?page=home&edit=jimmy HTTP/1.1" 200 83018
INFO 2026-07-22 03:07:53,922 basehttp 5452 11940 "GET /builder/api/color-palettes/?page_subdomain=jimmy HTTP/1.1" 200 55032
INFO 2026-07-22 03:07:54,093 basehttp 5452 13088 "GET /builder/api/page-palette/jimmy/ HTTP/1.1" 200 160
INFO 2026-07-22 03:07:54,230 basehttp 5452 11940 "GET /builder/api/color-palettes/?page_subdomain=jimmy HTTP/1.1" 200 55032
INFO 2026-07-22 03:07:54,271 basehttp 5452 11940 "GET /builder/api/template-color-variables/ModernEcommerce35/ HTTP/1.1" 200 1041
INFO 2026-07-22 03:07:54,542 basehttp 5452 11940 "GET /builder/api/page-palette/jimmy/ HTTP/1.1" 200 160
INFO 2026-07-22 08:57:41,432 autoreload 6868 16880 Watching for file changes with StatReloader
INFO 2026-07-22 08:58:38,974 basehttp 6868 8816 "GET / HTTP/1.1" 200 52777
WARNING 2026-07-22 08:58:39,658 log 6868 8816 Not Found: /favicon.ico
WARNING 2026-07-22 08:58:39,659 basehttp 6868 8816 "GET /favicon.ico HTTP/1.1" 404 43913
INFO 2026-07-22 08:58:47,622 basehttp 6868 8816 "GET /dashboard/ HTTP/1.1" 200 91692
INFO 2026-07-22 08:59:00,901 basehttp 6868 8816 "GET /editor/ModernEcommerce31/jmax-shop/ HTTP/1.1" 200 595584
INFO 2026-07-22 08:59:01,425 basehttp 6868 8816 "GET /builder/get-components/ HTTP/1.1" 200 23001
INFO 2026-07-22 08:59:01,474 basehttp 6868 17740 "GET /builder/api/color-palettes/?page_subdomain=jmax-shop HTTP/1.1" 200 55028
INFO 2026-07-22 08:59:01,577 basehttp 6868 8816 "GET /builder/load-template/ModernEcommerce31/?page=home&edit=jmax-shop HTTP/1.1" 200 88746
INFO 2026-07-22 08:59:01,863 basehttp 6868 8816 "GET /builder/api/page-palette/jmax-shop/ HTTP/1.1" 200 158
INFO 2026-07-22 08:59:01,962 basehttp 6868 17740 "GET /builder/api/color-palettes/?page_subdomain=jmax-shop HTTP/1.1" 200 55028
INFO 2026-07-22 08:59:02,220 basehttp 6868 17740 "GET /builder/api/template-color-variables/ModernEcommerce31/ HTTP/1.1" 200 1692
INFO 2026-07-22 08:59:02,747 basehttp 6868 17740 "GET /builder/api/page-palette/jmax-shop/ HTTP/1.1" 200 158
INFO 2026-07-22 08:59:20,274 basehttp 6868 17740 "GET /analytics/jimmy/ HTTP/1.1" 200 73982
INFO 2026-07-22 08:59:20,413 basehttp 6868 17740 "GET /api/jimmy/?period=30d HTTP/1.1" 200 2740
INFO 2026-07-22 09:00:27,444 basehttp 6868 4180 "GET /analytics/jimmy/ HTTP/1.1" 200 73982
INFO 2026-07-22 09:00:30,498 basehttp 6868 4180 "GET /api/jimmy/?period=30d HTTP/1.1" 200 2740
INFO 2026-07-22 09:00:52,789 basehttp 6868 4180 "GET /analytics/test2/ HTTP/1.1" 200 73982
INFO 2026-07-22 09:00:53,034 basehttp 6868 4180 "GET /api/test2/?period=30d HTTP/1.1" 200 3122
INFO 2026-07-22 09:01:23,023 basehttp 6868 4180 "GET /api/test2/?metric=real-time HTTP/1.1" 200 3122
INFO 2026-07-22 09:33:12,508 autoreload 10072 18796 Watching for file changes with StatReloader
INFO 2026-07-22 09:33:19,203 basehttp 10072 16080 "GET /admin/ HTTP/1.1" 200 55374
INFO 2026-07-22 09:33:29,900 basehttp 10072 16080 "GET /admin/builder/colorpalette/ HTTP/1.1" 200 163092
INFO 2026-07-22 09:33:29,972 basehttp 10072 16080 "GET /admin/jsi18n/ HTTP/1.1" 200 3342
INFO 2026-07-22 09:33:30,371 basehttp 10072 1196 "GET /static/admin/img/search.svg HTTP/1.1" 200 458
INFO 2026-07-22 09:33:30,404 basehttp 10072 10432 "GET /static/admin/img/icon-no.svg HTTP/1.1" 200 560
INFO 2026-07-22 09:33:30,495 basehttp 10072 16080 "GET /static/admin/img/sorting-icons.svg HTTP/1.1" 200 1097
INFO 2026-07-22 09:33:54,645 basehttp 10072 16080 "POST /admin/builder/colorpalette/ HTTP/1.1" 200 128858
INFO 2026-07-22 09:33:54,670 basehttp 10072 16080 "GET /static/admin/js/cancel.js HTTP/1.1" 200 884
INFO 2026-07-22 09:34:06,173 basehttp 10072 16080 "POST /admin/builder/colorpalette/ HTTP/1.1" 302 0
INFO 2026-07-22 09:34:06,394 basehttp 10072 16080 "GET /admin/builder/colorpalette/ HTTP/1.1" 200 89665
INFO 2026-07-22 09:34:06,440 basehttp 10072 16080 "GET /admin/jsi18n/ HTTP/1.1" 200 3342
INFO 2026-07-22 09:34:17,273 basehttp 10072 16080 "POST /admin/builder/colorpalette/ HTTP/1.1" 200 72499
INFO 2026-07-22 09:34:24,830 basehttp 10072 16080 "POST /admin/builder/colorpalette/ HTTP/1.1" 302 0
INFO 2026-07-22 09:34:24,974 basehttp 10072 16080 "GET /admin/builder/colorpalette/ HTTP/1.1" 200 43692
INFO 2026-07-22 09:34:25,023 basehttp 10072 16080 "GET /admin/jsi18n/ HTTP/1.1" 200 3342
INFO 2026-07-22 09:59:59,486 autoreload 16012 18304 Watching for file changes with StatReloader
INFO 2026-07-22 10:00:06,718 basehttp 16012 13992 "GET /editor/ModernEcommerce35/jimmy/ HTTP/1.1" 200 595567
INFO 2026-07-22 10:00:06,980 basehttp 16012 13992 "GET /builder/get-components/ HTTP/1.1" 200 23001
INFO 2026-07-22 10:00:07,065 basehttp 16012 13992 "GET /builder/load-template/ModernEcommerce35/?page=home&edit=jimmy HTTP/1.1" 200 82967
INFO 2026-07-22 10:00:07,125 basehttp 16012 13992 "GET /builder/api/page-palette/jimmy/ HTTP/1.1" 200 31
INFO 2026-07-22 10:00:07,191 basehttp 16012 10872 "GET /builder/api/color-palettes/?page_subdomain=jimmy HTTP/1.1" 200 55929
INFO 2026-07-22 10:00:07,392 basehttp 16012 13992 "GET /builder/api/color-palettes/?page_subdomain=jimmy HTTP/1.1" 200 55929
INFO 2026-07-22 10:00:07,747 basehttp 16012 13992 "GET /builder/api/template-color-variables/ModernEcommerce35/ HTTP/1.1" 200 1041
INFO 2026-07-22 10:00:07,807 basehttp 16012 13992 "GET /builder/api/page-palette/jimmy/ HTTP/1.1" 200 31
INFO 2026-07-22 10:07:04,863 basehttp 16012 13096 "GET /editor/ModernEcommerce34/test8/ HTTP/1.1" 200 641609
INFO 2026-07-22 10:07:05,099 basehttp 16012 13096 "GET /builder/get-components/ HTTP/1.1" 200 23001
INFO 2026-07-22 10:07:05,178 basehttp 16012 13096 "GET /builder/load-template/ModernEcommerce34/?page=home&edit=test8 HTTP/1.1" 200 76814
INFO 2026-07-22 10:07:05,230 basehttp 16012 13096 "GET /builder/api/page-palette/test8/ HTTP/1.1" 200 31
INFO 2026-07-22 10:07:05,237 basehttp 16012 14012 "GET /builder/api/color-palettes/?page_subdomain=test8 HTTP/1.1" 200 55929
INFO 2026-07-22 10:07:05,462 basehttp 16012 13096 "GET /builder/api/color-palettes/?page_subdomain=test8 HTTP/1.1" 200 55929
INFO 2026-07-22 10:07:05,640 basehttp 16012 13096 "GET /builder/api/template-color-variables/ModernEcommerce34/ HTTP/1.1" 200 1041
INFO 2026-07-22 10:07:05,764 basehttp 16012 13096 "GET /builder/api/page-palette/test8/ HTTP/1.1" 200 31
INFO 2026-07-22 10:09:08,110 basehttp 16012 13096 "GET /editor/ModernEcommerce34/test8/ HTTP/1.1" 200 641609
INFO 2026-07-22 10:09:08,334 basehttp 16012 13096 "GET /builder/get-components/ HTTP/1.1" 200 23001
INFO 2026-07-22 10:09:08,395 basehttp 16012 13096 "GET /builder/load-template/ModernEcommerce34/?page=home&edit=test8 HTTP/1.1" 200 76865
INFO 2026-07-22 10:09:08,449 basehttp 16012 13096 "GET /builder/api/page-palette/test8/ HTTP/1.1" 200 31
INFO 2026-07-22 10:09:08,591 basehttp 16012 14012 "GET /builder/api/color-palettes/?page_subdomain=test8 HTTP/1.1" 200 55929
INFO 2026-07-22 10:09:08,780 basehttp 16012 14012 "GET /builder/api/color-palettes/?page_subdomain=test8 HTTP/1.1" 200 55929
INFO 2026-07-22 10:09:08,812 basehttp 16012 14012 "GET /builder/api/template-color-variables/ModernEcommerce34/ HTTP/1.1" 200 1041
INFO 2026-07-22 10:09:08,829 basehttp 16012 14012 "GET /builder/api/page-palette/test8/ HTTP/1.1" 200 31
INFO 2026-07-22 10:12:12,665 basehttp 16012 14012 "GET /admin/builder/colorpalette/ HTTP/1.1" 200 163242
INFO 2026-07-22 10:12:12,708 basehttp 16012 14012 "GET /admin/jsi18n/ HTTP/1.1" 200 3342
INFO 2026-07-22 10:12:23,982 basehttp 16012 14012 "POST /admin/builder/colorpalette/ HTTP/1.1" 200 131056
INFO 2026-07-22 10:12:31,082 basehttp 16012 14012 "POST /admin/builder/colorpalette/ HTTP/1.1" 302 0
INFO 2026-07-22 10:12:31,308 basehttp 16012 14012 "GET /admin/builder/colorpalette/ HTTP/1.1" 200 89731
INFO 2026-07-22 10:12:31,356 basehttp 16012 14012 "GET /admin/jsi18n/ HTTP/1.1" 200 3342
INFO 2026-07-22 10:12:36,944 basehttp 16012 14012 "POST /admin/builder/colorpalette/ HTTP/1.1" 302 0
INFO 2026-07-22 10:12:37,087 basehttp 16012 14012 "GET /admin/builder/colorpalette/ HTTP/1.1" 200 89778
INFO 2026-07-22 10:12:37,133 basehttp 16012 14012 "GET /admin/jsi18n/ HTTP/1.1" 200 3342
INFO 2026-07-22 10:12:37,345 basehttp 16012 14012 "GET /static/admin/img/icon-alert.svg HTTP/1.1" 200 504
INFO 2026-07-22 10:12:44,167 basehttp 16012 14012 "POST /admin/builder/colorpalette/ HTTP/1.1" 200 73581
INFO 2026-07-22 10:12:48,941 basehttp 16012 14012 "POST /admin/builder/colorpalette/ HTTP/1.1" 302 0
INFO 2026-07-22 10:12:49,049 basehttp 16012 14012 "GET /admin/builder/colorpalette/ HTTP/1.1" 200 43692
INFO 2026-07-22 10:12:49,105 basehttp 16012 14012 "GET /admin/jsi18n/ HTTP/1.1" 200 3342
INFO 2026-07-22 10:31:54,641 autoreload 7408 3388 Watching for file changes with StatReloader
INFO 2026-07-22 10:32:54,800 basehttp 7408 4540 "GET /admin/builder/colorpalette/ HTTP/1.1" 200 163280
INFO 2026-07-22 10:32:54,861 basehttp 7408 4540 "GET /admin/jsi18n/ HTTP/1.1" 200 3342
INFO 2026-07-22 10:33:04,273 basehttp 7408 4540 "GET /editor/ModernEcommerce34/test8/ HTTP/1.1" 200 641609
INFO 2026-07-22 10:33:04,484 basehttp 7408 4540 "GET /builder/get-components/ HTTP/1.1" 200 23001
INFO 2026-07-22 10:33:04,743 basehttp 7408 11728 "GET /builder/api/color-palettes/?page_subdomain=test8 HTTP/1.1" 200 55814
INFO 2026-07-22 10:33:04,791 basehttp 7408 4540 "GET /builder/load-template/ModernEcommerce34/?page=home&edit=test8 HTTP/1.1" 200 76865
INFO 2026-07-22 10:33:04,870 basehttp 7408 4540 "GET /builder/api/page-palette/test8/ HTTP/1.1" 200 31
INFO 2026-07-22 10:33:05,033 basehttp 7408 11728 "GET /builder/api/color-palettes/?page_subdomain=test8 HTTP/1.1" 200 55814
INFO 2026-07-22 10:33:05,085 basehttp 7408 11728 "GET /builder/api/template-color-variables/ModernEcommerce34/ HTTP/1.1" 200 1041
INFO 2026-07-22 10:33:05,111 basehttp 7408 11728 "GET /builder/api/page-palette/test8/ HTTP/1.1" 200 31
INFO 2026-07-22 10:35:38,395 basehttp 7408 11728 "GET /onboarding/ HTTP/1.1" 200 74152
INFO 2026-07-22 10:35:38,459 basehttp 7408 4540 "GET /builder/templates/api/ HTTP/1.1" 200 1183
INFO 2026-07-22 10:35:38,563 basehttp 7408 11728 "GET /builder/api/color-palettes/ HTTP/1.1" 200 55814
INFO 2026-07-22 10:36:08,017 basehttp 7408 11728 "GET /builder/api/check-subdomain/?subdomain=cray HTTP/1.1" 200 117
INFO 2026-07-22 10:36:10,082 basehttp 7408 11728 "GET /builder/api/check-subdomain/?subdomain=crayon HTTP/1.1" 200 119
INFO 2026-07-22 10:36:31,365 basehttp 7408 11728 "POST /builder/onboarding/launch-editor/ HTTP/1.1" 200 246
INFO 2026-07-22 10:36:32,437 basehttp 7408 11728 "GET /editor/ModernEcommerce34/crayon/?onboarding=true&brand=Crayon HTTP/1.1" 200 595574
INFO 2026-07-22 10:36:32,626 basehttp 7408 11728 "GET /builder/get-components/ HTTP/1.1" 200 23001
INFO 2026-07-22 10:36:32,677 basehttp 7408 11728 "GET /builder/load-template/ModernEcommerce34/?page=home&edit=crayon HTTP/1.1" 200 76865
INFO 2026-07-22 10:36:32,732 basehttp 7408 11728 "GET /builder/api/page-palette/crayon/ HTTP/1.1" 200 311
INFO 2026-07-22 10:36:32,773 basehttp 7408 4540 "GET /builder/api/color-palettes/?page_subdomain=crayon HTTP/1.1" 200 55879
INFO 2026-07-22 10:36:33,019 basehttp 7408 4540 "GET /builder/api/color-palettes/?page_subdomain=crayon HTTP/1.1" 200 55879
INFO 2026-07-22 10:36:33,057 basehttp 7408 4540 "GET /builder/api/template-color-variables/ModernEcommerce34/ HTTP/1.1" 200 1041
INFO 2026-07-22 10:36:33,075 basehttp 7408 4540 "GET /builder/api/page-palette/crayon/ HTTP/1.1" 200 311
INFO 2026-07-22 17:36:09,066 autoreload 13668 15600 Watching for file changes with StatReloader
INFO 2026-07-22 17:36:19,667 basehttp 13668 13352 "POST /admin/builder/colorpalette/ HTTP/1.1" 200 131392
INFO 2026-07-22 17:36:27,972 basehttp 13668 13352 "POST /admin/builder/colorpalette/ HTTP/1.1" 302 0
INFO 2026-07-22 17:36:28,338 basehttp 13668 13352 "GET /admin/builder/colorpalette/ HTTP/1.1" 200 118655
INFO 2026-07-22 17:36:28,392 basehttp 13668 13352 "GET /admin/jsi18n/ HTTP/1.1" 200 3342
INFO 2026-07-22 17:36:38,723 basehttp 13668 13352 "POST /admin/builder/colorpalette/ HTTP/1.1" 200 95827
INFO 2026-07-22 17:36:44,566 basehttp 13668 13352 "POST /admin/builder/colorpalette/ HTTP/1.1" 302 0
INFO 2026-07-22 17:36:44,661 basehttp 13668 13352 "GET /admin/builder/colorpalette/ HTTP/1.1" 200 43692
INFO 2026-07-22 17:36:44,725 basehttp 13668 13352 "GET /admin/jsi18n/ HTTP/1.1" 200 3342
INFO 2026-07-22 17:39:42,113 autoreload 12248 5188 Watching for file changes with StatReloader
INFO 2026-07-22 17:39:50,237 basehttp 12248 9900 "GET /admin/builder/colorpalette/ HTTP/1.1" 200 120979
INFO 2026-07-22 17:39:50,288 basehttp 12248 9900 "GET /admin/jsi18n/ HTTP/1.1" 200 3342
INFO 2026-07-22 17:39:54,526 basehttp 12248 9900 "GET /editor/ModernEcommerce34/crayon/?onboarding=true&brand=Crayon HTTP/1.1" 200 595574
INFO 2026-07-22 17:39:54,759 basehttp 12248 9900 "GET /builder/get-components/ HTTP/1.1" 200 23001
INFO 2026-07-22 17:39:54,826 basehttp 12248 9900 "GET /builder/load-template/ModernEcommerce34/?page=home&edit=crayon HTTP/1.1" 200 76865
INFO 2026-07-22 17:39:54,893 basehttp 12248 9900 "GET /builder/api/page-palette/crayon/ HTTP/1.1" 200 31
INFO 2026-07-22 17:39:54,910 basehttp 12248 12392 "GET /builder/api/color-palettes/?page_subdomain=crayon HTTP/1.1" 200 54739
INFO 2026-07-22 17:39:55,152 basehttp 12248 12392 "GET /builder/api/color-palettes/?page_subdomain=crayon HTTP/1.1" 200 54739
INFO 2026-07-22 17:39:55,250 basehttp 12248 12392 "GET /builder/api/template-color-variables/ModernEcommerce34/ HTTP/1.1" 200 1041
INFO 2026-07-22 17:39:55,270 basehttp 12248 12392 "GET /builder/api/page-palette/crayon/ HTTP/1.1" 200 31
INFO 2026-07-22 17:45:32,928 basehttp 12248 8324 "POST /admin/builder/colorpalette/ HTTP/1.1" 200 96405
INFO 2026-07-22 17:45:39,548 basehttp 12248 8324 "POST /admin/builder/colorpalette/ HTTP/1.1" 302 0
INFO 2026-07-22 17:45:39,616 basehttp 12248 8324 "GET /admin/builder/colorpalette/ HTTP/1.1" 200 43692
INFO 2026-07-22 17:45:39,667 basehttp 12248 8324 "GET /admin/jsi18n/ HTTP/1.1" 200 3342
INFO 2026-07-22 17:51:48,530 autoreload 14992 5508 Watching for file changes with StatReloader
INFO 2026-07-22 17:51:55,475 basehttp 14992 196 "GET /editor/ModernEcommerce34/crayon/?onboarding=true&brand=Crayon HTTP/1.1" 200 595574
INFO 2026-07-22 17:51:55,648 basehttp 14992 196 "GET /builder/get-components/ HTTP/1.1" 200 23001
INFO 2026-07-22 17:51:55,702 basehttp 14992 196 "GET /builder/load-template/ModernEcommerce34/?page=home&edit=crayon HTTP/1.1" 200 76865
INFO 2026-07-22 17:51:55,761 basehttp 14992 196 "GET /builder/api/page-palette/crayon/ HTTP/1.1" 200 31
INFO 2026-07-22 17:51:55,825 basehttp 14992 10064 "GET /builder/api/color-palettes/?page_subdomain=crayon HTTP/1.1" 200 55002
INFO 2026-07-22 17:51:56,018 basehttp 14992 10064 "GET /builder/api/color-palettes/?page_subdomain=crayon HTTP/1.1" 200 55002
INFO 2026-07-22 17:51:56,052 basehttp 14992 10064 "GET /builder/api/template-color-variables/ModernEcommerce34/ HTTP/1.1" 200 1041
INFO 2026-07-22 17:51:56,067 basehttp 14992 10064 "GET /builder/api/page-palette/crayon/ HTTP/1.1" 200 31
INFO 2026-07-22 18:07:30,581 basehttp 14992 12956 "GET /dashboard/ HTTP/1.1" 200 96927
INFO 2026-07-22 18:07:37,802 basehttp 14992 12956 "GET /editor/ModernEcommerce31/test5/ HTTP/1.1" 200 650533
INFO 2026-07-22 18:07:37,983 basehttp 14992 12956 "GET /builder/get-components/ HTTP/1.1" 200 23001
INFO 2026-07-22 18:07:38,090 basehttp 14992 8872 "GET /builder/api/color-palettes/?page_subdomain=test5 HTTP/1.1" 200 55002
INFO 2026-07-22 18:07:38,099 basehttp 14992 12956 "GET /builder/load-template/ModernEcommerce31/?page=home&edit=test5 HTTP/1.1" 200 88792
INFO 2026-07-22 18:07:38,183 basehttp 14992 12956 "GET /builder/api/page-palette/test5/ HTTP/1.1" 200 31
INFO 2026-07-22 18:07:38,286 basehttp 14992 8872 "GET /builder/api/color-palettes/?page_subdomain=test5 HTTP/1.1" 200 55002
INFO 2026-07-22 18:07:38,631 basehttp 14992 8872 "GET /builder/api/template-color-variables/ModernEcommerce31/ HTTP/1.1" 200 1593
INFO 2026-07-22 18:07:38,697 basehttp 14992 8872 "GET /builder/api/page-palette/test5/ HTTP/1.1" 200 31
INFO 2026-07-22 18:11:45,779 basehttp 14992 8872 "GET /editor/ModernEcommerce31/test5/ HTTP/1.1" 200 650533
INFO 2026-07-22 18:11:45,990 basehttp 14992 8872 "GET /builder/get-components/ HTTP/1.1" 200 23001
INFO 2026-07-22 18:11:46,087 basehttp 14992 12956 "GET /builder/api/color-palettes/?page_subdomain=test5 HTTP/1.1" 200 55002
INFO 2026-07-22 18:11:46,156 basehttp 14992 8872 "GET /builder/load-template/ModernEcommerce31/?page=home&edit=test5 HTTP/1.1" 200 88828
INFO 2026-07-22 18:11:46,214 basehttp 14992 8872 "GET /builder/api/page-palette/test5/ HTTP/1.1" 200 31
INFO 2026-07-22 18:11:46,293 basehttp 14992 12956 "GET /builder/api/color-palettes/?page_subdomain=test5 HTTP/1.1" 200 55002
INFO 2026-07-22 18:11:46,509 basehttp 14992 12956 "GET /builder/api/template-color-variables/ModernEcommerce31/ HTTP/1.1" 200 1593
INFO 2026-07-22 18:11:46,596 basehttp 14992 12956 "GET /builder/api/page-palette/test5/ HTTP/1.1" 200 31
INFO 2026-07-22 18:17:37,907 basehttp 14992 4732 "GET /editor/ModernEcommerce30/test4b/ HTTP/1.1" 200 669417
INFO 2026-07-22 18:17:38,109 basehttp 14992 4732 "GET /builder/get-components/ HTTP/1.1" 200 23001
INFO 2026-07-22 18:17:38,217 basehttp 14992 1760 "GET /builder/api/color-palettes/?page_subdomain=test4b HTTP/1.1" 200 55002
INFO 2026-07-22 18:17:38,268 basehttp 14992 4732 "GET /builder/load-template/ModernEcommerce30/?page=home&edit=test4b HTTP/1.1" 200 87717
INFO 2026-07-22 18:17:38,337 basehttp 14992 4732 "GET /builder/api/page-palette/test4b/ HTTP/1.1" 200 31
INFO 2026-07-22 18:17:38,417 basehttp 14992 1760 "GET /builder/api/color-palettes/?page_subdomain=test4b HTTP/1.1" 200 55002
INFO 2026-07-22 18:17:38,662 basehttp 14992 1760 "GET /builder/api/template-color-variables/ModernEcommerce30/ HTTP/1.1" 200 1218
INFO 2026-07-22 18:17:38,697 basehttp 14992 1760 "GET /builder/api/page-palette/test4b/ HTTP/1.1" 200 31
INFO 2026-07-22 18:21:35,475 basehttp 14992 1760 "GET /editor/ModernEcommerce30/test4b/ HTTP/1.1" 200 669417
INFO 2026-07-22 18:21:35,681 basehttp 14992 1760 "GET /builder/get-components/ HTTP/1.1" 200 23001
INFO 2026-07-22 18:21:35,734 basehttp 14992 1760 "GET /builder/load-template/ModernEcommerce30/?page=home&edit=test4b HTTP/1.1" 200 87744
INFO 2026-07-22 18:21:35,780 basehttp 14992 1760 "GET /builder/api/page-palette/test4b/ HTTP/1.1" 200 31
INFO 2026-07-22 18:21:35,806 basehttp 14992 4732 "GET /builder/api/color-palettes/?page_subdomain=test4b HTTP/1.1" 200 55002
INFO 2026-07-22 18:21:36,033 basehttp 14992 4732 "GET /builder/api/color-palettes/?page_subdomain=test4b HTTP/1.1" 200 55002
INFO 2026-07-22 18:21:36,196 basehttp 14992 4732 "GET /builder/api/template-color-variables/ModernEcommerce30/ HTTP/1.1" 200 1218
INFO 2026-07-22 18:21:36,281 basehttp 14992 4732 "GET /builder/api/page-palette/test4b/ HTTP/1.1" 200 31
INFO 2026-07-22 18:22:05,988 basehttp 14992 4732 "GET /editor/ModernEcommerce30/test4b/ HTTP/1.1" 200 669417
INFO 2026-07-22 18:22:06,179 basehttp 14992 4732 "GET /builder/get-components/ HTTP/1.1" 200 23001
INFO 2026-07-22 18:22:06,236 basehttp 14992 4732 "GET /builder/load-template/ModernEcommerce30/?page=home&edit=test4b HTTP/1.1" 200 87758
INFO 2026-07-22 18:22:06,284 basehttp 14992 4732 "GET /builder/api/page-palette/test4b/ HTTP/1.1" 200 31
INFO 2026-07-22 18:22:06,400 basehttp 14992 1760 "GET /builder/api/color-palettes/?page_subdomain=test4b HTTP/1.1" 200 55002
INFO 2026-07-22 18:22:06,577 basehttp 14992 1760 "GET /builder/api/color-palettes/?page_subdomain=test4b HTTP/1.1" 200 55002
INFO 2026-07-22 18:22:06,626 basehttp 14992 1760 "GET /builder/api/template-color-variables/ModernEcommerce30/ HTTP/1.1" 200 1218
INFO 2026-07-22 18:22:06,646 basehttp 14992 1760 "GET /builder/api/page-palette/test4b/ HTTP/1.1" 200 31
INFO 2026-07-22 18:24:50,822 basehttp 14992 1760 "GET /editor/ModernEcommerce32/test6/ HTTP/1.1" 200 642512
INFO 2026-07-22 18:24:51,018 basehttp 14992 1760 "GET /builder/get-components/ HTTP/1.1" 200 23001
INFO 2026-07-22 18:24:51,123 basehttp 14992 4732 "GET /builder/api/color-palettes/?page_subdomain=test6 HTTP/1.1" 200 55002
INFO 2026-07-22 18:24:51,239 basehttp 14992 4732 "GET /builder/api/color-palettes/?page_subdomain=test6 HTTP/1.1" 200 55002
INFO 2026-07-22 18:24:51,348 basehttp 14992 1760 "GET /builder/load-template/ModernEcommerce32/?page=home&edit=test6 HTTP/1.1" 200 61465
INFO 2026-07-22 18:24:51,384 basehttp 14992 1760 "GET /builder/api/page-palette/test6/ HTTP/1.1" 200 31
INFO 2026-07-22 18:24:51,393 basehttp 14992 4732 "GET /builder/api/template-color-variables/ModernEcommerce32/ HTTP/1.1" 200 1218
INFO 2026-07-22 18:24:51,593 basehttp 14992 4732 "GET /builder/api/page-palette/test6/ HTTP/1.1" 200 31
INFO 2026-07-22 18:26:48,840 basehttp 14992 4732 "GET /editor/ModernEcommerce32/test6/ HTTP/1.1" 200 642512
INFO 2026-07-22 18:26:49,048 basehttp 14992 4732 "GET /builder/get-components/ HTTP/1.1" 200 23001
INFO 2026-07-22 18:26:49,099 basehttp 14992 4732 "GET /builder/load-template/ModernEcommerce32/?page=home&edit=test6 HTTP/1.1" 200 61506
INFO 2026-07-22 18:26:49,147 basehttp 14992 4732 "GET /builder/api/page-palette/test6/ HTTP/1.1" 200 31
INFO 2026-07-22 18:26:49,311 basehttp 14992 1760 "GET /builder/api/color-palettes/?page_subdomain=test6 HTTP/1.1" 200 55002
INFO 2026-07-22 18:26:49,600 basehttp 14992 4732 "GET /builder/api/color-palettes/?page_subdomain=test6 HTTP/1.1" 200 55002
INFO 2026-07-22 18:26:49,640 basehttp 14992 4732 "GET /builder/api/template-color-variables/ModernEcommerce32/ HTTP/1.1" 200 1218
INFO 2026-07-22 18:26:49,662 basehttp 14992 4732 "GET /builder/api/page-palette/test6/ HTTP/1.1" 200 31
INFO 2026-07-22 18:28:31,856 basehttp 14992 4732 "GET /editor/ModernEcommerce33/test7/ HTTP/1.1" 200 640407
INFO 2026-07-22 18:28:32,055 basehttp 14992 4732 "GET /builder/get-components/ HTTP/1.1" 200 23001
INFO 2026-07-22 18:28:32,176 basehttp 14992 1760 "GET /builder/api/color-palettes/?page_subdomain=test7 HTTP/1.1" 200 55002
INFO 2026-07-22 18:28:32,289 basehttp 14992 1760 "GET /builder/api/color-palettes/?page_subdomain=test7 HTTP/1.1" 200 55002
INFO 2026-07-22 18:28:32,389 basehttp 14992 4732 "GET /builder/load-template/ModernEcommerce33/?page=home&edit=test7 HTTP/1.1" 200 63057
INFO 2026-07-22 18:28:32,455 basehttp 14992 4732 "GET /builder/api/page-palette/test7/ HTTP/1.1" 200 31
INFO 2026-07-22 18:28:32,461 basehttp 14992 1760 "GET /builder/api/template-color-variables/ModernEcommerce33/ HTTP/1.1" 200 1041
INFO 2026-07-22 18:28:32,772 basehttp 14992 1760 "GET /builder/api/page-palette/test7/ HTTP/1.1" 200 31
INFO 2026-07-22 18:30:10,572 basehttp 14992 1760 "GET /editor/ModernEcommerce33/test7/ HTTP/1.1" 200 640407
INFO 2026-07-22 18:30:10,733 basehttp 14992 1760 "GET /builder/get-components/ HTTP/1.1" 200 23001
INFO 2026-07-22 18:30:10,795 basehttp 14992 1760 "GET /builder/load-template/ModernEcommerce33/?page=home&edit=test7 HTTP/1.1" 200 63104
INFO 2026-07-22 18:30:10,845 basehttp 14992 1760 "GET /builder/api/page-palette/test7/ HTTP/1.1" 200 31
INFO 2026-07-22 18:30:10,949 basehttp 14992 4732 "GET /builder/api/color-palettes/?page_subdomain=test7 HTTP/1.1" 200 55002
INFO 2026-07-22 18:30:11,213 basehttp 14992 1760 "GET /builder/api/color-palettes/?page_subdomain=test7 HTTP/1.1" 200 55002
INFO 2026-07-22 18:30:11,259 basehttp 14992 1760 "GET /builder/api/template-color-variables/ModernEcommerce33/ HTTP/1.1" 200 1041
INFO 2026-07-22 18:30:11,284 basehttp 14992 1760 "GET /builder/api/page-palette/test7/ HTTP/1.1" 200 31
INFO 2026-07-22 18:33:05,282 basehttp 14992 1760 "GET /editor/ModernEcommerce29/test3/ HTTP/1.1" 200 631714
INFO 2026-07-22 18:33:05,521 basehttp 14992 1760 "GET /builder/get-components/ HTTP/1.1" 200 23001
INFO 2026-07-22 18:33:05,598 basehttp 14992 1760 "GET /builder/load-template/ModernEcommerce29/?page=home&edit=test3 HTTP/1.1" 200 69746
INFO 2026-07-22 18:33:05,613 basehttp 14992 4732 "GET /builder/api/color-palettes/?page_subdomain=test3 HTTP/1.1" 200 55002
INFO 2026-07-22 18:33:05,645 basehttp 14992 1760 "GET /builder/api/page-palette/test3/ HTTP/1.1" 200 31
INFO 2026-07-22 18:33:05,925 basehttp 14992 4732 "GET /builder/api/color-palettes/?page_subdomain=test3 HTTP/1.1" 200 55002
INFO 2026-07-22 18:33:06,055 basehttp 14992 4732 "GET /builder/api/template-color-variables/ModernEcommerce29/ HTTP/1.1" 200 1218
INFO 2026-07-22 18:33:06,128 basehttp 14992 4732 "GET /builder/api/page-palette/test3/ HTTP/1.1" 200 31
INFO 2026-07-22 18:37:49,608 basehttp 14992 18680 "GET / HTTP/1.1" 200 101139
WARNING 2026-07-22 18:37:50,103 log 14992 10976 Not Found: /favicon.ico
WARNING 2026-07-22 18:37:50,104 basehttp 14992 10976 "GET /favicon.ico HTTP/1.1" 404 43919
WARNING 2026-07-22 18:37:50,382 log 14992 8184 Not Found: /builder/wishlist/data/test3/
INFO 2026-07-22 18:37:50,383 basehttp 14992 18680 "GET /builder/cart/data/test3/ HTTP/1.1" 200 58
WARNING 2026-07-22 18:37:50,385 basehttp 14992 8184 "GET /builder/wishlist/data/test3/ HTTP/1.1" 404 78113
INFO 2026-07-23 18:30:16,147 autoreload 14664 17360 Watching for file changes with StatReloader
INFO 2026-07-23 18:31:00,935 basehttp 14664 10004 "GET / HTTP/1.1" 200 52777
INFO 2026-07-23 18:31:00,955 basehttp 14664 10004 "GET /static/images/landing/landing-hero.png HTTP/1.1" 304 0
INFO 2026-07-23 18:31:00,958 basehttp 14664 13608 "GET /static/images/Elan-noir.png HTTP/1.1" 304 0
INFO 2026-07-23 18:31:00,982 basehttp 14664 10004 "GET /static/images/tech-sphere.png HTTP/1.1" 304 0
INFO 2026-07-23 18:31:01,026 basehttp 14664 13608 "GET /static/images/elegance-lux.png HTTP/1.1" 304 0
WARNING 2026-07-23 18:31:01,306 log 14664 13608 Not Found: /favicon.ico
WARNING 2026-07-23 18:31:01,308 basehttp 14664 13608 "GET /favicon.ico HTTP/1.1" 404 43913
INFO 2026-07-23 18:31:03,861 basehttp 14664 13608 "GET /dashboard/ HTTP/1.1" 200 96928
INFO 2026-07-23 18:31:03,905 basehttp 14664 13608 "GET /static/accounts/js/auth.js HTTP/1.1" 304 0
INFO 2026-07-23 18:31:03,906 basehttp 14664 10004 "GET /static/js/checkout.js HTTP/1.1" 304 0
INFO 2026-07-23 18:33:32,053 basehttp 14664 10004 "GET /editor/ModernEcommerce29/test3/ HTTP/1.1" 200 631714
INFO 2026-07-23 18:33:32,317 basehttp 14664 10004 "GET /builder/get-components/ HTTP/1.1" 200 23001
INFO 2026-07-23 18:33:32,423 basehttp 14664 10004 "GET /builder/load-template/ModernEcommerce29/?page=home&edit=test3 HTTP/1.1" 200 69746
INFO 2026-07-23 18:33:32,465 basehttp 14664 13608 "GET /builder/api/color-palettes/?page_subdomain=test3 HTTP/1.1" 200 55002
INFO 2026-07-23 18:33:32,470 basehttp 14664 10004 "GET /builder/api/page-palette/test3/ HTTP/1.1" 200 31
INFO 2026-07-23 18:33:32,694 basehttp 14664 13608 "GET /builder/api/color-palettes/?page_subdomain=test3 HTTP/1.1" 200 55002
INFO 2026-07-23 18:33:32,819 basehttp 14664 13608 "GET /builder/api/template-color-variables/ModernEcommerce29/ HTTP/1.1" 200 1218
INFO 2026-07-23 18:33:32,864 basehttp 14664 13608 "GET /builder/api/page-palette/test3/ HTTP/1.1" 200 31
INFO 2026-07-23 18:34:16,859 basehttp 14664 13608 "POST /builder/upload-image/ HTTP/1.1" 200 50
INFO 2026-07-23 18:51:07,258 basehttp 14664 18064 "GET /editor/ModernEcommerce29/test3/ HTTP/1.1" 200 631714
INFO 2026-07-23 18:51:07,447 basehttp 14664 18064 "GET /builder/get-components/ HTTP/1.1" 200 23001
INFO 2026-07-23 18:51:07,526 basehttp 14664 18064 "GET /builder/load-template/ModernEcommerce29/?page=home&edit=test3 HTTP/1.1" 200 72626
INFO 2026-07-23 18:51:07,612 basehttp 14664 18064 "GET /builder/api/page-palette/test3/ HTTP/1.1" 200 31
INFO 2026-07-23 18:51:07,659 basehttp 14664 14476 "GET /builder/api/color-palettes/?page_subdomain=test3 HTTP/1.1" 200 55002
INFO 2026-07-23 18:51:07,943 basehttp 14664 18064 "GET /builder/api/color-palettes/?page_subdomain=test3 HTTP/1.1" 200 55002
INFO 2026-07-23 18:51:08,167 basehttp 14664 18064 "GET /builder/api/template-color-variables/ModernEcommerce29/ HTTP/1.1" 200 1218
INFO 2026-07-23 18:51:08,271 basehttp 14664 18064 "GET /builder/api/page-palette/test3/ HTTP/1.1" 200 31
INFO 2026-07-23 19:02:50,332 basehttp 14664 19232 "GET /editor/ModernEcommerce29/test3/ HTTP/1.1" 200 631714
INFO 2026-07-23 19:02:50,471 basehttp 14664 19232 "GET /builder/get-components/ HTTP/1.1" 200 23001
INFO 2026-07-23 19:02:50,531 basehttp 14664 19232 "GET /builder/load-template/ModernEcommerce29/?page=home&edit=test3 HTTP/1.1" 200 73001
INFO 2026-07-23 19:02:50,595 basehttp 14664 19232 "GET /builder/api/page-palette/test3/ HTTP/1.1" 200 31
INFO 2026-07-23 19:02:50,691 basehttp 14664 7220 "GET /builder/api/color-palettes/?page_subdomain=test3 HTTP/1.1" 200 55002
INFO 2026-07-23 19:02:50,922 basehttp 14664 7220 "GET /builder/api/color-palettes/?page_subdomain=test3 HTTP/1.1" 200 55002
INFO 2026-07-23 19:02:51,062 basehttp 14664 7220 "GET /builder/api/template-color-variables/ModernEcommerce29/ HTTP/1.1" 200 1218
INFO 2026-07-23 19:02:51,132 basehttp 14664 7220 "GET /builder/api/page-palette/test3/ HTTP/1.1" 200 31
INFO 2026-07-23 19:04:54,684 basehttp 14664 7220 "GET /editor/ModernEcommerce29/test3/ HTTP/1.1" 200 631714
INFO 2026-07-23 19:04:54,850 basehttp 14664 7220 "GET /builder/get-components/ HTTP/1.1" 200 23001
INFO 2026-07-23 19:04:54,907 basehttp 14664 7220 "GET /builder/load-template/ModernEcommerce29/?page=home&edit=test3 HTTP/1.1" 200 73029
INFO 2026-07-23 19:04:54,960 basehttp 14664 7220 "GET /builder/api/page-palette/test3/ HTTP/1.1" 200 31
INFO 2026-07-23 19:04:55,028 basehttp 14664 19232 "GET /builder/api/color-palettes/?page_subdomain=test3 HTTP/1.1" 200 55002
INFO 2026-07-23 19:04:55,280 basehttp 14664 7220 "GET /builder/api/color-palettes/?page_subdomain=test3 HTTP/1.1" 200 55002
INFO 2026-07-23 19:04:55,515 basehttp 14664 7220 "GET /builder/api/template-color-variables/ModernEcommerce29/ HTTP/1.1" 200 1218
INFO 2026-07-23 19:04:55,551 basehttp 14664 7220 "GET /builder/api/page-palette/test3/ HTTP/1.1" 200 31
INFO 2026-07-23 19:06:20,888 basehttp 14664 7220 "GET /editor/ModernEcommerce29/test3/ HTTP/1.1" 200 631714
INFO 2026-07-23 19:06:21,034 basehttp 14664 7220 "GET /builder/get-components/ HTTP/1.1" 200 23001
INFO 2026-07-23 19:06:21,088 basehttp 14664 7220 "GET /builder/load-template/ModernEcommerce29/?page=home&edit=test3 HTTP/1.1" 200 73078
INFO 2026-07-23 19:06:21,147 basehttp 14664 7220 "GET /builder/api/page-palette/test3/ HTTP/1.1" 200 31
INFO 2026-07-23 19:06:21,224 basehttp 14664 19232 "GET /builder/api/color-palettes/?page_subdomain=test3 HTTP/1.1" 200 55002
INFO 2026-07-23 19:06:21,539 basehttp 14664 19232 "GET /builder/api/color-palettes/?page_subdomain=test3 HTTP/1.1" 200 55002
INFO 2026-07-23 19:06:21,683 basehttp 14664 19232 "GET /builder/api/template-color-variables/ModernEcommerce29/ HTTP/1.1" 200 1218
INFO 2026-07-23 19:06:21,725 basehttp 14664 19232 "GET /builder/api/page-palette/test3/ HTTP/1.1" 200 31
INFO 2026-07-23 19:06:50,082 basehttp 14664 19232 "GET /editor/ModernEcommerce29/test3/ HTTP/1.1" 200 631714
INFO 2026-07-23 19:06:50,252 basehttp 14664 19232 "GET /builder/get-components/ HTTP/1.1" 200 23001
INFO 2026-07-23 19:06:50,316 basehttp 14664 19232 "GET /builder/load-template/ModernEcommerce29/?page=home&edit=test3 HTTP/1.1" 200 73078
INFO 2026-07-23 19:06:50,380 basehttp 14664 19232 "GET /builder/api/page-palette/test3/ HTTP/1.1" 200 31
INFO 2026-07-23 19:06:50,496 basehttp 14664 7220 "GET /builder/api/color-palettes/?page_subdomain=test3 HTTP/1.1" 200 55002
INFO 2026-07-23 19:06:50,843 basehttp 14664 7220 "GET /builder/api/color-palettes/?page_subdomain=test3 HTTP/1.1" 200 55002
INFO 2026-07-23 19:06:50,947 basehttp 14664 7220 "GET /builder/api/template-color-variables/ModernEcommerce29/ HTTP/1.1" 200 1218
INFO 2026-07-23 19:06:51,019 basehttp 14664 7220 "GET /builder/api/page-palette/test3/ HTTP/1.1" 200 31
INFO 2026-07-23 19:10:45,069 basehttp 14664 7220 "GET /editor/ModernEcommerce29/test3/ HTTP/1.1" 200 631714
INFO 2026-07-23 19:10:45,252 basehttp 14664 7220 "GET /builder/get-components/ HTTP/1.1" 200 23001
INFO 2026-07-23 19:10:45,312 basehttp 14664 7220 "GET /builder/load-template/ModernEcommerce29/?page=home&edit=test3 HTTP/1.1" 200 73078
INFO 2026-07-23 19:10:45,367 basehttp 14664 7220 "GET /builder/api/page-palette/test3/ HTTP/1.1" 200 31
INFO 2026-07-23 19:10:45,452 basehttp 14664 19232 "GET /builder/api/color-palettes/?page_subdomain=test3 HTTP/1.1" 200 55002
INFO 2026-07-23 19:10:45,751 basehttp 14664 7220 "GET /builder/api/color-palettes/?page_subdomain=test3 HTTP/1.1" 200 55002
INFO 2026-07-23 19:10:45,929 basehttp 14664 7220 "GET /builder/api/template-color-variables/ModernEcommerce29/ HTTP/1.1" 200 1218
INFO 2026-07-23 19:10:46,041 basehttp 14664 7220 "GET /builder/api/page-palette/test3/ HTTP/1.1" 200 31
INFO 2026-07-23 19:12:16,679 basehttp 14664 7220 "GET /editor/ModernEcommerce29/test3/ HTTP/1.1" 200 631714
INFO 2026-07-23 19:12:16,833 basehttp 14664 7220 "GET /builder/get-components/ HTTP/1.1" 200 23001
INFO 2026-07-23 19:12:16,897 basehttp 14664 7220 "GET /builder/load-template/ModernEcommerce29/?page=home&edit=test3 HTTP/1.1" 200 74548
INFO 2026-07-23 19:12:16,951 basehttp 14664 7220 "GET /builder/api/page-palette/test3/ HTTP/1.1" 200 31
INFO 2026-07-23 19:12:16,986 basehttp 14664 19232 "GET /builder/api/color-palettes/?page_subdomain=test3 HTTP/1.1" 200 55002
INFO 2026-07-23 19:12:17,232 basehttp 14664 19232 "GET /builder/api/color-palettes/?page_subdomain=test3 HTTP/1.1" 200 55002
INFO 2026-07-23 19:12:17,451 basehttp 14664 19232 "GET /builder/api/template-color-variables/ModernEcommerce29/ HTTP/1.1" 200 1218
INFO 2026-07-23 19:12:17,494 basehttp 14664 19232 "GET /builder/api/page-palette/test3/ HTTP/1.1" 200 31
INFO 2026-07-23 19:29:19,145 basehttp 14664 6384 "GET /templates/ HTTP/1.1" 200 66177
INFO 2026-07-23 19:29:23,385 basehttp 14664 6384 "GET /onboarding/ HTTP/1.1" 200 58878
INFO 2026-07-23 19:29:23,457 basehttp 14664 6384 "GET /builder/templates/api/ HTTP/1.1" 200 1183
INFO 2026-07-23 19:29:23,615 basehttp 14664 8496 "GET /builder/api/color-palettes/ HTTP/1.1" 200 55002
INFO 2026-07-23 19:41:18,790 basehttp 14664 16756 "GET /onboarding/ HTTP/1.1" 200 58878
INFO 2026-07-23 19:41:18,878 basehttp 14664 16476 "GET /builder/templates/api/ HTTP/1.1" 200 1183
INFO 2026-07-23 19:41:18,973 basehttp 14664 16756 "GET /builder/api/color-palettes/ HTTP/1.1" 200 55002
INFO 2026-07-23 19:48:02,751 basehttp 14664 1896 "GET /onboarding/ HTTP/1.1" 200 89845
INFO 2026-07-23 19:48:02,918 basehttp 14664 16564 "GET /builder/templates/api/ HTTP/1.1" 200 1183
INFO 2026-07-23 19:48:03,010 basehttp 14664 1896 "GET /builder/api/color-palettes/ HTTP/1.1" 200 55002
INFO 2026-07-23 19:58:42,015 basehttp 14664 18716 "GET /onboarding/ HTTP/1.1" 200 87439
INFO 2026-07-23 19:58:51,638 basehttp 14664 7344 "GET /builder/templates/api/ HTTP/1.1" 200 1183
INFO 2026-07-23 19:58:51,709 basehttp 14664 8772 "GET /builder/api/color-palettes/ HTTP/1.1" 200 55002
INFO 2026-07-23 19:59:03,719 basehttp 14664 8772 "GET /builder/api/check-subdomain/?subdomain=jmax HTTP/1.1" 200 183
INFO 2026-07-23 19:59:12,146 basehttp 14664 8772 "GET /builder/api/check-subdomain/?subdomain=jmax-shop HTTP/1.1" 200 213
INFO 2026-07-23 19:59:16,105 basehttp 14664 8772 "GET /builder/api/check-subdomain/?subdomain=jmax-shop1 HTTP/1.1" 200 123
INFO 2026-07-23 20:24:40,835 basehttp 14664 14868 "GET /onboarding/ HTTP/1.1" 200 88650
INFO 2026-07-23 20:24:40,920 basehttp 14664 4516 "GET /builder/templates/api/ HTTP/1.1" 200 1183
INFO 2026-07-23 20:24:41,105 basehttp 14664 14868 "GET /builder/api/color-palettes/ HTTP/1.1" 200 55002
INFO 2026-07-23 20:24:51,591 basehttp 14664 14868 "GET /builder/api/check-subdomain/?subdomain=jmax HTTP/1.1" 200 183
INFO 2026-07-23 20:24:51,601 basehttp 14664 14868 "GET /builder/api/check-subdomain/?subdomain=jmax-y16 HTTP/1.1" 200 121
INFO 2026-07-23 20:32:15,092 basehttp 14664 17804 "GET /onboarding/ HTTP/1.1" 200 85860
INFO 2026-07-23 20:32:15,198 basehttp 14664 7296 "GET /builder/templates/api/ HTTP/1.1" 200 1183
INFO 2026-07-23 20:32:15,310 basehttp 14664 17804 "GET /builder/api/color-palettes/ HTTP/1.1" 200 55002
INFO 2026-07-23 20:32:30,495 basehttp 14664 17804 "GET /builder/api/check-subdomain/?subdomain=jmax HTTP/1.1" 200 183
INFO 2026-07-23 20:32:30,507 basehttp 14664 17804 "GET /builder/api/check-subdomain/?subdomain=jmax-qa74 HTTP/1.1" 200 122
INFO 2026-07-23 20:34:02,284 basehttp 14664 17804 "POST /builder/onboarding/launch-editor/ HTTP/1.1" 200 248
INFO 2026-07-23 20:34:03,432 basehttp 14664 17804 "GET /editor/ModernEcommerce34/jmax-qa74/?onboarding=true&brand=JMAX HTTP/1.1" 200 595580
INFO 2026-07-23 20:34:03,616 basehttp 14664 17804 "GET /builder/get-components/ HTTP/1.1" 200 23001
INFO 2026-07-23 20:34:03,692 basehttp 14664 17804 "GET /builder/load-template/ModernEcommerce34/?page=home&edit=jmax-qa74 HTTP/1.1" 200 76865
INFO 2026-07-23 20:34:03,745 basehttp 14664 17804 "GET /builder/api/page-palette/jmax-qa74/ HTTP/1.1" 200 305
INFO 2026-07-23 20:34:03,749 basehttp 14664 7296 "GET /builder/api/color-palettes/?page_subdomain=jmax-qa74 HTTP/1.1" 200 55061
INFO 2026-07-23 20:34:04,018 basehttp 14664 7296 "GET /builder/api/color-palettes/?page_subdomain=jmax-qa74 HTTP/1.1" 200 55061
INFO 2026-07-23 20:34:04,174 basehttp 14664 7296 "GET /builder/api/template-color-variables/ModernEcommerce34/ HTTP/1.1" 200 1041
INFO 2026-07-23 20:34:04,219 basehttp 14664 7296 "GET /builder/api/page-palette/jmax-qa74/ HTTP/1.1" 200 305
INFO 2026-07-23 20:41:05,042 autoreload 14664 17360 D:\360ExtremeBrowserDownload\Test\venv\src\builder\views.py changed, reloading.
INFO 2026-07-23 20:41:09,905 autoreload 8656 9872 Watching for file changes with StatReloader
INFO 2026-07-23 20:41:43,938 autoreload 8656 9872 D:\360ExtremeBrowserDownload\Test\venv\src\builder\views.py changed, reloading.
INFO 2026-07-23 20:41:46,668 autoreload 7600 12152 Watching for file changes with StatReloader
INFO 2026-07-23 20:42:20,677 basehttp 7600 9744 "GET /onboarding/ HTTP/1.1" 200 85860
INFO 2026-07-23 20:42:20,766 basehttp 7600 8268 "GET /builder/templates/api/ HTTP/1.1" 200 1183
INFO 2026-07-23 20:42:20,875 basehttp 7600 9744 "GET /builder/api/color-palettes/ HTTP/1.1" 200 55002
INFO 2026-07-23 20:42:25,016 basehttp 7600 9744 "GET /builder/api/check-subdomain/?subdomain=jmax HTTP/1.1" 200 183
INFO 2026-07-23 20:42:25,028 basehttp 7600 9744 "GET /builder/api/check-subdomain/?subdomain=jmax-06ov HTTP/1.1" 200 122
INFO 2026-07-23 20:43:05,921 basehttp 7600 9744 "POST /builder/onboarding/launch-editor/ HTTP/1.1" 200 248
INFO 2026-07-23 20:43:07,261 basehttp 7600 9744 "GET /editor/ModernEcommerce28/jmax-06ov/?onboarding=true&brand=JMAX HTTP/1.1" 200 595124
INFO 2026-07-23 20:43:07,446 basehttp 7600 9744 "GET /builder/get-components/ HTTP/1.1" 200 23001
INFO 2026-07-23 20:43:07,520 basehttp 7600 9744 "GET /builder/load-template/ModernEcommerce28/?page=home&edit=jmax-06ov HTTP/1.1" 200 61902
INFO 2026-07-23 20:43:07,559 basehttp 7600 9744 "GET /builder/api/page-palette/jmax-06ov/ HTTP/1.1" 200 676
INFO 2026-07-23 20:43:07,569 basehttp 7600 8268 "GET /builder/api/color-palettes/?page_subdomain=jmax-06ov HTTP/1.1" 200 55061
INFO 2026-07-23 20:43:07,776 basehttp 7600 8268 "GET /builder/api/color-palettes/?page_subdomain=jmax-06ov HTTP/1.1" 200 55061
INFO 2026-07-23 20:43:07,889 basehttp 7600 8268 "GET /builder/api/template-color-variables/ModernEcommerce28/ HTTP/1.1" 200 1395
INFO 2026-07-23 20:43:08,004 basehttp 7600 8268 "GET /builder/api/page-palette/jmax-06ov/ HTTP/1.1" 200 676
INFO 2026-07-23 20:43:30,701 basehttp 7600 8268 "GET /onboarding/ HTTP/1.1" 200 85860
INFO 2026-07-23 20:43:30,789 basehttp 7600 9744 "GET /builder/templates/api/ HTTP/1.1" 200 1183
INFO 2026-07-23 20:43:30,881 basehttp 7600 8268 "GET /builder/api/color-palettes/ HTTP/1.1" 200 55002
INFO 2026-07-23 20:43:35,164 basehttp 7600 8268 "GET /builder/api/check-subdomain/?subdomain=jmax HTTP/1.1" 200 183
INFO 2026-07-23 20:43:35,178 basehttp 7600 8268 "GET /builder/api/check-subdomain/?subdomain=jmax-tvf HTTP/1.1" 200 121
INFO 2026-07-23 20:44:02,285 basehttp 7600 8268 "POST /builder/onboarding/launch-editor/ HTTP/1.1" 200 246
INFO 2026-07-23 20:44:03,613 basehttp 7600 8268 "GET /editor/ModernEcommerce29/jmax-tvf/?onboarding=true&brand=JMAX HTTP/1.1" 200 595121
INFO 2026-07-23 20:44:03,771 basehttp 7600 8268 "GET /builder/get-components/ HTTP/1.1" 200 23001
INFO 2026-07-23 20:44:03,817 basehttp 7600 8268 "GET /builder/load-template/ModernEcommerce29/?page=home&edit=jmax-tvf HTTP/1.1" 200 74548
INFO 2026-07-23 20:44:04,024 basehttp 7600 8268 "GET /builder/api/page-palette/jmax-tvf/ HTTP/1.1" 200 163
INFO 2026-07-23 20:44:04,165 basehttp 7600 9744 "GET /builder/api/color-palettes/?page_subdomain=jmax-tvf HTTP/1.1" 200 55065
INFO 2026-07-23 20:44:04,389 basehttp 7600 8268 "GET /builder/api/color-palettes/?page_subdomain=jmax-tvf HTTP/1.1" 200 55065
INFO 2026-07-23 20:44:04,479 basehttp 7600 8268 "GET /builder/api/template-color-variables/ModernEcommerce29/ HTTP/1.1" 200 1218
INFO 2026-07-23 20:44:04,662 basehttp 7600 8268 "GET /builder/api/page-palette/jmax-tvf/ HTTP/1.1" 200 163
INFO 2026-07-23 20:56:49,574 autoreload 7600 12152 D:\360ExtremeBrowserDownload\Test\venv\src\builder\views.py changed, reloading.
INFO 2026-07-23 20:56:53,217 autoreload 14848 16492 Watching for file changes with StatReloader
INFO 2026-07-23 20:56:56,717 basehttp 14848 13528 "GET /editor/ModernEcommerce29/jmax-tvf/?onboarding=true&brand=JMAX HTTP/1.1" 200 595121
INFO 2026-07-23 20:56:56,908 basehttp 14848 13528 "GET /builder/get-components/ HTTP/1.1" 200 23001
INFO 2026-07-23 20:56:56,972 basehttp 14848 13528 "GET /builder/load-template/ModernEcommerce29/?page=home&edit=jmax-tvf HTTP/1.1" 200 74548
INFO 2026-07-23 20:56:57,198 basehttp 14848 13528 "GET /builder/api/page-palette/jmax-tvf/ HTTP/1.1" 200 163
INFO 2026-07-23 20:56:57,266 basehttp 14848 17276 "GET /builder/api/color-palettes/?page_subdomain=jmax-tvf HTTP/1.1" 200 55065
INFO 2026-07-23 20:56:57,522 basehttp 14848 13528 "GET /builder/api/color-palettes/?page_subdomain=jmax-tvf HTTP/1.1" 200 55065
INFO 2026-07-23 20:56:57,673 basehttp 14848 13528 "GET /builder/api/template-color-variables/ModernEcommerce29/ HTTP/1.1" 200 1218
INFO 2026-07-23 20:56:57,902 basehttp 14848 13528 "GET /builder/api/page-palette/jmax-tvf/ HTTP/1.1" 200 163
INFO 2026-07-23 20:57:17,447 basehttp 14848 13528 "GET /onboarding/ HTTP/1.1" 200 85860
INFO 2026-07-23 20:57:17,536 basehttp 14848 17276 "GET /builder/templates/api/ HTTP/1.1" 200 1183
INFO 2026-07-23 20:57:17,637 basehttp 14848 13528 "GET /builder/api/color-palettes/ HTTP/1.1" 200 55002
INFO 2026-07-23 20:57:20,404 basehttp 14848 13528 "GET /builder/api/check-subdomain/?subdomain=jmax HTTP/1.1" 200 183
INFO 2026-07-23 20:57:20,413 basehttp 14848 13528 "GET /builder/api/check-subdomain/?subdomain=jmax-pgoc HTTP/1.1" 200 122
INFO 2026-07-23 20:57:50,530 basehttp 14848 13528 "POST /builder/onboarding/launch-editor/ HTTP/1.1" 200 248
INFO 2026-07-23 20:57:51,639 basehttp 14848 13528 "GET /editor/ModernEcommerce32/jmax-pgoc/?onboarding=true&brand=JMAX HTTP/1.1" 200 596082
INFO 2026-07-23 20:57:51,796 basehttp 14848 13528 "GET /builder/get-components/ HTTP/1.1" 200 23001
INFO 2026-07-23 20:57:51,891 basehttp 14848 17276 "GET /builder/api/color-palettes/?page_subdomain=jmax-pgoc HTTP/1.1" 200 55061
INFO 2026-07-23 20:57:51,897 basehttp 14848 13528 "GET /builder/load-template/ModernEcommerce32/?page=home&edit=jmax-pgoc HTTP/1.1" 200 61506
INFO 2026-07-23 20:57:51,973 basehttp 14848 13528 "GET /builder/api/page-palette/jmax-pgoc/ HTTP/1.1" 200 409
INFO 2026-07-23 20:57:52,048 basehttp 14848 17276 "GET /builder/api/color-palettes/?page_subdomain=jmax-pgoc HTTP/1.1" 200 55061
INFO 2026-07-23 20:57:52,265 basehttp 14848 17276 "GET /builder/api/template-color-variables/ModernEcommerce32/ HTTP/1.1" 200 1218
INFO 2026-07-23 20:57:52,289 basehttp 14848 17276 "GET /builder/api/page-palette/jmax-pgoc/ HTTP/1.1" 200 409
INFO 2026-07-23 20:58:19,711 basehttp 14848 17276 "POST /builder/publish/ HTTP/1.1" 200 200
INFO 2026-07-23 20:58:21,637 basehttp 14848 17276 "GET /builder/dashboard/ HTTP/1.1" 200 114104
INFO 2026-07-23 20:58:31,597 basehttp 14848 2620 "GET / HTTP/1.1" 200 96897
WARNING 2026-07-23 20:58:32,057 log 14848 4484 Not Found: /favicon.ico
WARNING 2026-07-23 20:58:32,058 basehttp 14848 4484 "GET /favicon.ico HTTP/1.1" 404 43923
WARNING 2026-07-23 20:58:32,306 log 14848 2172 Not Found: /builder/wishlist/data/jmax-pgoc/
WARNING 2026-07-23 20:58:32,307 basehttp 14848 2172 "GET /builder/wishlist/data/jmax-pgoc/ HTTP/1.1" 404 78133
INFO 2026-07-23 20:58:32,312 basehttp 14848 2620 "GET /builder/cart/data/jmax-pgoc/ HTTP/1.1" 200 58
INFO 2026-07-23 20:58:55,466 basehttp 14848 17276 "GET /editor/ModernEcommerce32/jmax-pgoc/ HTTP/1.1" 200 654293
INFO 2026-07-23 20:58:55,602 basehttp 14848 17276 "GET /builder/get-components/ HTTP/1.1" 200 23001
INFO 2026-07-23 20:58:55,736 basehttp 14848 17276 "GET /builder/load-template/ModernEcommerce32/?page=home&edit=jmax-pgoc HTTP/1.1" 200 61506
INFO 2026-07-23 20:58:55,794 basehttp 14848 13528 "GET /builder/api/color-palettes/?page_subdomain=jmax-pgoc HTTP/1.1" 200 55061
INFO 2026-07-23 20:58:55,919 basehttp 14848 13528 "GET /builder/api/page-palette/jmax-pgoc/ HTTP/1.1" 200 409
INFO 2026-07-23 20:58:56,082 basehttp 14848 17276 "GET /builder/api/color-palettes/?page_subdomain=jmax-pgoc HTTP/1.1" 200 55061
INFO 2026-07-23 20:58:56,205 basehttp 14848 17276 "GET /builder/api/template-color-variables/ModernEcommerce32/ HTTP/1.1" 200 1218
INFO 2026-07-23 20:58:56,257 basehttp 14848 17276 "GET /builder/api/page-palette/jmax-pgoc/ HTTP/1.1" 200 409
INFO 2026-07-23 21:00:48,399 basehttp 14848 17276 "GET /editor/ModernEcommerce32/jmax-pgoc/ HTTP/1.1" 200 654293
INFO 2026-07-23 21:00:51,223 basehttp 14848 13176 "GET /builder/get-components/ HTTP/1.1" 200 23001
INFO 2026-07-23 21:00:51,343 basehttp 14848 13176 "GET /builder/load-template/ModernEcommerce32/?page=home&edit=jmax-pgoc HTTP/1.1" 200 61506
INFO 2026-07-23 21:00:51,451 basehttp 14848 13176 "GET /builder/api/page-palette/jmax-pgoc/ HTTP/1.1" 200 409
INFO 2026-07-23 21:00:51,562 basehttp 14848 6800 "GET /builder/api/color-palettes/?page_subdomain=jmax-pgoc HTTP/1.1" 200 55061
INFO 2026-07-23 21:00:51,854 basehttp 14848 6800 "GET /builder/api/color-palettes/?page_subdomain=jmax-pgoc HTTP/1.1" 200 55061
INFO 2026-07-23 21:00:51,971 basehttp 14848 6800 "GET /builder/api/template-color-variables/ModernEcommerce32/ HTTP/1.1" 200 1218
INFO 2026-07-23 21:00:52,010 basehttp 14848 6800 "GET /builder/api/page-palette/jmax-pgoc/ HTTP/1.1" 200 409
INFO 2026-07-23 21:01:51,348 basehttp 14848 5084 "GET /editor/ModernEcommerce32/jmax-pgoc/ HTTP/1.1" 200 654293
INFO 2026-07-23 21:01:51,664 basehttp 14848 5084 "GET /builder/get-components/ HTTP/1.1" 200 23001
INFO 2026-07-23 21:01:51,765 basehttp 14848 5084 "GET /builder/load-template/ModernEcommerce32/?page=home&edit=jmax-pgoc HTTP/1.1" 200 61506
INFO 2026-07-23 21:01:51,834 basehttp 14848 5084 "GET /builder/api/page-palette/jmax-pgoc/ HTTP/1.1" 200 409
INFO 2026-07-23 21:01:51,898 basehttp 14848 10112 "GET /builder/api/color-palettes/?page_subdomain=jmax-pgoc HTTP/1.1" 200 55061
INFO 2026-07-23 21:01:52,209 basehttp 14848 10112 "GET /builder/api/color-palettes/?page_subdomain=jmax-pgoc HTTP/1.1" 200 55061
INFO 2026-07-23 21:01:52,248 basehttp 14848 10112 "GET /builder/api/template-color-variables/ModernEcommerce32/ HTTP/1.1" 200 1218
INFO 2026-07-23 21:01:52,274 basehttp 14848 10112 "GET /builder/api/page-palette/jmax-pgoc/ HTTP/1.1" 200 409
INFO 2026-07-24 05:57:56,248 autoreload 19152 4204 Watching for file changes with StatReloader
INFO 2026-07-24 05:58:17,154 basehttp 19152 1996 "GET / HTTP/1.1" 200 52777
WARNING 2026-07-24 05:58:17,447 log 19152 1996 Not Found: /favicon.ico
WARNING 2026-07-24 05:58:17,448 basehttp 19152 1996 "GET /favicon.ico HTTP/1.1" 404 43913
INFO 2026-07-24 05:58:20,153 basehttp 19152 1996 "GET /dashboard/ HTTP/1.1" 200 115060
INFO 2026-07-24 06:19:57,240 autoreload 6260 6560 Watching for file changes with StatReloader
INFO 2026-07-24 06:19:59,251 basehttp 6260 13048 "GET /onboarding/ HTTP/1.1" 200 85860
INFO 2026-07-24 06:19:59,514 basehttp 6260 13048 "GET /builder/templates/api/ HTTP/1.1" 200 1183
INFO 2026-07-24 06:19:59,695 basehttp 6260 7016 "GET /builder/api/color-palettes/ HTTP/1.1" 200 55002
INFO 2026-07-24 06:20:07,223 basehttp 6260 7016 "GET /builder/api/check-subdomain/?subdomain=jmax HTTP/1.1" 200 183
INFO 2026-07-24 06:20:07,237 basehttp 6260 7016 "GET /builder/api/check-subdomain/?subdomain=jmax-cn7 HTTP/1.1" 200 121
INFO 2026-07-24 06:20:10,040 basehttp 6260 7016 "GET /builder/api/check-subdomain/?subdomain=jma HTTP/1.1" 200 116
INFO 2026-07-24 06:20:10,487 basehttp 6260 7016 "GET /builder/api/check-subdomain/?subdomain=jm HTTP/1.1" 200 115
INFO 2026-07-24 06:20:17,197 basehttp 6260 7016 "GET /builder/api/check-subdomain/?subdomain=jr HTTP/1.1" 200 115
INFO 2026-07-24 06:20:17,707 basehttp 6260 7016 "GET /builder/api/check-subdomain/?subdomain=jra HTTP/1.1" 200 116
INFO 2026-07-24 06:20:17,927 basehttp 6260 7016 "GET /builder/api/check-subdomain/?subdomain=jras HTTP/1.1" 200 117
INFO 2026-07-24 06:21:09,152 basehttp 6260 7016 "POST /builder/onboarding/launch-editor/ HTTP/1.1" 200 238
INFO 2026-07-24 06:21:10,548 basehttp 6260 7016 "GET /editor/ModernEcommerce32/jras/?onboarding=true&brand=JRAS HTTP/1.1" 200 594906
INFO 2026-07-24 06:21:10,848 basehttp 6260 13048 "GET /builder/api/color-palettes/?page_subdomain=jras HTTP/1.1" 200 55061
INFO 2026-07-24 06:21:10,940 basehttp 6260 7016 "GET /builder/get-components/ HTTP/1.1" 200 23001
INFO 2026-07-24 06:21:11,004 basehttp 6260 7016 "GET /builder/load-template/ModernEcommerce32/?page=home&edit=jras HTTP/1.1" 200 61506
INFO 2026-07-24 06:21:11,034 basehttp 6260 13048 "GET /builder/api/color-palettes/?page_subdomain=jras HTTP/1.1" 200 55061
INFO 2026-07-24 06:21:11,058 basehttp 6260 7016 "GET /builder/api/page-palette/jras/ HTTP/1.1" 200 410
INFO 2026-07-24 06:21:11,637 basehttp 6260 7016 "GET /builder/api/template-color-variables/ModernEcommerce32/ HTTP/1.1" 200 1218
INFO 2026-07-24 06:21:11,683 basehttp 6260 7016 "GET /builder/api/page-palette/jras/ HTTP/1.1" 200 410
INFO 2026-07-24 06:28:50,594 basehttp 6260 9760 "GET /editor/ModernEcommerce32/jras/?onboarding=true&brand=JRAS HTTP/1.1" 200 594906
INFO 2026-07-24 06:28:50,817 basehttp 6260 9760 "GET /builder/get-components/ HTTP/1.1" 200 23001
INFO 2026-07-24 06:28:50,921 basehttp 6260 9760 "GET /builder/load-template/ModernEcommerce32/?page=home&edit=jras HTTP/1.1" 200 61506
INFO 2026-07-24 06:28:50,990 basehttp 6260 9760 "GET /builder/api/page-palette/jras/ HTTP/1.1" 200 410
INFO 2026-07-24 06:28:51,036 basehttp 6260 13500 "GET /builder/api/color-palettes/?page_subdomain=jras HTTP/1.1" 200 55061
INFO 2026-07-24 06:28:51,388 basehttp 6260 9760 "GET /builder/api/color-palettes/?page_subdomain=jras HTTP/1.1" 200 55061
INFO 2026-07-24 06:28:51,474 basehttp 6260 9760 "GET /builder/api/template-color-variables/ModernEcommerce32/ HTTP/1.1" 200 1218
INFO 2026-07-24 06:28:51,537 basehttp 6260 9760 "GET /builder/api/page-palette/jras/ HTTP/1.1" 200 410
INFO 2026-07-24 06:28:59,759 basehttp 6260 9760 "POST /builder/publish/ HTTP/1.1" 200 189
INFO 2026-07-24 06:29:01,666 basehttp 6260 9760 "GET /builder/dashboard/ HTTP/1.1" 200 119324
INFO 2026-07-24 06:29:04,737 basehttp 6260 9760 "GET /editor/ModernEcommerce32/jras/ HTTP/1.1" 200 652657
INFO 2026-07-24 06:29:04,889 basehttp 6260 9760 "GET /builder/get-components/ HTTP/1.1" 200 23001
INFO 2026-07-24 06:29:04,944 basehttp 6260 9760 "GET /builder/load-template/ModernEcommerce32/?page=home&edit=jras HTTP/1.1" 200 61506
INFO 2026-07-24 06:29:04,997 basehttp 6260 9760 "GET /builder/api/page-palette/jras/ HTTP/1.1" 200 410
INFO 2026-07-24 06:29:05,034 basehttp 6260 13500 "GET /builder/api/color-palettes/?page_subdomain=jras HTTP/1.1" 200 55061
INFO 2026-07-24 06:29:05,257 basehttp 6260 13500 "GET /builder/api/color-palettes/?page_subdomain=jras HTTP/1.1" 200 55061
INFO 2026-07-24 06:29:05,299 basehttp 6260 13500 "GET /builder/api/template-color-variables/ModernEcommerce32/ HTTP/1.1" 200 1218
INFO 2026-07-24 06:29:05,318 basehttp 6260 13500 "GET /builder/api/page-palette/jras/ HTTP/1.1" 200 410
INFO 2026-07-24 06:29:14,516 basehttp 6260 380 "GET / HTTP/1.1" 200 96378
WARNING 2026-07-24 06:29:15,264 log 6260 14808 Not Found: /favicon.ico
WARNING 2026-07-24 06:29:15,320 basehttp 6260 14808 "GET /favicon.ico HTTP/1.1" 404 43918
INFO 2026-07-24 06:29:15,642 basehttp 6260 380 "GET /builder/cart/data/jras/ HTTP/1.1" 200 58
WARNING 2026-07-24 06:29:15,663 log 6260 6984 Not Found: /builder/wishlist/data/jras/
WARNING 2026-07-24 06:29:15,664 basehttp 6260 6984 "GET /builder/wishlist/data/jras/ HTTP/1.1" 404 78108
INFO 2026-07-24 06:29:19,087 basehttp 6260 13500 "GET /editor/ModernEcommerce32/jras/ HTTP/1.1" 200 652657
INFO 2026-07-24 06:29:19,240 basehttp 6260 13500 "GET /builder/get-components/ HTTP/1.1" 200 23001
INFO 2026-07-24 06:29:19,291 basehttp 6260 13500 "GET /builder/load-template/ModernEcommerce32/?page=home&edit=jras HTTP/1.1" 200 61506
INFO 2026-07-24 06:29:19,340 basehttp 6260 13500 "GET /builder/api/page-palette/jras/ HTTP/1.1" 200 410
INFO 2026-07-24 06:29:19,398 basehttp 6260 9760 "GET /builder/api/color-palettes/?page_subdomain=jras HTTP/1.1" 200 55061
INFO 2026-07-24 06:29:19,674 basehttp 6260 9760 "GET /builder/api/color-palettes/?page_subdomain=jras HTTP/1.1" 200 55061
INFO 2026-07-24 06:29:19,714 basehttp 6260 9760 "GET /builder/api/template-color-variables/ModernEcommerce32/ HTTP/1.1" 200 1218
INFO 2026-07-24 06:29:19,735 basehttp 6260 9760 "GET /builder/api/page-palette/jras/ HTTP/1.1" 200 410
INFO 2026-07-24 06:35:50,686 autoreload 6260 6560 D:\360ExtremeBrowserDownload\Test\venv\src\builder\views.py changed, reloading.
INFO 2026-07-24 06:35:53,468 autoreload 5672 18096 Watching for file changes with StatReloader
INFO 2026-07-24 06:37:33,285 autoreload 5672 18096 D:\360ExtremeBrowserDownload\Test\venv\src\builder\views.py changed, reloading.
INFO 2026-07-24 06:37:35,750 autoreload 6204 13840 Watching for file changes with StatReloader
INFO 2026-07-24 06:37:47,062 basehttp 6204 5904 "GET /onboarding/ HTTP/1.1" 200 85860
INFO 2026-07-24 06:37:47,170 basehttp 6204 17284 "GET /builder/templates/api/ HTTP/1.1" 200 1183
INFO 2026-07-24 06:37:47,283 basehttp 6204 5904 "GET /builder/api/color-palettes/ HTTP/1.1" 200 55002
INFO 2026-07-24 06:37:54,596 basehttp 6204 5904 "GET /builder/api/check-subdomain/?subdomain=jras HTTP/1.1" 200 183
INFO 2026-07-24 06:37:54,610 basehttp 6204 5904 "GET /builder/api/check-subdomain/?subdomain=jras-14v1 HTTP/1.1" 200 122
INFO 2026-07-24 06:38:39,105 basehttp 6204 5904 "POST /builder/onboarding/launch-editor/ HTTP/1.1" 200 248
INFO 2026-07-24 06:38:40,487 basehttp 6204 5904 "GET /editor/ModernEcommerce29/jras-14v1/?onboarding=true&brand=JRAS HTTP/1.1" 200 594926
INFO 2026-07-24 06:38:40,661 basehttp 6204 5904 "GET /builder/get-components/ HTTP/1.1" 200 23001
INFO 2026-07-24 06:38:40,739 basehttp 6204 5904 "GET /builder/load-template/ModernEcommerce29/?page=home&edit=jras-14v1 HTTP/1.1" 200 74548
INFO 2026-07-24 06:38:40,774 basehttp 6204 17284 "GET /builder/api/color-palettes/?page_subdomain=jras-14v1 HTTP/1.1" 200 55061
INFO 2026-07-24 06:38:40,790 basehttp 6204 5904 "GET /builder/api/page-palette/jras-14v1/ HTTP/1.1" 200 1076
INFO 2026-07-24 06:38:41,034 basehttp 6204 17284 "GET /builder/api/color-palettes/?page_subdomain=jras-14v1 HTTP/1.1" 200 55061
INFO 2026-07-24 06:38:41,185 basehttp 6204 17284 "GET /builder/api/template-color-variables/ModernEcommerce29/ HTTP/1.1" 200 1218
INFO 2026-07-24 06:38:41,291 basehttp 6204 17284 "GET /builder/api/page-palette/jras-14v1/ HTTP/1.1" 200 1076
INFO 2026-07-24 06:41:21,352 basehttp 6204 17284 "GET /editor/ModernEcommerce29/jras-14v1/?onboarding=true&brand=JRAS HTTP/1.1" 200 594926
INFO 2026-07-24 06:41:21,678 basehttp 6204 17284 "GET /builder/get-components/ HTTP/1.1" 200 23001
INFO 2026-07-24 06:41:21,737 basehttp 6204 17284 "GET /builder/load-template/ModernEcommerce29/?page=home&edit=jras-14v1 HTTP/1.1" 200 74548
INFO 2026-07-24 06:41:21,792 basehttp 6204 17284 "GET /builder/api/page-palette/jras-14v1/ HTTP/1.1" 200 1076
INFO 2026-07-24 06:41:21,846 basehttp 6204 5904 "GET /builder/api/color-palettes/?page_subdomain=jras-14v1 HTTP/1.1" 200 55061
INFO 2026-07-24 06:41:22,292 basehttp 6204 5904 "GET /builder/api/color-palettes/?page_subdomain=jras-14v1 HTTP/1.1" 200 55061
INFO 2026-07-24 06:41:22,456 basehttp 6204 5904 "GET /builder/api/template-color-variables/ModernEcommerce29/ HTTP/1.1" 200 1218
INFO 2026-07-24 06:41:22,560 basehttp 6204 5904 "GET /builder/api/page-palette/jras-14v1/ HTTP/1.1" 200 1076
INFO 2026-07-24 06:41:54,293 basehttp 6204 5904 "POST /builder/upload-image/ HTTP/1.1" 200 50
INFO 2026-07-24 06:46:53,027 basehttp 6204 5904 "POST /builder/publish/ HTTP/1.1" 200 199
INFO 2026-07-24 06:46:54,955 basehttp 6204 5904 "GET /builder/dashboard/ HTTP/1.1" 200 124583
INFO 2026-07-24 06:47:01,033 basehttp 6204 1072 "GET / HTTP/1.1" 200 100732
INFO 2026-07-24 06:47:01,618 basehttp 6204 1072 "GET /builder/cart/data/jras-14v1/ HTTP/1.1" 200 58
WARNING 2026-07-24 06:47:01,691 log 6204 16300 Not Found: /favicon.ico
WARNING 2026-07-24 06:47:01,693 basehttp 6204 16300 "GET /favicon.ico HTTP/1.1" 404 43923
WARNING 2026-07-24 06:47:02,037 log 6204 18896 Not Found: /builder/wishlist/data/jras-14v1/
WARNING 2026-07-24 06:47:02,039 basehttp 6204 18896 "GET /builder/wishlist/data/jras-14v1/ HTTP/1.1" 404 78133
INFO 2026-07-24 06:47:08,930 basehttp 6204 5904 "GET /editor/ModernEcommerce29/jras-14v1/ HTTP/1.1" 200 645265
INFO 2026-07-24 06:47:09,139 basehttp 6204 5904 "GET /builder/get-components/ HTTP/1.1" 200 23001
INFO 2026-07-24 06:47:09,195 basehttp 6204 5904 "GET /builder/load-template/ModernEcommerce29/?page=home&edit=jras-14v1 HTTP/1.1" 200 74548
INFO 2026-07-24 06:47:09,246 basehttp 6204 5904 "GET /builder/api/page-palette/jras-14v1/ HTTP/1.1" 200 1076
INFO 2026-07-24 06:47:09,318 basehttp 6204 17592 "GET /builder/api/color-palettes/?page_subdomain=jras-14v1 HTTP/1.1" 200 55061
INFO 2026-07-24 06:47:09,627 basehttp 6204 17592 "GET /builder/api/color-palettes/?page_subdomain=jras-14v1 HTTP/1.1" 200 55061
INFO 2026-07-24 06:47:09,753 basehttp 6204 17592 "GET /builder/api/template-color-variables/ModernEcommerce29/ HTTP/1.1" 200 1218
INFO 2026-07-24 06:47:09,883 basehttp 6204 17592 "GET /builder/api/page-palette/jras-14v1/ HTTP/1.1" 200 1076
INFO 2026-07-24 06:48:38,497 basehttp 6204 18896 "GET / HTTP/1.1" 200 100732
INFO 2026-07-24 06:48:38,903 basehttp 6204 18896 "GET /builder/cart/data/jras-14v1/ HTTP/1.1" 200 58
WARNING 2026-07-24 06:48:39,229 log 6204 16300 Not Found: /builder/wishlist/data/jras-14v1/
WARNING 2026-07-24 06:48:39,231 basehttp 6204 16300 "GET /builder/wishlist/data/jras-14v1/ HTTP/1.1" 404 78133
INFO 2026-07-24 06:48:40,139 basehttp 6204 16300 "GET / HTTP/1.1" 200 100732
WARNING 2026-07-24 06:48:40,260 log 6204 18896 Not Found: /builder/wishlist/data/jras-14v1/
WARNING 2026-07-24 06:48:40,267 basehttp 6204 18896 "GET /builder/wishlist/data/jras-14v1/ HTTP/1.1" 404 78133
INFO 2026-07-24 06:48:40,268 basehttp 6204 16300 "GET /builder/cart/data/jras-14v1/ HTTP/1.1" 200 58
INFO 2026-07-24 06:49:01,643 basehttp 6204 18896 "GET / HTTP/1.1" 200 100683
WARNING 2026-07-24 06:49:02,471 log 6204 16300 Not Found: /builder/wishlist/data/jras-14v1/
INFO 2026-07-24 06:49:02,473 basehttp 6204 18896 "GET /builder/cart/data/jras-14v1/ HTTP/1.1" 200 58
WARNING 2026-07-24 06:49:02,474 basehttp 6204 16300 "GET /builder/wishlist/data/jras-14v1/ HTTP/1.1" 404 78133
INFO 2026-07-24 06:57:07,636 basehttp 6204 11108 "GET /editor/ModernEcommerce29/jras-14v1/ HTTP/1.1" 200 645265
INFO 2026-07-24 06:57:07,914 basehttp 6204 11108 "GET /builder/get-components/ HTTP/1.1" 200 23001
INFO 2026-07-24 06:57:07,979 basehttp 6204 11108 "GET /builder/load-template/ModernEcommerce29/?page=home&edit=jras-14v1 HTTP/1.1" 200 74544
INFO 2026-07-24 06:57:08,068 basehttp 6204 11108 "GET /builder/api/page-palette/jras-14v1/ HTTP/1.1" 200 1076
INFO 2026-07-24 06:57:08,150 basehttp 6204 18136 "GET /builder/api/color-palettes/?page_subdomain=jras-14v1 HTTP/1.1" 200 55061
INFO 2026-07-24 06:57:08,420 basehttp 6204 11108 "GET /builder/api/color-palettes/?page_subdomain=jras-14v1 HTTP/1.1" 200 55061
INFO 2026-07-24 06:57:08,607 basehttp 6204 11108 "GET /builder/api/template-color-variables/ModernEcommerce29/ HTTP/1.1" 200 1218
INFO 2026-07-24 06:57:08,704 basehttp 6204 11108 "GET /builder/api/page-palette/jras-14v1/ HTTP/1.1" 200 1076
INFO 2026-07-24 06:57:11,347 basehttp 6204 11108 "GET /editor/ModernEcommerce29/jras-14v1/ HTTP/1.1" 200 645265
INFO 2026-07-24 06:57:11,592 basehttp 6204 11108 "GET /builder/get-components/ HTTP/1.1" 200 23001
INFO 2026-07-24 06:57:11,659 basehttp 6204 11108 "GET /builder/load-template/ModernEcommerce29/?page=home&edit=jras-14v1 HTTP/1.1" 200 74544
INFO 2026-07-24 06:57:11,727 basehttp 6204 11108 "GET /builder/api/page-palette/jras-14v1/ HTTP/1.1" 200 1076
INFO 2026-07-24 06:57:11,795 basehttp 6204 18136 "GET /builder/api/color-palettes/?page_subdomain=jras-14v1 HTTP/1.1" 200 55061
INFO 2026-07-24 06:57:12,085 basehttp 6204 11108 "GET /builder/api/color-palettes/?page_subdomain=jras-14v1 HTTP/1.1" 200 55061
INFO 2026-07-24 06:57:12,227 basehttp 6204 11108 "GET /builder/api/template-color-variables/ModernEcommerce29/ HTTP/1.1" 200 1218
INFO 2026-07-24 06:57:12,325 basehttp 6204 11108 "GET /builder/api/page-palette/jras-14v1/ HTTP/1.1" 200 1076
INFO 2026-07-24 07:00:36,489 basehttp 6204 4656 "GET /onboarding/ HTTP/1.1" 200 86483
INFO 2026-07-24 07:00:36,566 basehttp 6204 15992 "GET /builder/templates/api/ HTTP/1.1" 200 1183
INFO 2026-07-24 07:00:36,669 basehttp 6204 4656 "GET /builder/api/color-palettes/ HTTP/1.1" 200 55002
INFO 2026-07-24 07:00:47,000 basehttp 6204 4656 "GET /builder/api/check-subdomain/?subdomain=jras HTTP/1.1" 200 183
INFO 2026-07-24 07:00:47,012 basehttp 6204 4656 "GET /builder/api/check-subdomain/?subdomain=jras-sez HTTP/1.1" 200 121
INFO 2026-07-24 07:01:41,054 basehttp 6204 4656 "POST /builder/onboarding/launch-editor/ HTTP/1.1" 200 246
INFO 2026-07-24 07:01:42,198 basehttp 6204 4656 "GET /editor/ModernEcommerce29/jras-sez/?onboarding=true&brand=JRAS HTTP/1.1" 200 594923
INFO 2026-07-24 07:01:42,412 basehttp 6204 4656 "GET /builder/get-components/ HTTP/1.1" 200 23001
INFO 2026-07-24 07:01:42,463 basehttp 6204 4656 "GET /builder/load-template/ModernEcommerce29/?page=home&edit=jras-sez HTTP/1.1" 200 74544
INFO 2026-07-24 07:01:42,512 basehttp 6204 4656 "GET /builder/api/page-palette/jras-sez/ HTTP/1.1" 200 1076
INFO 2026-07-24 07:01:42,541 basehttp 6204 15992 "GET /builder/api/color-palettes/?page_subdomain=jras-sez HTTP/1.1" 200 55061
INFO 2026-07-24 07:01:42,887 basehttp 6204 15992 "GET /builder/api/color-palettes/?page_subdomain=jras-sez HTTP/1.1" 200 55061
INFO 2026-07-24 07:01:43,054 basehttp 6204 15992 "GET /builder/api/template-color-variables/ModernEcommerce29/ HTTP/1.1" 200 1218
INFO 2026-07-24 07:01:43,140 basehttp 6204 15992 "GET /builder/api/page-palette/jras-sez/ HTTP/1.1" 200 1076
INFO 2026-07-24 07:03:35,735 basehttp 6204 15992 "POST /builder/publish/ HTTP/1.1" 200 197
INFO 2026-07-24 07:03:37,737 basehttp 6204 15992 "GET /builder/dashboard/ HTTP/1.1" 200 129833
INFO 2026-07-24 07:03:43,474 basehttp 6204 7616 "GET / HTTP/1.1" 200 100726
WARNING 2026-07-24 07:03:43,868 log 6204 17660 Not Found: /favicon.ico
WARNING 2026-07-24 07:03:43,870 basehttp 6204 17660 "GET /favicon.ico HTTP/1.1" 404 43922
WARNING 2026-07-24 07:03:44,219 log 6204 4172 Not Found: /builder/wishlist/data/jras-sez/
WARNING 2026-07-24 07:03:44,226 basehttp 6204 4172 "GET /builder/wishlist/data/jras-sez/ HTTP/1.1" 404 78128
INFO 2026-07-24 07:03:44,548 basehttp 6204 7616 "GET /builder/cart/data/jras-sez/ HTTP/1.1" 200 58
INFO 2026-07-24 07:03:47,330 basehttp 6204 7616 "GET / HTTP/1.1" 200 100726
INFO 2026-07-24 07:03:47,925 basehttp 6204 7616 "GET /builder/cart/data/jras-sez/ HTTP/1.1" 200 58
WARNING 2026-07-24 07:03:48,115 log 6204 4172 Not Found: /builder/wishlist/data/jras-sez/
WARNING 2026-07-24 07:03:48,117 basehttp 6204 4172 "GET /builder/wishlist/data/jras-sez/ HTTP/1.1" 404 78128
INFO 2026-07-24 07:04:07,027 basehttp 6204 4172 "GET / HTTP/1.1" 200 100680
WARNING 2026-07-24 07:04:07,478 log 6204 7616 Not Found: /builder/wishlist/data/jras-sez/
WARNING 2026-07-24 07:04:07,483 basehttp 6204 7616 "GET /builder/wishlist/data/jras-sez/ HTTP/1.1" 404 78128
INFO 2026-07-24 07:04:07,786 basehttp 6204 4172 "GET /builder/cart/data/jras-sez/ HTTP/1.1" 200 58
INFO 2026-07-24 07:18:27,541 basehttp 6204 1060 "GET /onboarding/ HTTP/1.1" 200 87934
INFO 2026-07-24 07:18:27,675 basehttp 6204 1280 "GET /builder/templates/api/ HTTP/1.1" 200 1183
INFO 2026-07-24 07:18:27,904 basehttp 6204 1060 "GET /builder/api/color-palettes/ HTTP/1.1" 200 55002
INFO 2026-07-24 07:18:31,661 basehttp 6204 1060 "GET /builder/api/check-subdomain/?subdomain=jras HTTP/1.1" 200 183
INFO 2026-07-24 07:18:31,696 basehttp 6204 1060 "GET /builder/api/check-subdomain/?subdomain=jras-bc0 HTTP/1.1" 200 121
INFO 2026-07-24 07:19:10,730 basehttp 6204 1060 "POST /builder/onboarding/launch-editor/ HTTP/1.1" 200 246
INFO 2026-07-24 07:19:11,833 basehttp 6204 1060 "GET /editor/ModernEcommerce29/jras-bc0/?onboarding=true&brand=JRAS HTTP/1.1" 200 594923
INFO 2026-07-24 07:19:12,065 basehttp 6204 1060 "GET /builder/get-components/ HTTP/1.1" 200 23001
INFO 2026-07-24 07:19:12,141 basehttp 6204 1060 "GET /builder/load-template/ModernEcommerce29/?page=home&edit=jras-bc0 HTTP/1.1" 200 74544
INFO 2026-07-24 07:19:12,202 basehttp 6204 1060 "GET /builder/api/page-palette/jras-bc0/ HTTP/1.1" 200 1068
INFO 2026-07-24 07:19:12,259 basehttp 6204 1280 "GET /builder/api/color-palettes/?page_subdomain=jras-bc0 HTTP/1.1" 200 55063
INFO 2026-07-24 07:19:12,548 basehttp 6204 1280 "GET /builder/api/color-palettes/?page_subdomain=jras-bc0 HTTP/1.1" 200 55063
INFO 2026-07-24 07:19:12,724 basehttp 6204 1280 "GET /builder/api/template-color-variables/ModernEcommerce29/ HTTP/1.1" 200 1218
INFO 2026-07-24 07:19:12,850 basehttp 6204 1280 "GET /builder/api/page-palette/jras-bc0/ HTTP/1.1" 200 1068
INFO 2026-07-24 07:19:24,253 basehttp 6204 1280 "POST /builder/publish/ HTTP/1.1" 200 197
INFO 2026-07-24 07:19:27,156 basehttp 6204 1280 "GET /builder/dashboard/ HTTP/1.1" 200 135083
INFO 2026-07-24 07:19:36,016 basehttp 6204 9144 "GET / HTTP/1.1" 200 100680
WARNING 2026-07-24 07:19:36,565 log 6204 4968 Not Found: /builder/wishlist/data/jras-bc0/
WARNING 2026-07-24 07:19:36,597 log 6204 10184 Not Found: /favicon.ico
WARNING 2026-07-24 07:19:36,599 basehttp 6204 4968 "GET /builder/wishlist/data/jras-bc0/ HTTP/1.1" 404 78128
WARNING 2026-07-24 07:19:36,600 basehttp 6204 10184 "GET /favicon.ico HTTP/1.1" 404 43922
INFO 2026-07-24 07:19:36,936 basehttp 6204 9144 "GET /builder/cart/data/jras-bc0/ HTTP/1.1" 200 58
INFO 2026-07-24 07:39:17,141 basehttp 6204 15272 "GET /onboarding/ HTTP/1.1" 200 88066
INFO 2026-07-24 07:39:17,279 basehttp 6204 1948 "GET /builder/templates/api/ HTTP/1.1" 200 1183
INFO 2026-07-24 07:39:17,512 basehttp 6204 15272 "GET /builder/api/color-palettes/ HTTP/1.1" 200 55002
INFO 2026-07-24 07:39:20,763 basehttp 6204 15272 "GET /builder/api/check-subdomain/?subdomain=jras HTTP/1.1" 200 183
INFO 2026-07-24 07:39:20,777 basehttp 6204 15272 "GET /builder/api/check-subdomain/?subdomain=jras-2sx HTTP/1.1" 200 121
INFO 2026-07-24 07:39:40,735 basehttp 6204 15272 "POST /builder/onboarding/launch-editor/ HTTP/1.1" 200 246
INFO 2026-07-24 07:39:41,841 basehttp 6204 15272 "GET /editor/ModernEcommerce35/jras-2sx/?onboarding=true&brand=JRAS HTTP/1.1" 200 594923
INFO 2026-07-24 07:39:42,092 basehttp 6204 15272 "GET /builder/get-components/ HTTP/1.1" 200 23001
INFO 2026-07-24 07:39:42,215 basehttp 6204 1948 "GET /builder/api/color-palettes/?page_subdomain=jras-2sx HTTP/1.1" 200 55061
INFO 2026-07-24 07:39:42,219 basehttp 6204 15272 "GET /builder/load-template/ModernEcommerce35/?page=home&edit=jras-2sx HTTP/1.1" 200 82967
INFO 2026-07-24 07:39:42,326 basehttp 6204 15272 "GET /builder/api/page-palette/jras-2sx/ HTTP/1.1" 200 928
INFO 2026-07-24 07:39:42,437 basehttp 6204 1948 "GET /builder/api/color-palettes/?page_subdomain=jras-2sx HTTP/1.1" 200 55061
INFO 2026-07-24 07:39:42,750 basehttp 6204 1948 "GET /builder/api/template-color-variables/ModernEcommerce35/ HTTP/1.1" 200 1041
INFO 2026-07-24 07:39:42,896 basehttp 6204 1948 "GET /builder/api/page-palette/jras-2sx/ HTTP/1.1" 200 928
INFO 2026-07-24 07:40:27,087 basehttp 6204 1948 "GET /onboarding/ HTTP/1.1" 200 88066
INFO 2026-07-24 07:40:27,162 basehttp 6204 15272 "GET /builder/templates/api/ HTTP/1.1" 200 1183
INFO 2026-07-24 07:40:27,274 basehttp 6204 1948 "GET /builder/api/color-palettes/ HTTP/1.1" 200 55002
INFO 2026-07-24 07:40:30,513 basehttp 6204 1948 "GET /builder/api/check-subdomain/?subdomain=jras HTTP/1.1" 200 183
INFO 2026-07-24 07:40:30,526 basehttp 6204 1948 "GET /builder/api/check-subdomain/?subdomain=jras-v08s HTTP/1.1" 200 122
INFO 2026-07-24 07:40:57,101 basehttp 6204 1948 "POST /builder/onboarding/launch-editor/ HTTP/1.1" 200 248
INFO 2026-07-24 07:40:58,200 basehttp 6204 1948 "GET /editor/ModernEcommerce29/jras-v08s/?onboarding=true&brand=JRAS HTTP/1.1" 200 594926
INFO 2026-07-24 07:40:58,373 basehttp 6204 1948 "GET /builder/get-components/ HTTP/1.1" 200 23001
INFO 2026-07-24 07:40:58,422 basehttp 6204 1948 "GET /builder/load-template/ModernEcommerce29/?page=home&edit=jras-v08s HTTP/1.1" 200 74544
INFO 2026-07-24 07:40:58,471 basehttp 6204 1948 "GET /builder/api/page-palette/jras-v08s/ HTTP/1.1" 200 1070
INFO 2026-07-24 07:40:58,527 basehttp 6204 15272 "GET /builder/api/color-palettes/?page_subdomain=jras-v08s HTTP/1.1" 200 55049
INFO 2026-07-24 07:40:58,787 basehttp 6204 15272 "GET /builder/api/color-palettes/?page_subdomain=jras-v08s HTTP/1.1" 200 55049
INFO 2026-07-24 07:40:58,909 basehttp 6204 15272 "GET /builder/api/template-color-variables/ModernEcommerce29/ HTTP/1.1" 200 1218
INFO 2026-07-24 07:40:58,999 basehttp 6204 15272 "GET /builder/api/page-palette/jras-v08s/ HTTP/1.1" 200 1070
INFO 2026-07-24 07:41:07,703 basehttp 6204 15272 "POST /builder/publish/ HTTP/1.1" 200 199
INFO 2026-07-24 07:41:09,926 basehttp 6204 15272 "GET /builder/dashboard/ HTTP/1.1" 200 144629
INFO 2026-07-24 07:41:27,528 basehttp 6204 3460 "GET / HTTP/1.1" 200 100683
WARNING 2026-07-24 07:41:28,119 log 6204 9528 Not Found: /builder/wishlist/data/jras-v08s/
WARNING 2026-07-24 07:41:28,121 basehttp 6204 9528 "GET /builder/wishlist/data/jras-v08s/ HTTP/1.1" 404 78133
WARNING 2026-07-24 07:41:28,266 log 6204 76 Not Found: /favicon.ico
WARNING 2026-07-24 07:41:28,268 basehttp 6204 76 "GET /favicon.ico HTTP/1.1" 404 43923
INFO 2026-07-24 07:41:28,397 basehttp 6204 3460 "GET /builder/cart/data/jras-v08s/ HTTP/1.1" 200 58
INFO 2026-07-24 07:41:35,746 basehttp 6204 12280 "GET / HTTP/1.1" 200 52773
INFO 2026-07-24 07:41:36,251 basehttp 6204 12280 "GET /static/images/landing/landing-hero.png HTTP/1.1" 200 97489
INFO 2026-07-24 07:41:36,255 basehttp 6204 1008 "GET /static/images/Elan-noir.png HTTP/1.1" 200 724295
INFO 2026-07-24 07:41:36,302 basehttp 6204 16732 "GET /static/images/tech-sphere.png HTTP/1.1" 200 961500
INFO 2026-07-24 07:41:36,437 basehttp 6204 984 "GET /static/images/elegance-lux.png HTTP/1.1" 200 920529
WARNING 2026-07-24 07:41:36,485 log 6204 984 Not Found: /favicon.ico
WARNING 2026-07-24 07:41:36,486 basehttp 6204 984 "GET /favicon.ico HTTP/1.1" 404 43922
INFO 2026-07-24 07:44:56,385 basehttp 6204 15272 "GET /onboarding/ HTTP/1.1" 200 88066
INFO 2026-07-24 07:44:56,487 basehttp 6204 1948 "GET /builder/templates/api/ HTTP/1.1" 200 1183
INFO 2026-07-24 07:44:56,588 basehttp 6204 15272 "GET /builder/api/color-palettes/ HTTP/1.1" 200 55002
INFO 2026-07-24 07:45:01,900 basehttp 6204 15272 "GET /builder/api/check-subdomain/?subdomain=jras HTTP/1.1" 200 183
INFO 2026-07-24 07:45:01,913 basehttp 6204 15272 "GET /builder/api/check-subdomain/?subdomain=jras-mj0 HTTP/1.1" 200 121
INFO 2026-07-24 07:45:34,949 basehttp 6204 15272 "POST /builder/onboarding/launch-editor/ HTTP/1.1" 200 246
INFO 2026-07-24 07:45:36,054 basehttp 6204 15272 "GET /editor/ModernEcommerce28/jras-mj0/?onboarding=true&brand=JRAS HTTP/1.1" 200 594923
INFO 2026-07-24 07:45:36,277 basehttp 6204 15272 "GET /builder/get-components/ HTTP/1.1" 200 23001
INFO 2026-07-24 07:45:36,349 basehttp 6204 15272 "GET /builder/load-template/ModernEcommerce28/?page=home&edit=jras-mj0 HTTP/1.1" 200 61902
INFO 2026-07-24 07:45:36,400 basehttp 6204 15272 "GET /builder/api/page-palette/jras-mj0/ HTTP/1.1" 200 1253
INFO 2026-07-24 07:45:36,405 basehttp 6204 1948 "GET /builder/api/color-palettes/?page_subdomain=jras-mj0 HTTP/1.1" 200 55061
INFO 2026-07-24 07:45:36,635 basehttp 6204 1948 "GET /builder/api/color-palettes/?page_subdomain=jras-mj0 HTTP/1.1" 200 55061
INFO 2026-07-24 07:45:36,853 basehttp 6204 1948 "GET /builder/api/template-color-variables/ModernEcommerce28/ HTTP/1.1" 200 1395
INFO 2026-07-24 07:45:36,958 basehttp 6204 1948 "GET /builder/api/page-palette/jras-mj0/ HTTP/1.1" 200 1253
INFO 2026-07-24 07:45:57,910 basehttp 6204 1948 "POST /builder/publish/ HTTP/1.1" 200 197
INFO 2026-07-24 07:46:00,180 basehttp 6204 1948 "GET /builder/dashboard/ HTTP/1.1" 200 149877
INFO 2026-07-24 07:46:07,662 basehttp 6204 1948 "GET /editor/ModernEcommerce28/jras-mj0/ HTTP/1.1" 200 653005
INFO 2026-07-24 07:46:07,905 basehttp 6204 1948 "GET /builder/get-components/ HTTP/1.1" 200 23001
INFO 2026-07-24 07:46:07,970 basehttp 6204 1948 "GET /builder/load-template/ModernEcommerce28/?page=home&edit=jras-mj0 HTTP/1.1" 200 61902
INFO 2026-07-24 07:46:08,032 basehttp 6204 1948 "GET /builder/api/page-palette/jras-mj0/ HTTP/1.1" 200 1253
INFO 2026-07-24 07:46:08,064 basehttp 6204 15272 "GET /builder/api/color-palettes/?page_subdomain=jras-mj0 HTTP/1.1" 200 55061
INFO 2026-07-24 07:46:08,387 basehttp 6204 1948 "GET /builder/api/color-palettes/?page_subdomain=jras-mj0 HTTP/1.1" 200 55061
INFO 2026-07-24 07:46:08,585 basehttp 6204 1948 "GET /builder/api/template-color-variables/ModernEcommerce28/ HTTP/1.1" 200 1395
INFO 2026-07-24 07:46:08,637 basehttp 6204 1948 "GET /builder/api/page-palette/jras-mj0/ HTTP/1.1" 200 1253
INFO 2026-07-24 07:46:34,521 basehttp 6204 1948 "GET /onboarding/ HTTP/1.1" 200 88066
INFO 2026-07-24 07:46:34,637 basehttp 6204 15272 "GET /builder/templates/api/ HTTP/1.1" 200 1183
INFO 2026-07-24 07:46:34,729 basehttp 6204 1948 "GET /builder/api/color-palettes/ HTTP/1.1" 200 55002
INFO 2026-07-24 07:46:39,372 basehttp 6204 1948 "GET /builder/api/check-subdomain/?subdomain=jmaxs HTTP/1.1" 200 118
INFO 2026-07-24 07:47:22,559 basehttp 6204 1948 "POST /builder/onboarding/launch-editor/ HTTP/1.1" 200 242
INFO 2026-07-24 07:47:23,665 basehttp 6204 1948 "GET /editor/ModernEcommerce29/jmaxs/?onboarding=true&brand=JMAXs HTTP/1.1" 200 594911
INFO 2026-07-24 07:47:23,852 basehttp 6204 1948 "GET /builder/get-components/ HTTP/1.1" 200 23001
INFO 2026-07-24 07:47:23,914 basehttp 6204 1948 "GET /builder/load-template/ModernEcommerce29/?page=home&edit=jmaxs HTTP/1.1" 200 74544
INFO 2026-07-24 07:47:23,966 basehttp 6204 1948 "GET /builder/api/page-palette/jmaxs/ HTTP/1.1" 200 1083
INFO 2026-07-24 07:47:24,070 basehttp 6204 15272 "GET /builder/api/color-palettes/?page_subdomain=jmaxs HTTP/1.1" 200 55065
INFO 2026-07-24 07:47:24,415 basehttp 6204 1948 "GET /builder/api/color-palettes/?page_subdomain=jmaxs HTTP/1.1" 200 55065
INFO 2026-07-24 07:47:24,771 basehttp 6204 1948 "GET /builder/api/template-color-variables/ModernEcommerce29/ HTTP/1.1" 200 1218
INFO 2026-07-24 07:47:24,874 basehttp 6204 1948 "GET /builder/api/page-palette/jmaxs/ HTTP/1.1" 200 1083
INFO 2026-07-24 07:47:32,471 basehttp 6204 1948 "GET /dashboard/ HTTP/1.1" 200 154148
INFO 2026-07-24 07:47:44,526 basehttp 6204 3748 "GET / HTTP/1.1" 200 52773
INFO 2026-07-24 07:47:44,599 basehttp 6204 3748 "GET /static/images/landing/landing-hero.png HTTP/1.1" 200 97489
INFO 2026-07-24 07:47:44,614 basehttp 6204 9100 "GET /static/images/Elan-noir.png HTTP/1.1" 200 724295
INFO 2026-07-24 07:47:44,638 basehttp 6204 3748 "GET /static/images/tech-sphere.png HTTP/1.1" 200 961500
INFO 2026-07-24 07:47:44,661 basehttp 6204 9100 "GET /static/images/elegance-lux.png HTTP/1.1" 200 920529
WARNING 2026-07-24 07:47:44,875 log 6204 9100 Not Found: /favicon.ico
WARNING 2026-07-24 07:47:44,876 basehttp 6204 9100 "GET /favicon.ico HTTP/1.1" 404 43919
INFO 2026-07-24 07:47:53,483 basehttp 6204 1948 "GET /editor/ModernEcommerce29/jmaxs/ HTTP/1.1" 200 594911
INFO 2026-07-24 07:47:53,685 basehttp 6204 1948 "GET /builder/get-components/ HTTP/1.1" 200 23001
INFO 2026-07-24 07:47:53,737 basehttp 6204 1948 "GET /builder/load-template/ModernEcommerce29/?page=home&edit=jmaxs HTTP/1.1" 200 74544
INFO 2026-07-24 07:47:53,808 basehttp 6204 1948 "GET /builder/api/page-palette/jmaxs/ HTTP/1.1" 200 1083
INFO 2026-07-24 07:47:53,978 basehttp 6204 15272 "GET /builder/api/color-palettes/?page_subdomain=jmaxs HTTP/1.1" 200 55065
INFO 2026-07-24 07:47:54,231 basehttp 6204 1948 "GET /builder/api/color-palettes/?page_subdomain=jmaxs HTTP/1.1" 200 55065
INFO 2026-07-24 07:47:54,526 basehttp 6204 1948 "GET /builder/api/template-color-variables/ModernEcommerce29/ HTTP/1.1" 200 1218
INFO 2026-07-24 07:47:54,657 basehttp 6204 1948 "GET /builder/api/page-palette/jmaxs/ HTTP/1.1" 200 1083
INFO 2026-07-24 07:47:59,713 basehttp 6204 1948 "POST /builder/publish/ HTTP/1.1" 200 191
INFO 2026-07-24 07:48:02,377 basehttp 6204 1948 "GET /builder/dashboard/ HTTP/1.1" 200 154152
INFO 2026-07-24 07:48:11,631 basehttp 6204 9100 "GET / HTTP/1.1" 200 100671
INFO 2026-07-24 07:48:12,286 basehttp 6204 9100 "GET /builder/cart/data/jmaxs/ HTTP/1.1" 200 58
WARNING 2026-07-24 07:48:12,575 log 6204 3748 Not Found: /builder/wishlist/data/jmaxs/
WARNING 2026-07-24 07:48:12,577 basehttp 6204 3748 "GET /builder/wishlist/data/jmaxs/ HTTP/1.1" 404 78113
INFO 2026-07-24 08:46:39,094 basehttp 6204 9600 "GET /templates/ HTTP/1.1" 200 66177
INFO 2026-07-24 08:46:44,277 basehttp 6204 9600 "GET /onboarding/ HTTP/1.1" 200 99454
INFO 2026-07-24 08:46:44,384 basehttp 6204 5340 "GET /builder/templates/api/ HTTP/1.1" 200 1183
INFO 2026-07-24 08:46:44,476 basehttp 6204 9600 "GET /builder/api/color-palettes/ HTTP/1.1" 200 55002
INFO 2026-07-24 08:47:04,827 basehttp 6204 16136 "GET /builder/api/check-subdomain/?subdomain=jras HTTP/1.1" 200 183
INFO 2026-07-24 08:47:04,854 basehttp 6204 16136 "GET /builder/api/check-subdomain/?subdomain=jras-ea6f HTTP/1.1" 200 122
INFO 2026-07-24 08:49:22,927 basehttp 6204 16136 "POST /builder/onboarding/launch-editor/ HTTP/1.1" 200 248
INFO 2026-07-24 08:49:24,048 basehttp 6204 16136 "GET /editor/ModernEcommerce29/jras-ea6f/?onboarding=true&brand=JRAS HTTP/1.1" 200 594926
INFO 2026-07-24 08:49:24,347 basehttp 6204 15332 "GET /builder/get-components/ HTTP/1.1" 200 23001
INFO 2026-07-24 08:49:24,401 basehttp 6204 15332 "GET /builder/load-template/ModernEcommerce29/?page=home&edit=jras-ea6f HTTP/1.1" 200 74544
INFO 2026-07-24 08:49:24,443 basehttp 6204 16136 "GET /builder/api/color-palettes/?page_subdomain=jras-ea6f HTTP/1.1" 200 55053
INFO 2026-07-24 08:49:24,463 basehttp 6204 15332 "GET /builder/api/page-palette/jras-ea6f/ HTTP/1.1" 200 1085
INFO 2026-07-24 08:49:24,678 basehttp 6204 16136 "GET /builder/api/color-palettes/?page_subdomain=jras-ea6f HTTP/1.1" 200 55053
INFO 2026-07-24 08:49:24,738 basehttp 6204 16136 "GET /builder/api/template-color-variables/ModernEcommerce29/ HTTP/1.1" 200 1218
INFO 2026-07-24 08:49:24,784 basehttp 6204 16136 "GET /builder/api/page-palette/jras-ea6f/ HTTP/1.1" 200 1085
INFO 2026-07-24 08:49:47,996 basehttp 6204 16136 "POST /builder/publish/ HTTP/1.1" 200 199
INFO 2026-07-24 08:49:50,091 basehttp 6204 16136 "GET /builder/dashboard/ HTTP/1.1" 200 159411
INFO 2026-07-24 08:49:56,608 basehttp 6204 18348 "GET / HTTP/1.1" 200 100683
WARNING 2026-07-24 08:49:57,401 log 6204 18652 Not Found: /favicon.ico
WARNING 2026-07-24 08:49:57,403 basehttp 6204 18652 "GET /favicon.ico HTTP/1.1" 404 43923
WARNING 2026-07-24 08:49:57,713 log 6204 11936 Not Found: /builder/wishlist/data/jras-ea6f/
INFO 2026-07-24 08:49:57,714 basehttp 6204 18348 "GET /builder/cart/data/jras-ea6f/ HTTP/1.1" 200 58
WARNING 2026-07-24 08:49:57,715 basehttp 6204 11936 "GET /builder/wishlist/data/jras-ea6f/ HTTP/1.1" 404 78133
INFO 2026-07-24 08:50:14,949 basehttp 6204 16136 "GET /builder/dashboard/ HTTP/1.1" 200 160367
INFO 2026-07-24 08:50:24,163 basehttp 6204 16136 "GET /admin/ HTTP/1.1" 200 55002
INFO 2026-07-24 08:50:37,640 basehttp 6204 16136 "GET /admin/builder/publishedpage/ HTTP/1.1" 200 61922
INFO 2026-07-24 08:50:37,709 basehttp 6204 16136 "GET /admin/jsi18n/ HTTP/1.1" 200 3342
INFO 2026-07-24 08:50:42,657 basehttp 6204 16136 "GET /admin/builder/publishedpage/27/change/ HTTP/1.1" 200 156472
INFO 2026-07-24 08:50:42,704 basehttp 6204 16136 "GET /admin/jsi18n/ HTTP/1.1" 200 3342
INFO 2026-07-24 08:50:42,747 basehttp 6204 16136 "GET /static/admin/img/tooltag-arrowright.svg HTTP/1.1" 200 280
INFO 2026-07-24 08:58:35,059 autoreload 6204 13840 D:\360ExtremeBrowserDownload\Test\venv\src\builder\views.py changed, reloading.
INFO 2026-07-24 08:58:38,180 autoreload 15024 6792 Watching for file changes with StatReloader
INFO 2026-07-24 08:59:17,395 autoreload 15024 6792 D:\360ExtremeBrowserDownload\Test\venv\src\builder\views.py changed, reloading.
INFO 2026-07-24 08:59:19,366 autoreload 13316 15104 Watching for file changes with StatReloader
INFO 2026-07-24 09:00:07,453 autoreload 13316 15104 D:\360ExtremeBrowserDownload\Test\venv\src\builder\views.py changed, reloading.
INFO 2026-07-24 09:00:10,027 autoreload 13476 7292 Watching for file changes with StatReloader
INFO 2026-07-24 09:00:50,803 autoreload 13476 7292 D:\360ExtremeBrowserDownload\Test\venv\src\builder\views.py changed, reloading.
INFO 2026-07-24 09:00:52,345 autoreload 5452 9760 Watching for file changes with StatReloader
INFO 2026-07-24 09:01:15,982 basehttp 5452 10020 "GET /onboarding/ HTTP/1.1" 200 99454
INFO 2026-07-24 09:01:16,071 basehttp 5452 8148 "GET /builder/templates/api/ HTTP/1.1" 200 1183
INFO 2026-07-24 09:01:16,165 basehttp 5452 10020 "GET /builder/api/color-palettes/ HTTP/1.1" 200 55002
INFO 2026-07-24 09:01:20,062 basehttp 5452 10020 "GET /builder/api/check-subdomain/?subdomain=jmax HTTP/1.1" 200 183
INFO 2026-07-24 09:01:20,092 basehttp 5452 10020 "GET /builder/api/check-subdomain/?subdomain=jmax-xmhm HTTP/1.1" 200 122
INFO 2026-07-24 09:02:23,360 basehttp 5452 10020 "POST /builder/onboarding/launch-editor/ HTTP/1.1" 200 273
INFO 2026-07-24 09:02:24,708 basehttp 5452 10020 "GET /editor/ModernEcommerce29/jmax-xmhm/?onboarding=true&brand=JMAX HTTP/1.1" 200 594926
INFO 2026-07-24 09:02:24,892 basehttp 5452 10020 "GET /builder/get-components/ HTTP/1.1" 200 23001
INFO 2026-07-24 09:02:24,944 basehttp 5452 10020 "GET /builder/load-template/ModernEcommerce29/?page=home&edit=jmax-xmhm HTTP/1.1" 200 74544
INFO 2026-07-24 09:02:25,812 basehttp 5452 10020 "GET /builder/api/page-palette/jmax-xmhm/ HTTP/1.1" 200 155
INFO 2026-07-24 09:02:25,840 basehttp 5452 8148 "GET /builder/api/color-palettes/?page_subdomain=jmax-xmhm HTTP/1.1" 200 55049
INFO 2026-07-24 09:02:26,072 basehttp 5452 8148 "GET /builder/api/color-palettes/?page_subdomain=jmax-xmhm HTTP/1.1" 200 55049
INFO 2026-07-24 09:02:26,113 basehttp 5452 8148 "GET /builder/api/template-color-variables/ModernEcommerce29/ HTTP/1.1" 200 1218
INFO 2026-07-24 09:02:26,272 basehttp 5452 8148 "GET /builder/api/page-palette/jmax-xmhm/ HTTP/1.1" 200 155
INFO 2026-07-24 09:03:03,304 basehttp 5452 8148 "POST /builder/publish/ HTTP/1.1" 200 199
INFO 2026-07-24 09:03:05,584 basehttp 5452 8148 "GET /builder/dashboard/ HTTP/1.1" 200 164670
INFO 2026-07-24 09:03:16,977 basehttp 5452 13448 "GET / HTTP/1.1" 200 100683
WARNING 2026-07-24 09:03:17,437 log 5452 14512 Not Found: /builder/wishlist/data/jmax-xmhm/
WARNING 2026-07-24 09:03:17,437 log 5452 4664 Not Found: /favicon.ico
WARNING 2026-07-24 09:03:17,468 basehttp 5452 4664 "GET /favicon.ico HTTP/1.1" 404 43923
WARNING 2026-07-24 09:03:17,468 basehttp 5452 14512 "GET /builder/wishlist/data/jmax-xmhm/ HTTP/1.1" 404 78133
INFO 2026-07-24 09:03:17,754 basehttp 5452 13448 "GET /builder/cart/data/jmax-xmhm/ HTTP/1.1" 200 58
INFO 2026-07-24 09:06:39,501 basehttp 5452 11512 "GET /admin/builder/publishedpage/ HTTP/1.1" 200 62541
INFO 2026-07-24 09:06:41,560 basehttp 5452 11512 "GET /admin/builder/publishedpage/ HTTP/1.1" 200 62541
INFO 2026-07-24 09:06:41,602 basehttp 5452 11512 "GET /admin/jsi18n/ HTTP/1.1" 200 3342
INFO 2026-07-24 09:06:43,599 basehttp 5452 11512 "GET /admin/builder/publishedpage/28/change/ HTTP/1.1" 200 153176
INFO 2026-07-24 09:06:43,648 basehttp 5452 11512 "GET /admin/jsi18n/ HTTP/1.1" 200 3342
INFO 2026-07-24 09:15:11,755 autoreload 5452 9760 D:\360ExtremeBrowserDownload\Test\venv\src\builder\models.py changed, reloading.
INFO 2026-07-24 09:15:13,364 autoreload 2768 9424 Watching for file changes with StatReloader
INFO 2026-07-24 09:15:42,994 basehttp 2768 17336 "GET /builder/dashboard/ HTTP/1.1" 200 165626
INFO 2026-07-24 09:15:49,226 basehttp 2768 17336 "GET /onboarding/ HTTP/1.1" 200 99454
INFO 2026-07-24 09:15:49,326 basehttp 2768 13344 "GET /builder/templates/api/ HTTP/1.1" 200 1183
INFO 2026-07-24 09:15:49,423 basehttp 2768 17336 "GET /builder/api/color-palettes/ HTTP/1.1" 200 55002
INFO 2026-07-24 09:15:54,950 basehttp 2768 17336 "GET /builder/api/check-subdomain/?subdomain=jras HTTP/1.1" 200 183
INFO 2026-07-24 09:15:54,973 basehttp 2768 17336 "GET /builder/api/check-subdomain/?subdomain=jras-6ys0 HTTP/1.1" 200 122
INFO 2026-07-24 09:16:48,038 basehttp 2768 17336 "POST /builder/onboarding/launch-editor/ HTTP/1.1" 200 273
INFO 2026-07-24 09:16:49,372 basehttp 2768 17336 "GET /editor/ModernEcommerce29/jras-6ys0/?onboarding=true&brand=JRAS HTTP/1.1" 200 594926
INFO 2026-07-24 09:16:49,734 basehttp 2768 17336 "GET /builder/get-components/ HTTP/1.1" 200 23001
INFO 2026-07-24 09:16:49,839 basehttp 2768 17336 "GET /builder/load-template/ModernEcommerce29/?page=home&edit=jras-6ys0 HTTP/1.1" 200 74544
INFO 2026-07-24 09:16:49,908 basehttp 2768 13344 "GET /builder/api/color-palettes/?page_subdomain=jras-6ys0 HTTP/1.1" 200 55049
INFO 2026-07-24 09:16:50,841 basehttp 2768 17336 "GET /builder/api/page-palette/jras-6ys0/ HTTP/1.1" 200 155
INFO 2026-07-24 09:16:50,926 basehttp 2768 13344 "GET /builder/api/color-palettes/?page_subdomain=jras-6ys0 HTTP/1.1" 200 55049
INFO 2026-07-24 09:16:50,983 basehttp 2768 13344 "GET /builder/api/template-color-variables/ModernEcommerce29/ HTTP/1.1" 200 1218
INFO 2026-07-24 09:16:51,303 basehttp 2768 13344 "GET /builder/api/page-palette/jras-6ys0/ HTTP/1.1" 200 155
INFO 2026-07-24 09:17:07,514 basehttp 2768 13344 "GET /admin/builder/publishedpage/ HTTP/1.1" 200 63150
INFO 2026-07-24 09:17:09,898 basehttp 2768 13344 "GET /admin/builder/publishedpage/ HTTP/1.1" 200 63150
INFO 2026-07-24 09:17:09,945 basehttp 2768 13344 "GET /admin/jsi18n/ HTTP/1.1" 200 3342
INFO 2026-07-24 09:17:29,203 basehttp 2768 13344 "POST /builder/publish/ HTTP/1.1" 200 199
INFO 2026-07-24 09:17:31,292 basehttp 2768 13344 "GET /builder/dashboard/ HTTP/1.1" 200 169929
INFO 2026-07-24 09:17:40,491 basehttp 2768 16272 "GET / HTTP/1.1" 200 100683
WARNING 2026-07-24 09:17:41,523 log 2768 4456 Not Found: /builder/wishlist/data/jras-6ys0/
WARNING 2026-07-24 09:17:41,543 log 2768 15440 Not Found: /favicon.ico
WARNING 2026-07-24 09:17:41,544 basehttp 2768 4456 "GET /builder/wishlist/data/jras-6ys0/ HTTP/1.1" 404 78133
INFO 2026-07-24 09:17:41,548 basehttp 2768 16272 "GET /builder/cart/data/jras-6ys0/ HTTP/1.1" 200 58
WARNING 2026-07-24 09:17:41,553 basehttp 2768 15440 "GET /favicon.ico HTTP/1.1" 404 43923
INFO 2026-07-24 09:17:54,024 basehttp 2768 13344 "GET /admin/builder/publishedpage/ HTTP/1.1" 200 63160
INFO 2026-07-24 09:17:54,068 basehttp 2768 13344 "GET /admin/jsi18n/ HTTP/1.1" 200 3342
INFO 2026-07-24 09:27:00,745 autoreload 2768 9424 D:\360ExtremeBrowserDownload\Test\venv\src\builder\views.py changed, reloading.
INFO 2026-07-24 09:27:02,734 autoreload 14564 12804 Watching for file changes with StatReloader
INFO 2026-07-24 09:29:40,840 autoreload 14564 12804 D:\360ExtremeBrowserDownload\Test\venv\src\builder\views.py changed, reloading.
INFO 2026-07-24 09:29:42,956 autoreload 9640 18700 Watching for file changes with StatReloader
INFO 2026-07-24 09:29:59,684 basehttp 9640 14656 "GET /onboarding/ HTTP/1.1" 200 99454
INFO 2026-07-24 09:29:59,781 basehttp 9640 14900 "GET /builder/templates/api/ HTTP/1.1" 200 1183
INFO 2026-07-24 09:29:59,869 basehttp 9640 14656 "GET /builder/api/color-palettes/ HTTP/1.1" 200 55002
INFO 2026-07-24 09:30:08,457 basehttp 9640 14656 "GET /builder/api/check-subdomain/?subdomain=jras HTTP/1.1" 200 183
INFO 2026-07-24 09:30:08,481 basehttp 9640 14656 "GET /builder/api/check-subdomain/?subdomain=jras-g07k HTTP/1.1" 200 122
INFO 2026-07-24 09:30:34,503 basehttp 9640 14656 "POST /builder/onboarding/launch-editor/ HTTP/1.1" 200 273
INFO 2026-07-24 09:30:35,886 basehttp 9640 14656 "GET /editor/ModernEcommerce29/jras-g07k/?onboarding=true&brand=JRAS HTTP/1.1" 200 594926
INFO 2026-07-24 09:30:36,108 basehttp 9640 14656 "GET /builder/get-components/ HTTP/1.1" 200 23001
INFO 2026-07-24 09:30:36,168 basehttp 9640 14656 "GET /builder/load-template/ModernEcommerce29/?page=home&edit=jras-g07k HTTP/1.1" 200 74544
INFO 2026-07-24 09:30:36,363 basehttp 9640 14900 "GET /builder/api/color-palettes/?page_subdomain=jras-g07k HTTP/1.1" 200 55061
INFO 2026-07-24 09:30:36,699 basehttp 9640 14656 "GET /builder/api/page-palette/jras-g07k/ HTTP/1.1" 200 161
INFO 2026-07-24 09:30:36,875 basehttp 9640 14900 "GET /builder/api/color-palettes/?page_subdomain=jras-g07k HTTP/1.1" 200 55061
INFO 2026-07-24 09:30:36,904 basehttp 9640 14900 "GET /builder/api/template-color-variables/ModernEcommerce29/ HTTP/1.1" 200 1218
INFO 2026-07-24 09:30:37,078 basehttp 9640 14900 "GET /builder/api/page-palette/jras-g07k/ HTTP/1.1" 200 161
INFO 2026-07-24 09:30:49,724 basehttp 9640 14900 "POST /builder/publish/ HTTP/1.1" 200 221
INFO 2026-07-24 09:30:51,941 basehttp 9640 14900 "GET /builder/dashboard/ HTTP/1.1" 200 175183
INFO 2026-07-24 09:30:59,424 basehttp 9640 15096 "GET / HTTP/1.1" 200 100673
INFO 2026-07-24 09:30:59,868 basehttp 9640 15096 "GET /builder/cart/data/jras-g07k/ HTTP/1.1" 200 58
WARNING 2026-07-24 09:31:00,057 log 9640 7896 Not Found: /favicon.ico
WARNING 2026-07-24 09:31:00,059 basehttp 9640 7896 "GET /favicon.ico HTTP/1.1" 404 43923
WARNING 2026-07-24 09:31:00,172 log 9640 6896 Not Found: /builder/wishlist/data/jras-g07k/
WARNING 2026-07-24 09:31:00,173 basehttp 9640 6896 "GET /builder/wishlist/data/jras-g07k/ HTTP/1.1" 404 78133
INFO 2026-07-24 09:32:45,507 basehttp 9640 6896 "GET / HTTP/1.1" 200 100700
WARNING 2026-07-24 09:32:46,168 log 9640 7896 Not Found: /builder/wishlist/data/jras-g07k/
WARNING 2026-07-24 09:32:46,169 basehttp 9640 7896 "GET /builder/wishlist/data/jras-g07k/ HTTP/1.1" 404 78133
INFO 2026-07-24 09:32:46,382 basehttp 9640 6896 "GET /builder/cart/data/jras-g07k/ HTTP/1.1" 200 58
INFO 2026-07-24 09:33:00,816 basehttp 9640 6896 "GET / HTTP/1.1" 200 100701
INFO 2026-07-24 09:33:01,338 basehttp 9640 6896 "GET /builder/cart/data/jras-g07k/ HTTP/1.1" 200 58
WARNING 2026-07-24 09:33:01,680 log 9640 7896 Not Found: /builder/wishlist/data/jras-g07k/
WARNING 2026-07-24 09:33:01,682 basehttp 9640 7896 "GET /builder/wishlist/data/jras-g07k/ HTTP/1.1" 404 78133
INFO 2026-07-24 09:34:30,149 basehttp 9640 7896 "GET / HTTP/1.1" 200 100736
INFO 2026-07-24 09:34:30,717 basehttp 9640 7896 "GET /builder/cart/data/jras-g07k/ HTTP/1.1" 200 58
WARNING 2026-07-24 09:34:31,075 log 9640 6896 Not Found: /builder/wishlist/data/jras-g07k/
WARNING 2026-07-24 09:34:31,076 basehttp 9640 6896 "GET /builder/wishlist/data/jras-g07k/ HTTP/1.1" 404 78133
INFO 2026-07-24 09:37:25,532 basehttp 9640 6896 "GET / HTTP/1.1" 200 100736
INFO 2026-07-24 09:37:26,235 basehttp 9640 6896 "GET /builder/cart/data/jras-g07k/ HTTP/1.1" 200 58
WARNING 2026-07-24 09:37:26,562 log 9640 7896 Not Found: /builder/wishlist/data/jras-g07k/
WARNING 2026-07-24 09:37:26,563 basehttp 9640 7896 "GET /builder/wishlist/data/jras-g07k/ HTTP/1.1" 404 78133
INFO 2026-07-24 09:37:31,825 basehttp 9640 15132 "GET /onboarding/ HTTP/1.1" 200 87934
INFO 2026-07-24 09:37:31,921 basehttp 9640 16356 "GET /builder/templates/api/ HTTP/1.1" 200 1183
INFO 2026-07-24 09:37:32,005 basehttp 9640 15132 "GET /builder/api/color-palettes/ HTTP/1.1" 200 55002
INFO 2026-07-24 09:37:37,199 basehttp 9640 15132 "GET /builder/api/check-subdomain/?subdomain=jras HTTP/1.1" 200 183
INFO 2026-07-24 09:37:37,213 basehttp 9640 15132 "GET /builder/api/check-subdomain/?subdomain=jras-gm4 HTTP/1.1" 200 121
INFO 2026-07-24 09:38:02,141 basehttp 9640 15132 "POST /builder/onboarding/launch-editor/ HTTP/1.1" 200 271
INFO 2026-07-24 09:38:03,363 basehttp 9640 15132 "GET /editor/ModernEcommerce29/jras-gm4/?onboarding=true&brand=JRAS HTTP/1.1" 200 594923
INFO 2026-07-24 09:38:03,598 basehttp 9640 15132 "GET /builder/get-components/ HTTP/1.1" 200 23001
INFO 2026-07-24 09:38:03,659 basehttp 9640 15132 "GET /builder/load-template/ModernEcommerce29/?page=home&edit=jras-gm4 HTTP/1.1" 200 74544
INFO 2026-07-24 09:38:04,114 basehttp 9640 15132 "GET /builder/api/page-palette/jras-gm4/ HTTP/1.1" 200 157
INFO 2026-07-24 09:38:04,135 basehttp 9640 16356 "GET /builder/api/color-palettes/?page_subdomain=jras-gm4 HTTP/1.1" 200 55053
INFO 2026-07-24 09:38:04,359 basehttp 9640 16356 "GET /builder/api/color-palettes/?page_subdomain=jras-gm4 HTTP/1.1" 200 55053
INFO 2026-07-24 09:38:04,403 basehttp 9640 16356 "GET /builder/api/template-color-variables/ModernEcommerce29/ HTTP/1.1" 200 1218
INFO 2026-07-24 09:38:04,560 basehttp 9640 16356 "GET /builder/api/page-palette/jras-gm4/ HTTP/1.1" 200 157
INFO 2026-07-24 09:42:26,752 basehttp 9640 16356 "POST /builder/publish/ HTTP/1.1" 200 219
INFO 2026-07-24 09:42:28,916 basehttp 9640 16356 "GET /builder/dashboard/ HTTP/1.1" 200 180429
INFO 2026-07-24 09:42:36,767 basehttp 9640 16524 "GET / HTTP/1.1" 200 100735
INFO 2026-07-24 09:42:37,379 basehttp 9640 16524 "GET /builder/cart/data/jras-gm4/ HTTP/1.1" 200 58
WARNING 2026-07-24 09:42:37,407 log 9640 9444 Not Found: /favicon.ico
WARNING 2026-07-24 09:42:37,408 basehttp 9640 9444 "GET /favicon.ico HTTP/1.1" 404 43922
WARNING 2026-07-24 09:42:37,696 log 9640 11732 Not Found: /builder/wishlist/data/jras-gm4/
WARNING 2026-07-24 09:42:37,697 basehttp 9640 11732 "GET /builder/wishlist/data/jras-gm4/ HTTP/1.1" 404 78128
INFO 2026-07-24 09:42:49,457 basehttp 9640 16356 "GET /editor/ModernEcommerce29/jras-gm4/ HTTP/1.1" 200 645240
INFO 2026-07-24 09:42:49,640 basehttp 9640 16356 "GET /builder/get-components/ HTTP/1.1" 200 23001
INFO 2026-07-24 09:42:49,750 basehttp 9640 15132 "GET /builder/api/color-palettes/?page_subdomain=jras-gm4 HTTP/1.1" 200 55053
INFO 2026-07-24 09:42:49,819 basehttp 9640 16356 "GET /builder/load-template/ModernEcommerce29/?page=home&edit=jras-gm4 HTTP/1.1" 200 74544
INFO 2026-07-24 09:42:50,319 basehttp 9640 16356 "GET /builder/api/page-palette/jras-gm4/ HTTP/1.1" 200 157
INFO 2026-07-24 09:42:50,372 basehttp 9640 15132 "GET /builder/api/color-palettes/?page_subdomain=jras-gm4 HTTP/1.1" 200 55053
INFO 2026-07-24 09:42:50,505 basehttp 9640 15132 "GET /builder/api/template-color-variables/ModernEcommerce29/ HTTP/1.1" 200 1218
INFO 2026-07-24 09:42:50,730 basehttp 9640 15132 "GET /builder/api/page-palette/jras-gm4/ HTTP/1.1" 200 157
INFO 2026-07-24 09:49:19,950 basehttp 9640 8804 "GET /onboarding/ HTTP/1.1" 200 99454
INFO 2026-07-24 09:49:20,037 basehttp 9640 13828 "GET /builder/templates/api/ HTTP/1.1" 200 1183
INFO 2026-07-24 09:49:20,132 basehttp 9640 8804 "GET /builder/api/color-palettes/ HTTP/1.1" 200 55002
INFO 2026-07-24 09:49:25,559 basehttp 9640 8804 "GET /builder/api/check-subdomain/?subdomain=jras HTTP/1.1" 200 183
INFO 2026-07-24 09:49:25,579 basehttp 9640 8804 "GET /builder/api/check-subdomain/?subdomain=jras-muh HTTP/1.1" 200 121
INFO 2026-07-24 09:49:55,461 basehttp 9640 8804 "POST /builder/onboarding/launch-editor/ HTTP/1.1" 200 271
INFO 2026-07-24 09:49:56,747 basehttp 9640 8804 "GET /editor/ModernEcommerce29/jras-muh/?onboarding=true&brand=JRAS HTTP/1.1" 200 594923
INFO 2026-07-24 09:49:56,925 basehttp 9640 8804 "GET /builder/get-components/ HTTP/1.1" 200 23001
INFO 2026-07-24 09:49:56,977 basehttp 9640 8804 "GET /builder/load-template/ModernEcommerce29/?page=home&edit=jras-muh HTTP/1.1" 200 74544
INFO 2026-07-24 09:49:57,339 basehttp 9640 8804 "GET /builder/api/page-palette/jras-muh/ HTTP/1.1" 200 157
INFO 2026-07-24 09:49:57,444 basehttp 9640 13828 "GET /builder/api/color-palettes/?page_subdomain=jras-muh HTTP/1.1" 200 55053
INFO 2026-07-24 09:49:57,819 basehttp 9640 8804 "GET /builder/api/color-palettes/?page_subdomain=jras-muh HTTP/1.1" 200 55053
INFO 2026-07-24 09:49:57,854 basehttp 9640 8804 "GET /builder/api/template-color-variables/ModernEcommerce29/ HTTP/1.1" 200 1218
INFO 2026-07-24 09:49:58,010 basehttp 9640 8804 "GET /builder/api/page-palette/jras-muh/ HTTP/1.1" 200 157
INFO 2026-07-24 09:57:23,446 autoreload 9640 18700 D:\360ExtremeBrowserDownload\Test\venv\src\builder\views.py changed, reloading.
INFO 2026-07-24 09:57:25,706 autoreload 6060 5040 Watching for file changes with StatReloader
INFO 2026-07-24 09:57:31,668 basehttp 6060 4552 "GET /editor/ModernEcommerce29/jras-muh/?onboarding=true&brand=JRAS HTTP/1.1" 200 594923
INFO 2026-07-24 09:57:31,991 basehttp 6060 4552 "GET /builder/get-components/ HTTP/1.1" 200 23001
INFO 2026-07-24 09:57:32,295 basehttp 6060 18780 "GET /builder/api/color-palettes/?page_subdomain=jras-muh HTTP/1.1" 200 55053
WARNING 2026-07-24 09:57:32,318 log 6060 4552 Not Found: /builder/load-template/ModernEcommerce29/
WARNING 2026-07-24 09:57:32,327 basehttp 6060 4552 "GET /builder/load-template/ModernEcommerce29/?page=home&edit=jras-muh HTTP/1.1" 404 18
INFO 2026-07-24 09:57:32,476 basehttp 6060 4552 "GET /builder/api/page-palette/jras-muh/ HTTP/1.1" 200 157
INFO 2026-07-24 09:57:32,548 basehttp 6060 18780 "GET /builder/api/color-palettes/?page_subdomain=jras-muh HTTP/1.1" 200 55053
INFO 2026-07-24 09:57:32,579 basehttp 6060 18780 "GET /builder/api/template-color-variables/ModernEcommerce29/ HTTP/1.1" 200 1218
INFO 2026-07-24 09:57:32,867 basehttp 6060 18780 "GET /builder/api/page-palette/jras-muh/ HTTP/1.1" 200 157
INFO 2026-07-24 09:57:57,387 basehttp 6060 18780 "GET /editor/ModernEcommerce29/jras-muh/?onboarding=true&brand=JRAS HTTP/1.1" 200 594923
INFO 2026-07-24 09:57:57,540 basehttp 6060 18780 "GET /builder/get-components/ HTTP/1.1" 200 23001
INFO 2026-07-24 09:57:58,007 basehttp 6060 4552 "GET /builder/api/color-palettes/?page_subdomain=jras-muh HTTP/1.1" 200 55053
WARNING 2026-07-24 09:57:58,136 log 6060 18780 Not Found: /builder/load-template/ModernEcommerce29/
WARNING 2026-07-24 09:57:58,140 basehttp 6060 18780 "GET /builder/load-template/ModernEcommerce29/?page=home&edit=jras-muh HTTP/1.1" 404 18
INFO 2026-07-24 09:57:58,290 basehttp 6060 18780 "GET /builder/api/page-palette/jras-muh/ HTTP/1.1" 200 157
INFO 2026-07-24 09:57:58,348 basehttp 6060 4552 "GET /builder/api/color-palettes/?page_subdomain=jras-muh HTTP/1.1" 200 55053
INFO 2026-07-24 09:57:58,373 basehttp 6060 4552 "GET /builder/api/template-color-variables/ModernEcommerce29/ HTTP/1.1" 200 1218
INFO 2026-07-24 09:57:58,519 basehttp 6060 4552 "GET /builder/api/page-palette/jras-muh/ HTTP/1.1" 200 157
INFO 2026-07-24 09:58:07,093 basehttp 6060 4552 "GET /onboarding/ HTTP/1.1" 200 87934
INFO 2026-07-24 09:58:07,208 basehttp 6060 18780 "GET /builder/templates/api/ HTTP/1.1" 200 1183
INFO 2026-07-24 09:58:07,325 basehttp 6060 4552 "GET /builder/api/color-palettes/ HTTP/1.1" 200 55002
INFO 2026-07-24 09:58:13,885 basehttp 6060 4552 "GET /builder/api/check-subdomain/?subdomain=jras HTTP/1.1" 200 183
INFO 2026-07-24 09:58:13,896 basehttp 6060 4552 "GET /builder/api/check-subdomain/?subdomain=jras-qw4i HTTP/1.1" 200 122
INFO 2026-07-24 09:58:35,827 basehttp 6060 4552 "POST /builder/onboarding/launch-editor/ HTTP/1.1" 200 273
INFO 2026-07-24 09:58:37,143 basehttp 6060 4552 "GET /editor/ModernEcommerce29/jras-qw4i/?onboarding=true&brand=JRAS HTTP/1.1" 200 594926
INFO 2026-07-24 09:58:37,367 basehttp 6060 4552 "GET /builder/get-components/ HTTP/1.1" 200 23001
WARNING 2026-07-24 09:58:37,653 log 6060 4552 Not Found: /builder/load-template/ModernEcommerce29/
WARNING 2026-07-24 09:58:37,654 basehttp 6060 4552 "GET /builder/load-template/ModernEcommerce29/?page=home&edit=jras-qw4i HTTP/1.1" 404 18
INFO 2026-07-24 09:58:37,798 basehttp 6060 4552 "GET /builder/api/page-palette/jras-qw4i/ HTTP/1.1" 200 157
INFO 2026-07-24 09:58:37,829 basehttp 6060 18780 "GET /builder/api/color-palettes/?page_subdomain=jras-qw4i HTTP/1.1" 200 55053
INFO 2026-07-24 09:58:37,941 basehttp 6060 18780 "GET /builder/api/color-palettes/?page_subdomain=jras-qw4i HTTP/1.1" 200 55053
INFO 2026-07-24 09:58:37,967 basehttp 6060 18780 "GET /builder/api/template-color-variables/ModernEcommerce29/ HTTP/1.1" 200 1218
INFO 2026-07-24 09:58:38,161 basehttp 6060 18780 "GET /builder/api/page-palette/jras-qw4i/ HTTP/1.1" 200 157
INFO 2026-07-24 09:58:55,817 basehttp 6060 18780 "GET /dashboard/ HTTP/1.1" 200 189967
INFO 2026-07-24 09:59:01,716 basehttp 6060 18780 "GET /editor/ModernEcommerce29/jras-gm4/ HTTP/1.1" 200 645240
INFO 2026-07-24 09:59:01,961 basehttp 6060 18780 "GET /builder/get-components/ HTTP/1.1" 200 23001
WARNING 2026-07-24 09:59:02,549 log 6060 18780 Not Found: /builder/load-template/ModernEcommerce29/
INFO 2026-07-24 09:59:02,550 basehttp 6060 4552 "GET /builder/api/color-palettes/?page_subdomain=jras-gm4 HTTP/1.1" 200 55053
WARNING 2026-07-24 09:59:02,551 basehttp 6060 18780 "GET /builder/load-template/ModernEcommerce29/?page=home&edit=jras-gm4 HTTP/1.1" 404 18
INFO 2026-07-24 09:59:02,804 basehttp 6060 18780 "GET /builder/api/page-palette/jras-gm4/ HTTP/1.1" 200 157
INFO 2026-07-24 09:59:02,875 basehttp 6060 4552 "GET /builder/api/color-palettes/?page_subdomain=jras-gm4 HTTP/1.1" 200 55053
INFO 2026-07-24 09:59:02,906 basehttp 6060 4552 "GET /builder/api/template-color-variables/ModernEcommerce29/ HTTP/1.1" 200 1218
INFO 2026-07-24 09:59:03,102 basehttp 6060 4552 "GET /builder/api/page-palette/jras-gm4/ HTTP/1.1" 200 157
INFO 2026-07-24 09:59:17,347 autoreload 6060 5040 D:\360ExtremeBrowserDownload\Test\venv\src\builder\views.py changed, reloading.
INFO 2026-07-24 09:59:20,309 autoreload 9492 11860 Watching for file changes with StatReloader
INFO 2026-07-24 09:59:31,704 basehttp 9492 9512 "GET /editor/ModernEcommerce29/jras-qw4i/ HTTP/1.1" 200 594926
INFO 2026-07-24 09:59:32,066 basehttp 9492 9512 "GET /builder/get-components/ HTTP/1.1" 200 23001
INFO 2026-07-24 09:59:32,176 basehttp 9492 9636 "GET /builder/api/color-palettes/?page_subdomain=jras-qw4i HTTP/1.1" 200 55053
INFO 2026-07-24 09:59:32,324 basehttp 9492 9636 "GET /builder/load-template/ModernEcommerce29/?page=home&edit=jras-qw4i HTTP/1.1" 200 74544
INFO 2026-07-24 09:59:32,808 basehttp 9492 9636 "GET /builder/api/page-palette/jras-qw4i/ HTTP/1.1" 200 157
INFO 2026-07-24 09:59:32,835 basehttp 9492 9512 "GET /builder/api/color-palettes/?page_subdomain=jras-qw4i HTTP/1.1" 200 55053
INFO 2026-07-24 09:59:32,990 basehttp 9492 9512 "GET /builder/api/template-color-variables/ModernEcommerce29/ HTTP/1.1" 200 1218
INFO 2026-07-24 09:59:33,207 basehttp 9492 9512 "GET /builder/api/page-palette/jras-qw4i/ HTTP/1.1" 200 157
INFO 2026-07-24 10:07:08,078 autoreload 9492 11860 D:\360ExtremeBrowserDownload\Test\venv\src\builder\views.py changed, reloading.
INFO 2026-07-24 10:07:14,876 autoreload 11552 352 Watching for file changes with StatReloader
INFO 2026-07-24 10:07:29,232 basehttp 11552 6652 "GET /editor/ModernEcommerce29/jras-qw4i/ HTTP/1.1" 200 594926
INFO 2026-07-24 10:07:29,505 basehttp 11552 6652 "GET /builder/get-components/ HTTP/1.1" 200 23001
WARNING 2026-07-24 10:07:29,801 log 11552 6652 Not Found: /builder/load-template/ModernEcommerce29/
WARNING 2026-07-24 10:07:29,803 basehttp 11552 6652 "GET /builder/load-template/ModernEcommerce29/?page=home&edit=jras-qw4i HTTP/1.1" 404 18
INFO 2026-07-24 10:07:29,846 basehttp 11552 15984 "GET /builder/api/color-palettes/?page_subdomain=jras-qw4i HTTP/1.1" 200 55053
INFO 2026-07-24 10:07:29,957 basehttp 11552 6652 "GET /builder/api/page-palette/jras-qw4i/ HTTP/1.1" 200 157
INFO 2026-07-24 10:07:30,046 basehttp 11552 15984 "GET /builder/api/color-palettes/?page_subdomain=jras-qw4i HTTP/1.1" 200 55053
INFO 2026-07-24 10:07:30,082 basehttp 11552 15984 "GET /builder/api/template-color-variables/ModernEcommerce29/ HTTP/1.1" 200 1218
INFO 2026-07-24 10:07:30,257 basehttp 11552 15984 "GET /builder/api/page-palette/jras-qw4i/ HTTP/1.1" 200 157
INFO 2026-07-24 10:08:35,565 autoreload 11552 352 D:\360ExtremeBrowserDownload\Test\venv\src\builder\views.py changed, reloading.
INFO 2026-07-24 10:08:37,419 autoreload 6192 2980 Watching for file changes with StatReloader
INFO 2026-07-24 10:08:41,429 basehttp 6192 11080 "GET /editor/ModernEcommerce29/jras-qw4i/ HTTP/1.1" 200 594926
INFO 2026-07-24 10:08:41,584 basehttp 6192 11080 "GET /builder/get-components/ HTTP/1.1" 200 23001
WARNING 2026-07-24 10:08:41,913 log 6192 11080 Not Found: /builder/load-template/ModernEcommerce29/
WARNING 2026-07-24 10:08:41,915 basehttp 6192 11080 "GET /builder/load-template/ModernEcommerce29/?page=home&edit=jras-qw4i HTTP/1.1" 404 18
INFO 2026-07-24 10:08:41,934 basehttp 6192 8152 "GET /builder/api/color-palettes/?page_subdomain=jras-qw4i HTTP/1.1" 200 55053
INFO 2026-07-24 10:08:42,049 basehttp 6192 11080 "GET /builder/api/page-palette/jras-qw4i/ HTTP/1.1" 200 157
INFO 2026-07-24 10:08:42,126 basehttp 6192 8152 "GET /builder/api/color-palettes/?page_subdomain=jras-qw4i HTTP/1.1" 200 55053
INFO 2026-07-24 10:08:42,155 basehttp 6192 8152 "GET /builder/api/template-color-variables/ModernEcommerce29/ HTTP/1.1" 200 1218
INFO 2026-07-24 10:08:42,333 basehttp 6192 8152 "GET /builder/api/page-palette/jras-qw4i/ HTTP/1.1" 200 157
INFO 2026-07-24 10:09:48,017 basehttp 6192 8152 "GET /editor/ModernEcommerce29/jras-qw4i/ HTTP/1.1" 200 594926
INFO 2026-07-24 10:09:48,222 basehttp 6192 8152 "GET /builder/get-components/ HTTP/1.1" 200 23001
WARNING 2026-07-24 10:09:48,551 log 6192 8152 Not Found: /builder/load-template/ModernEcommerce29/
WARNING 2026-07-24 10:09:48,553 basehttp 6192 8152 "GET /builder/load-template/ModernEcommerce29/?page=home&edit=jras-qw4i HTTP/1.1" 404 18
INFO 2026-07-24 10:09:48,701 basehttp 6192 8152 "GET /builder/api/page-palette/jras-qw4i/ HTTP/1.1" 200 157
INFO 2026-07-24 10:09:48,716 basehttp 6192 11080 "GET /builder/api/color-palettes/?page_subdomain=jras-qw4i HTTP/1.1" 200 55053
INFO 2026-07-24 10:09:48,821 basehttp 6192 11080 "GET /builder/api/color-palettes/?page_subdomain=jras-qw4i HTTP/1.1" 200 55053
INFO 2026-07-24 10:09:48,855 basehttp 6192 11080 "GET /builder/api/template-color-variables/ModernEcommerce29/ HTTP/1.1" 200 1218
INFO 2026-07-24 10:09:49,000 basehttp 6192 11080 "GET /builder/api/page-palette/jras-qw4i/ HTTP/1.1" 200 157
INFO 2026-07-24 10:11:37,072 autoreload 6192 2980 D:\360ExtremeBrowserDownload\Test\venv\src\builder\views.py changed, reloading.
INFO 2026-07-24 10:11:39,877 autoreload 10620 15988 Watching for file changes with StatReloader
INFO 2026-07-24 10:11:44,973 basehttp 10620 17572 "GET /editor/ModernEcommerce29/jras-qw4i/ HTTP/1.1" 200 594926
INFO 2026-07-24 10:11:45,157 basehttp 10620 17572 "GET /builder/get-components/ HTTP/1.1" 200 23001
INFO 2026-07-24 10:11:45,454 basehttp 10620 17572 "GET /builder/load-template/ModernEcommerce29/?page=home&edit=jras-qw4i HTTP/1.1" 200 2146
INFO 2026-07-24 10:11:45,472 basehttp 10620 12132 "GET /builder/api/color-palettes/?page_subdomain=jras-qw4i HTTP/1.1" 200 55053
INFO 2026-07-24 10:11:45,599 basehttp 10620 17572 "GET /builder/api/page-palette/jras-qw4i/ HTTP/1.1" 200 157
INFO 2026-07-24 10:11:45,681 basehttp 10620 12132 "GET /builder/api/color-palettes/?page_subdomain=jras-qw4i HTTP/1.1" 200 55053
INFO 2026-07-24 10:11:45,712 basehttp 10620 12132 "GET /builder/api/template-color-variables/ModernEcommerce29/ HTTP/1.1" 200 1218
INFO 2026-07-24 10:11:45,915 basehttp 10620 12132 "GET /builder/api/page-palette/jras-qw4i/ HTTP/1.1" 200 157
INFO 2026-07-24 10:13:28,806 autoreload 10620 15988 D:\360ExtremeBrowserDownload\Test\venv\src\builder\views.py changed, reloading.
INFO 2026-07-24 10:13:31,270 autoreload 6300 12492 Watching for file changes with StatReloader
INFO 2026-07-24 10:13:34,125 basehttp 6300 7880 "GET /editor/ModernEcommerce29/jras-qw4i/ HTTP/1.1" 200 594926
INFO 2026-07-24 10:13:34,293 basehttp 6300 7880 "GET /builder/get-components/ HTTP/1.1" 200 23001
INFO 2026-07-24 10:13:34,604 basehttp 6300 7880 "GET /builder/load-template/ModernEcommerce29/?page=home&edit=jras-qw4i HTTP/1.1" 200 97985
INFO 2026-07-24 10:13:34,630 basehttp 6300 12960 "GET /builder/api/color-palettes/?page_subdomain=jras-qw4i HTTP/1.1" 200 55053
INFO 2026-07-24 10:13:34,822 basehttp 6300 7880 "GET /builder/api/page-palette/jras-qw4i/ HTTP/1.1" 200 157
INFO 2026-07-24 10:13:35,021 basehttp 6300 12960 "GET /builder/api/color-palettes/?page_subdomain=jras-qw4i HTTP/1.1" 200 55053
INFO 2026-07-24 10:13:35,057 basehttp 6300 12960 "GET /builder/api/template-color-variables/ModernEcommerce29/ HTTP/1.1" 200 1218
INFO 2026-07-24 10:13:35,244 basehttp 6300 12960 "GET /builder/api/page-palette/jras-qw4i/ HTTP/1.1" 200 157
INFO 2026-07-24 10:14:01,539 basehttp 6300 12960 "POST /builder/api/apply-color-palette/jras-qw4i/ HTTP/1.1" 200 1097
INFO 2026-07-24 10:14:10,638 basehttp 6300 12960 "GET /editor/ModernEcommerce29/jras-qw4i/ HTTP/1.1" 200 594926
INFO 2026-07-24 10:14:10,873 basehttp 6300 12960 "GET /builder/get-components/ HTTP/1.1" 200 23001
INFO 2026-07-24 10:14:10,964 basehttp 6300 12960 "GET /builder/load-template/ModernEcommerce29/?page=home&edit=jras-qw4i HTTP/1.1" 200 98147
INFO 2026-07-24 10:14:11,036 basehttp 6300 12960 "GET /builder/api/page-palette/jras-qw4i/ HTTP/1.1" 200 1076
INFO 2026-07-24 10:14:11,053 basehttp 6300 7880 "GET /builder/api/color-palettes/?page_subdomain=jras-qw4i HTTP/1.1" 200 55061
INFO 2026-07-24 10:14:11,380 basehttp 6300 7880 "GET /builder/api/color-palettes/?page_subdomain=jras-qw4i HTTP/1.1" 200 55061
INFO 2026-07-24 10:14:11,414 basehttp 6300 7880 "GET /builder/api/template-color-variables/ModernEcommerce29/ HTTP/1.1" 200 1218
INFO 2026-07-24 10:14:11,439 basehttp 6300 7880 "GET /builder/api/page-palette/jras-qw4i/ HTTP/1.1" 200 1076
INFO 2026-07-24 10:14:20,826 basehttp 6300 7880 "POST /builder/api/apply-color-palette/jras-qw4i/ HTTP/1.1" 200 1085
INFO 2026-07-24 10:14:34,070 basehttp 6300 7880 "POST /builder/api/apply-color-palette/jras-qw4i/ HTTP/1.1" 200 1090
INFO 2026-07-24 10:14:37,091 basehttp 6300 7880 "POST /builder/api/apply-color-palette/jras-qw4i/ HTTP/1.1" 200 1089
INFO 2026-07-24 10:14:46,621 basehttp 6300 7880 "POST /builder/api/apply-color-palette/jras-qw4i/ HTTP/1.1" 200 1091
INFO 2026-07-24 10:14:49,633 basehttp 6300 7880 "POST /builder/api/apply-color-palette/jras-qw4i/ HTTP/1.1" 200 1128
INFO 2026-07-24 10:15:07,415 basehttp 6300 7880 "POST /builder/api/apply-color-palette/jras-qw4i/ HTTP/1.1" 200 1101
INFO 2026-07-24 10:15:21,120 basehttp 6300 7880 "POST /builder/api/apply-color-palette/jras-qw4i/ HTTP/1.1" 200 1106
INFO 2026-07-24 10:17:59,737 basehttp 6300 7880 "GET /dashboard/ HTTP/1.1" 200 189967
INFO 2026-07-24 10:18:05,269 basehttp 6300 7880 "GET /editor/ModernEcommerce29/jras-muh/ HTTP/1.1" 200 594923
INFO 2026-07-24 10:18:05,512 basehttp 6300 7880 "GET /builder/get-components/ HTTP/1.1" 200 23001
INFO 2026-07-24 10:18:05,797 basehttp 6300 7880 "GET /builder/load-template/ModernEcommerce29/?page=home&edit=jras-muh HTTP/1.1" 200 97984
INFO 2026-07-24 10:18:05,937 basehttp 6300 12960 "GET /builder/api/color-palettes/?page_subdomain=jras-muh HTTP/1.1" 200 55053
INFO 2026-07-24 10:18:06,205 basehttp 6300 7880 "GET /builder/api/page-palette/jras-muh/ HTTP/1.1" 200 157
INFO 2026-07-24 10:18:06,296 basehttp 6300 12960 "GET /builder/api/color-palettes/?page_subdomain=jras-muh HTTP/1.1" 200 55053
INFO 2026-07-24 10:18:06,333 basehttp 6300 12960 "GET /builder/api/template-color-variables/ModernEcommerce29/ HTTP/1.1" 200 1218
INFO 2026-07-24 10:18:06,517 basehttp 6300 12960 "GET /builder/api/page-palette/jras-muh/ HTTP/1.1" 200 157
INFO 2026-07-24 10:18:12,380 basehttp 6300 12960 "GET /editor/ModernEcommerce29/jras-gm4/ HTTP/1.1" 200 645240
INFO 2026-07-24 10:18:12,603 basehttp 6300 12960 "GET /builder/get-components/ HTTP/1.1" 200 23001
INFO 2026-07-24 10:18:12,868 basehttp 6300 12960 "GET /builder/load-template/ModernEcommerce29/?page=home&edit=jras-gm4 HTTP/1.1" 200 100614
INFO 2026-07-24 10:18:13,139 basehttp 6300 7880 "GET /builder/api/color-palettes/?page_subdomain=jras-gm4 HTTP/1.1" 200 55053
INFO 2026-07-24 10:18:13,650 basehttp 6300 12960 "GET /builder/api/page-palette/jras-gm4/ HTTP/1.1" 200 157
INFO 2026-07-24 10:18:13,736 basehttp 6300 7880 "GET /builder/api/color-palettes/?page_subdomain=jras-gm4 HTTP/1.1" 200 55053
INFO 2026-07-24 10:18:13,789 basehttp 6300 7880 "GET /builder/api/template-color-variables/ModernEcommerce29/ HTTP/1.1" 200 1218
INFO 2026-07-24 10:18:13,995 basehttp 6300 7880 "GET /builder/api/page-palette/jras-gm4/ HTTP/1.1" 200 157
INFO 2026-07-24 10:18:22,667 basehttp 6300 7880 "GET /editor/ModernEcommerce29/jras-g07k/ HTTP/1.1" 200 645243
INFO 2026-07-24 10:18:22,834 basehttp 6300 7880 "GET /builder/get-components/ HTTP/1.1" 200 23001
INFO 2026-07-24 10:18:23,448 basehttp 6300 7880 "GET /builder/load-template/ModernEcommerce29/?page=home&edit=jras-g07k HTTP/1.1" 200 100615
INFO 2026-07-24 10:18:23,468 basehttp 6300 12960 "GET /builder/api/color-palettes/?page_subdomain=jras-g07k HTTP/1.1" 200 55061
INFO 2026-07-24 10:18:23,738 basehttp 6300 7880 "GET /builder/api/page-palette/jras-g07k/ HTTP/1.1" 200 161
INFO 2026-07-24 10:18:23,963 basehttp 6300 12960 "GET /builder/api/color-palettes/?page_subdomain=jras-g07k HTTP/1.1" 200 55061
INFO 2026-07-24 10:18:23,998 basehttp 6300 12960 "GET /builder/api/template-color-variables/ModernEcommerce29/ HTTP/1.1" 200 1218
INFO 2026-07-24 10:18:24,183 basehttp 6300 12960 "GET /builder/api/page-palette/jras-g07k/ HTTP/1.1" 200 161
INFO 2026-07-24 10:18:30,254 basehttp 6300 12960 "GET /editor/ModernEcommerce29/jras-6ys0/ HTTP/1.1" 200 645253
INFO 2026-07-24 10:18:30,442 basehttp 6300 12960 "GET /builder/get-components/ HTTP/1.1" 200 23001
INFO 2026-07-24 10:18:30,642 basehttp 6300 12960 "GET /builder/load-template/ModernEcommerce29/?page=home&edit=jras-6ys0 HTTP/1.1" 200 100625
INFO 2026-07-24 10:18:31,032 basehttp 6300 7880 "GET /builder/api/color-palettes/?page_subdomain=jras-6ys0 HTTP/1.1" 200 55049
INFO 2026-07-24 10:18:31,247 basehttp 6300 12960 "GET /builder/api/page-palette/jras-6ys0/ HTTP/1.1" 200 155
INFO 2026-07-24 10:18:31,340 basehttp 6300 7880 "GET /builder/api/color-palettes/?page_subdomain=jras-6ys0 HTTP/1.1" 200 55049
INFO 2026-07-24 10:18:31,375 basehttp 6300 7880 "GET /builder/api/template-color-variables/ModernEcommerce29/ HTTP/1.1" 200 1218
INFO 2026-07-24 10:18:31,554 basehttp 6300 7880 "GET /builder/api/page-palette/jras-6ys0/ HTTP/1.1" 200 155
INFO 2026-07-24 10:18:35,165 basehttp 6300 7880 "GET /editor/ModernEcommerce29/jmax-xmhm/ HTTP/1.1" 200 645253
INFO 2026-07-24 10:18:35,362 basehttp 6300 7880 "GET /builder/get-components/ HTTP/1.1" 200 23001
INFO 2026-07-24 10:18:35,627 basehttp 6300 7880 "GET /builder/load-template/ModernEcommerce29/?page=home&edit=jmax-xmhm HTTP/1.1" 200 100625
INFO 2026-07-24 10:18:35,802 basehttp 6300 12960 "GET /builder/api/color-palettes/?page_subdomain=jmax-xmhm HTTP/1.1" 200 55049
INFO 2026-07-24 10:18:35,902 basehttp 6300 7880 "GET /builder/api/page-palette/jmax-xmhm/ HTTP/1.1" 200 155
INFO 2026-07-24 10:18:36,090 basehttp 6300 12960 "GET /builder/api/color-palettes/?page_subdomain=jmax-xmhm HTTP/1.1" 200 55049
INFO 2026-07-24 10:18:36,120 basehttp 6300 12960 "GET /builder/api/template-color-variables/ModernEcommerce29/ HTTP/1.1" 200 1218
INFO 2026-07-24 10:18:36,282 basehttp 6300 12960 "GET /builder/api/page-palette/jmax-xmhm/ HTTP/1.1" 200 155
INFO 2026-07-24 10:18:44,423 basehttp 6300 12960 "GET /editor/ModernEcommerce29/jras-ea6f/ HTTP/1.1" 200 645253
INFO 2026-07-24 10:18:44,623 basehttp 6300 12960 "GET /builder/get-components/ HTTP/1.1" 200 23001
INFO 2026-07-24 10:18:44,689 basehttp 6300 12960 "GET /builder/load-template/ModernEcommerce29/?page=home&edit=jras-ea6f HTTP/1.1" 200 100787
INFO 2026-07-24 10:18:44,738 basehttp 6300 12960 "GET /builder/api/page-palette/jras-ea6f/ HTTP/1.1" 200 1085
INFO 2026-07-24 10:18:44,848 basehttp 6300 7880 "GET /builder/api/color-palettes/?page_subdomain=jras-ea6f HTTP/1.1" 200 55053
INFO 2026-07-24 10:18:45,109 basehttp 6300 7880 "GET /builder/api/color-palettes/?page_subdomain=jras-ea6f HTTP/1.1" 200 55053
INFO 2026-07-24 10:18:45,150 basehttp 6300 7880 "GET /builder/api/template-color-variables/ModernEcommerce29/ HTTP/1.1" 200 1218
INFO 2026-07-24 10:18:45,174 basehttp 6300 7880 "GET /builder/api/page-palette/jras-ea6f/ HTTP/1.1" 200 1085
INFO 2026-07-24 10:19:07,323 basehttp 6300 7880 "GET /onboarding/ HTTP/1.1" 200 87934
INFO 2026-07-24 10:19:07,406 basehttp 6300 12960 "GET /builder/templates/api/ HTTP/1.1" 200 1183
INFO 2026-07-24 10:19:07,521 basehttp 6300 7880 "GET /builder/api/color-palettes/ HTTP/1.1" 200 55002
INFO 2026-07-24 10:19:11,410 basehttp 6300 7880 "GET /builder/api/check-subdomain/?subdomain=jras HTTP/1.1" 200 183
INFO 2026-07-24 10:19:11,421 basehttp 6300 7880 "GET /builder/api/check-subdomain/?subdomain=jras-wnt HTTP/1.1" 200 121
INFO 2026-07-24 10:19:51,240 basehttp 6300 7880 "POST /builder/onboarding/launch-editor/ HTTP/1.1" 200 271
INFO 2026-07-24 10:19:52,495 basehttp 6300 7880 "GET /editor/ModernEcommerce35/jras-wnt/?onboarding=true&brand=JRAS HTTP/1.1" 200 594923
INFO 2026-07-24 10:19:52,668 basehttp 6300 7880 "GET /builder/get-components/ HTTP/1.1" 200 23001
INFO 2026-07-24 10:19:53,116 basehttp 6300 12960 "GET /builder/api/color-palettes/?page_subdomain=jras-wnt HTTP/1.1" 200 55063
INFO 2026-07-24 10:19:53,176 basehttp 6300 7880 "GET /builder/load-template/ModernEcommerce35/?page=home&edit=jras-wnt HTTP/1.1" 200 0
INFO 2026-07-24 10:19:53,418 basehttp 6300 7880 "GET /builder/api/page-palette/jras-wnt/ HTTP/1.1" 200 162
INFO 2026-07-24 10:19:53,493 basehttp 6300 12960 "GET /builder/api/color-palettes/?page_subdomain=jras-wnt HTTP/1.1" 200 55063
INFO 2026-07-24 10:19:53,541 basehttp 6300 12960 "GET /builder/api/template-color-variables/ModernEcommerce35/ HTTP/1.1" 200 1041
INFO 2026-07-24 10:19:53,679 basehttp 6300 12960 "GET /builder/api/page-palette/jras-wnt/ HTTP/1.1" 200 162
INFO 2026-07-24 10:20:11,821 basehttp 6300 12960 "GET /onboarding/ HTTP/1.1" 200 87934
INFO 2026-07-24 10:20:11,908 basehttp 6300 7880 "GET /builder/templates/api/ HTTP/1.1" 200 1183
INFO 2026-07-24 10:20:11,996 basehttp 6300 12960 "GET /builder/api/color-palettes/ HTTP/1.1" 200 55002
INFO 2026-07-24 10:20:17,479 basehttp 6300 12960 "GET /builder/api/check-subdomain/?subdomain=jras HTTP/1.1" 200 183
INFO 2026-07-24 10:20:17,494 basehttp 6300 12960 "GET /builder/api/check-subdomain/?subdomain=jras-efz4 HTTP/1.1" 200 122
INFO 2026-07-24 10:20:50,673 basehttp 6300 12960 "POST /builder/onboarding/launch-editor/ HTTP/1.1" 200 273
INFO 2026-07-24 10:20:51,749 basehttp 6300 12960 "GET /editor/ModernEcommerce32/jras-efz4/?onboarding=true&brand=JRAS HTTP/1.1" 200 594926
INFO 2026-07-24 10:20:51,924 basehttp 6300 12960 "GET /builder/get-components/ HTTP/1.1" 200 23001
INFO 2026-07-24 10:20:52,054 basehttp 6300 12960 "GET /builder/load-template/ModernEcommerce32/?page=home&edit=jras-efz4 HTTP/1.1" 200 93305
INFO 2026-07-24 10:20:52,100 basehttp 6300 12960 "GET /builder/api/page-palette/jras-efz4/ HTTP/1.1" 200 414
INFO 2026-07-24 10:20:52,101 basehttp 6300 7880 "GET /builder/api/color-palettes/?page_subdomain=jras-efz4 HTTP/1.1" 200 55069
INFO 2026-07-24 10:20:52,260 basehttp 6300 7880 "GET /builder/api/color-palettes/?page_subdomain=jras-efz4 HTTP/1.1" 200 55069
INFO 2026-07-24 10:20:52,519 basehttp 6300 7880 "GET /builder/api/template-color-variables/ModernEcommerce32/ HTTP/1.1" 200 1218
INFO 2026-07-24 10:20:52,557 basehttp 6300 7880 "GET /builder/api/page-palette/jras-efz4/ HTTP/1.1" 200 414
INFO 2026-07-24 10:21:49,794 basehttp 6300 7880 "POST /builder/api/apply-color-palette/jras-efz4/ HTTP/1.1" 200 1118
INFO 2026-07-24 10:21:55,212 basehttp 6300 7880 "POST /builder/api/apply-color-palette/jras-efz4/ HTTP/1.1" 200 1115
INFO 2026-07-24 10:21:59,485 basehttp 6300 7880 "POST /builder/api/apply-color-palette/jras-efz4/ HTTP/1.1" 200 1092
INFO 2026-07-24 10:22:04,819 basehttp 6300 7880 "POST /builder/api/apply-color-palette/jras-efz4/ HTTP/1.1" 200 1091
INFO 2026-07-24 10:22:12,397 basehttp 6300 7880 "POST /builder/api/apply-color-palette/jras-efz4/ HTTP/1.1" 200 1098
INFO 2026-07-24 10:22:20,178 basehttp 6300 7880 "POST /builder/api/apply-color-palette/jras-efz4/ HTTP/1.1" 200 1102
INFO 2026-07-24 10:22:44,759 basehttp 6300 7880 "POST /builder/api/apply-color-palette/jras-efz4/ HTTP/1.1" 200 1118
INFO 2026-07-24 10:27:51,860 basehttp 6300 13840 "GET /editor/ModernEcommerce32/jras-efz4/?onboarding=true&brand=JRAS HTTP/1.1" 200 594926
INFO 2026-07-24 10:27:52,064 basehttp 6300 13840 "GET /builder/get-components/ HTTP/1.1" 200 23001
INFO 2026-07-24 10:27:52,226 basehttp 6300 13840 "GET /builder/load-template/ModernEcommerce32/?page=home&edit=jras-efz4 HTTP/1.1" 200 93394
INFO 2026-07-24 10:27:52,279 basehttp 6300 13840 "GET /builder/api/page-palette/jras-efz4/ HTTP/1.1" 200 1096
INFO 2026-07-24 10:27:52,284 basehttp 6300 18404 "GET /builder/api/color-palettes/?page_subdomain=jras-efz4 HTTP/1.1" 200 55063
INFO 2026-07-24 10:27:52,539 basehttp 6300 18404 "GET /builder/api/color-palettes/?page_subdomain=jras-efz4 HTTP/1.1" 200 55063
INFO 2026-07-24 10:27:52,752 basehttp 6300 18404 "GET /builder/api/template-color-variables/ModernEcommerce32/ HTTP/1.1" 200 1218
INFO 2026-07-24 10:27:52,811 basehttp 6300 18404 "GET /builder/api/page-palette/jras-efz4/ HTTP/1.1" 200 1096
INFO 2026-07-24 10:28:35,059 basehttp 6300 18404 "POST /builder/api/apply-color-palette/jras-efz4/ HTTP/1.1" 200 1118
INFO 2026-07-24 10:28:49,144 basehttp 6300 18404 "GET /dashboard/ HTTP/1.1" 200 198544
INFO 2026-07-24 10:28:52,782 basehttp 6300 18404 "GET /templates/ HTTP/1.1" 200 66177
INFO 2026-07-24 10:29:04,534 basehttp 6300 18404 "GET /editor/ModernEcommerce32/ HTTP/1.1" 200 595457
INFO 2026-07-24 10:29:04,751 basehttp 6300 18404 "GET /builder/get-components/ HTTP/1.1" 200 23001
INFO 2026-07-24 10:29:04,929 basehttp 6300 13840 "GET /builder/api/color-palettes/ HTTP/1.1" 200 55002
INFO 2026-07-24 10:29:04,946 basehttp 6300 18404 "GET /builder/load-template/ModernEcommerce32/?page=home HTTP/1.1" 200 671
INFO 2026-07-24 10:29:05,153 basehttp 6300 13840 "GET /builder/api/color-palettes/ HTTP/1.1" 200 55002
INFO 2026-07-24 10:29:05,213 basehttp 6300 13840 "GET /builder/api/template-color-variables/ModernEcommerce32/ HTTP/1.1" 200 1218
INFO 2026-07-24 10:29:24,398 basehttp 6300 13840 "GET /editor/ModernEcommerce29/ HTTP/1.1" 200 595457
INFO 2026-07-24 10:29:24,591 basehttp 6300 13840 "GET /builder/get-components/ HTTP/1.1" 200 23001
INFO 2026-07-24 10:29:24,703 basehttp 6300 13840 "GET /builder/load-template/ModernEcommerce29/?page=home HTTP/1.1" 200 671
INFO 2026-07-24 10:29:24,755 basehttp 6300 18404 "GET /builder/api/color-palettes/ HTTP/1.1" 200 55002
INFO 2026-07-24 10:29:24,958 basehttp 6300 13840 "GET /builder/api/color-palettes/ HTTP/1.1" 200 55002
INFO 2026-07-24 10:29:25,002 basehttp 6300 13840 "GET /builder/api/template-color-variables/ModernEcommerce29/ HTTP/1.1" 200 1218
INFO 2026-07-24 16:34:53,771 basehttp 6300 18868 "GET /editor/ModernEcommerce31/ HTTP/1.1" 200 595457
INFO 2026-07-24 16:34:53,984 basehttp 6300 18868 "GET /builder/get-components/ HTTP/1.1" 200 23001
INFO 2026-07-24 16:34:54,115 basehttp 6300 18868 "GET /builder/load-template/ModernEcommerce31/?page=home HTTP/1.1" 200 671
INFO 2026-07-24 16:34:54,145 basehttp 6300 5048 "GET /builder/api/color-palettes/ HTTP/1.1" 200 55002
INFO 2026-07-24 16:34:54,311 basehttp 6300 5048 "GET /builder/api/color-palettes/ HTTP/1.1" 200 55002
INFO 2026-07-24 16:34:54,394 basehttp 6300 5048 "GET /builder/api/template-color-variables/ModernEcommerce31/ HTTP/1.1" 200 1593
INFO 2026-07-24 16:35:03,239 basehttp 6300 5048 "GET /onboarding/ HTTP/1.1" 200 87934
INFO 2026-07-24 16:35:03,324 basehttp 6300 18868 "GET /builder/templates/api/ HTTP/1.1" 200 1183
INFO 2026-07-24 16:35:03,426 basehttp 6300 5048 "GET /builder/api/color-palettes/ HTTP/1.1" 200 55002
INFO 2026-07-24 16:36:48,697 autoreload 5928 4268 Watching for file changes with StatReloader
INFO 2026-07-24 16:36:53,703 basehttp 5928 6328 "GET /builder/api/check-subdomain/?subdomain=jras HTTP/1.1" 200 183
INFO 2026-07-24 16:36:53,729 basehttp 5928 6328 "GET /builder/api/check-subdomain/?subdomain=jras-6oa HTTP/1.1" 200 121
INFO 2026-07-24 16:37:19,674 basehttp 5928 6328 "POST /builder/onboarding/launch-editor/ HTTP/1.1" 200 271
INFO 2026-07-24 16:37:21,035 basehttp 5928 6328 "GET /editor/ModernEcommerce30/jras-6oa/?onboarding=true&brand=JRAS HTTP/1.1" 200 594923
INFO 2026-07-24 16:37:21,208 basehttp 5928 6328 "GET /builder/get-components/ HTTP/1.1" 200 23001
INFO 2026-07-24 16:37:21,524 basehttp 5928 6328 "GET /builder/load-template/ModernEcommerce30/?page=home&edit=jras-6oa HTTP/1.1" 200 104870
INFO 2026-07-24 16:37:21,590 basehttp 5928 9968 "GET /builder/api/color-palettes/?page_subdomain=jras-6oa HTTP/1.1" 200 55061
INFO 2026-07-24 16:37:21,728 basehttp 5928 6328 "GET /builder/api/page-palette/jras-6oa/ HTTP/1.1" 200 161
INFO 2026-07-24 16:37:21,881 basehttp 5928 9968 "GET /builder/api/color-palettes/?page_subdomain=jras-6oa HTTP/1.1" 200 55061
INFO 2026-07-24 16:37:21,952 basehttp 5928 9968 "GET /builder/api/template-color-variables/ModernEcommerce30/ HTTP/1.1" 200 1218
INFO 2026-07-24 16:37:22,096 basehttp 5928 9968 "GET /builder/api/page-palette/jras-6oa/ HTTP/1.1" 200 161
INFO 2026-07-24 16:39:15,389 basehttp 5928 9968 "POST /builder/api/apply-color-palette/jras-6oa/ HTTP/1.1" 200 1128
INFO 2026-07-24 16:39:17,564 basehttp 5928 9968 "POST /builder/api/apply-color-palette/jras-6oa/ HTTP/1.1" 200 1102
INFO 2026-07-24 16:39:21,563 basehttp 5928 9968 "POST /builder/api/apply-color-palette/jras-6oa/ HTTP/1.1" 200 1101
INFO 2026-07-24 16:42:48,321 autoreload 5928 4268 D:\360ExtremeBrowserDownload\Test\venv\src\builder\views.py changed, reloading.
INFO 2026-07-24 16:42:57,217 autoreload 17196 14876 Watching for file changes with StatReloader
INFO 2026-07-24 16:43:10,518 basehttp 17196 3316 "GET /editor/ModernEcommerce30/jras-6oa/?onboarding=true&brand=JRAS HTTP/1.1" 200 594923
INFO 2026-07-24 16:43:10,773 basehttp 17196 3316 "GET /builder/get-components/ HTTP/1.1" 200 23001
WARNING 2026-07-24 16:43:10,905 log 17196 3316 Not Found: /builder/load-template/ModernEcommerce30/
WARNING 2026-07-24 16:43:10,911 basehttp 17196 3316 "GET /builder/load-template/ModernEcommerce30/?page=home&edit=jras-6oa HTTP/1.1" 404 37
INFO 2026-07-24 16:43:10,982 basehttp 17196 3316 "GET /builder/api/page-palette/jras-6oa/ HTTP/1.1" 200 1080
INFO 2026-07-24 16:43:10,993 basehttp 17196 12360 "GET /builder/api/color-palettes/?page_subdomain=jras-6oa HTTP/1.1" 200 55061
INFO 2026-07-24 16:43:11,127 basehttp 17196 12360 "GET /builder/api/color-palettes/?page_subdomain=jras-6oa HTTP/1.1" 200 55061
INFO 2026-07-24 16:43:11,165 basehttp 17196 12360 "GET /builder/api/template-color-variables/ModernEcommerce30/ HTTP/1.1" 200 1218
INFO 2026-07-24 16:43:11,187 basehttp 17196 12360 "GET /builder/api/page-palette/jras-6oa/ HTTP/1.1" 200 1080
WARNING 2026-07-24 16:43:33,803 log 17196 12360 Not Found: /.well-known/appspecific/com.chrome.devtools.json
WARNING 2026-07-24 16:43:33,804 basehttp 17196 12360 "GET /.well-known/appspecific/com.chrome.devtools.json HTTP/1.1" 404 44061
INFO 2026-07-24 16:45:38,640 autoreload 17196 14876 D:\360ExtremeBrowserDownload\Test\venv\src\builder\views.py changed, reloading.
INFO 2026-07-24 16:45:42,093 autoreload 9476 15640 Watching for file changes with StatReloader
INFO 2026-07-24 16:45:44,506 basehttp 9476 13468 "GET /editor/ModernEcommerce30/jras-6oa/?onboarding=true&brand=JRAS HTTP/1.1" 200 594923
WARNING 2026-07-24 16:45:44,690 log 9476 13468 Not Found: /.well-known/appspecific/com.chrome.devtools.json
WARNING 2026-07-24 16:45:44,691 basehttp 9476 13468 "GET /.well-known/appspecific/com.chrome.devtools.json HTTP/1.1" 404 44061
INFO 2026-07-24 16:45:45,046 basehttp 9476 13468 "GET /builder/get-components/ HTTP/1.1" 200 23001
INFO 2026-07-24 16:45:45,386 basehttp 9476 3524 "GET /builder/api/color-palettes/?page_subdomain=jras-6oa HTTP/1.1" 200 55061
INFO 2026-07-24 16:45:46,049 basehttp 9476 13468 "GET /builder/load-template/ModernEcommerce30/?page=home&edit=jras-6oa HTTP/1.1" 200 105153
INFO 2026-07-24 16:45:46,241 basehttp 9476 9020 "GET /builder/api/color-palettes/?page_subdomain=jras-6oa HTTP/1.1" 200 55061
INFO 2026-07-24 16:45:46,364 basehttp 9476 13468 "GET /builder/api/page-palette/jras-6oa/ HTTP/1.1" 200 1080
INFO 2026-07-24 16:45:47,040 basehttp 9476 13468 "GET /builder/api/template-color-variables/ModernEcommerce30/ HTTP/1.1" 200 1218
INFO 2026-07-24 16:45:47,163 basehttp 9476 13468 "GET /builder/api/page-palette/jras-6oa/ HTTP/1.1" 200 1080
INFO 2026-07-24 16:46:15,755 basehttp 9476 15944 "POST /builder/api/apply-color-palette/jras-6oa/ HTTP/1.1" 200 1097
INFO 2026-07-24 16:46:18,740 basehttp 9476 15944 "POST /builder/api/apply-color-palette/jras-6oa/ HTTP/1.1" 200 1102
INFO 2026-07-24 16:48:55,610 autoreload 9476 15640 D:\360ExtremeBrowserDownload\Test\venv\src\builder\views.py changed, reloading.
INFO 2026-07-24 16:49:00,279 autoreload 7932 1600 Watching for file changes with StatReloader
INFO 2026-07-24 16:49:20,282 basehttp 7932 2812 "POST /builder/api/apply-color-palette/jras-6oa/ HTTP/1.1" 200 1097
INFO 2026-07-24 16:49:22,928 basehttp 7932 2812 "POST /builder/api/apply-color-palette/jras-6oa/ HTTP/1.1" 200 1102
INFO 2026-07-24 16:49:25,966 basehttp 7932 2812 "POST /builder/api/apply-color-palette/jras-6oa/ HTTP/1.1" 200 1128
INFO 2026-07-24 16:50:56,387 basehttp 7932 2812 "GET /dashboard/ HTTP/1.1" 200 202827
INFO 2026-07-24 16:51:01,913 basehttp 7932 2812 "GET /editor/ModernEcommerce29/jras-6ys0/ HTTP/1.1" 200 645253
INFO 2026-07-24 16:51:02,451 basehttp 7932 19280 "GET /builder/api/color-palettes/?page_subdomain=jras-6ys0 HTTP/1.1" 200 55049
INFO 2026-07-24 16:51:02,484 basehttp 7932 2812 "GET /builder/get-components/ HTTP/1.1" 200 23001
INFO 2026-07-24 16:51:02,667 basehttp 7932 2812 "GET /builder/load-template/ModernEcommerce29/?page=home&edit=jras-6ys0 HTTP/1.1" 200 74544
INFO 2026-07-24 16:51:02,764 basehttp 7932 15204 "GET /builder/api/color-palettes/?page_subdomain=jras-6ys0 HTTP/1.1" 200 55049
INFO 2026-07-24 16:51:03,193 basehttp 7932 15204 "GET /builder/api/template-color-variables/ModernEcommerce29/ HTTP/1.1" 200 1218
INFO 2026-07-24 16:51:03,229 basehttp 7932 2812 "GET /builder/api/page-palette/jras-6ys0/ HTTP/1.1" 200 155
INFO 2026-07-24 16:51:03,494 basehttp 7932 2812 "GET /builder/api/page-palette/jras-6ys0/ HTTP/1.1" 200 155
INFO 2026-07-24 16:51:53,260 basehttp 7932 2812 "GET /editor/ModernEcommerce30/jras-6oa/ HTTP/1.1" 200 594923
INFO 2026-07-24 16:51:53,433 basehttp 7932 2812 "GET /builder/get-components/ HTTP/1.1" 200 23001
INFO 2026-07-24 16:51:53,553 basehttp 7932 2812 "GET /builder/load-template/ModernEcommerce30/?page=home&edit=jras-6oa HTTP/1.1" 200 87758
INFO 2026-07-24 16:51:53,626 basehttp 7932 2812 "GET /builder/api/page-palette/jras-6oa/ HTTP/1.1" 200 1103
INFO 2026-07-24 16:51:53,636 basehttp 7932 15204 "GET /builder/api/color-palettes/?page_subdomain=jras-6oa HTTP/1.1" 200 55071
INFO 2026-07-24 16:51:53,910 basehttp 7932 15204 "GET /builder/api/color-palettes/?page_subdomain=jras-6oa HTTP/1.1" 200 55071
INFO 2026-07-24 16:51:53,998 basehttp 7932 15204 "GET /builder/api/template-color-variables/ModernEcommerce30/ HTTP/1.1" 200 1218
INFO 2026-07-24 16:51:54,067 basehttp 7932 15204 "GET /builder/api/page-palette/jras-6oa/ HTTP/1.1" 200 1103
INFO 2026-07-24 16:52:09,273 basehttp 7932 15204 "POST /builder/api/apply-color-palette/jras-6oa/ HTTP/1.1" 200 1097
INFO 2026-07-24 16:52:30,962 basehttp 7932 15204 "POST /builder/api/apply-color-palette/jras-6oa/ HTTP/1.1" 200 1101
INFO 2026-07-24 16:52:45,266 basehttp 7932 15204 "POST /builder/api/apply-color-palette/jras-6oa/ HTTP/1.1" 200 1085
INFO 2026-07-24 17:06:59,104 autoreload 13288 6380 Watching for file changes with StatReloader
INFO 2026-07-24 17:07:06,597 basehttp 13288 14160 "GET / HTTP/1.1" 200 100736
INFO 2026-07-24 17:07:07,106 basehttp 13288 14160 "GET /builder/cart/data/jras-g07k/ HTTP/1.1" 200 58
WARNING 2026-07-24 17:07:07,490 log 13288 3668 Not Found: /builder/wishlist/data/jras-g07k/
WARNING 2026-07-24 17:07:07,493 basehttp 13288 3668 "GET /builder/wishlist/data/jras-g07k/ HTTP/1.1" 404 78133
INFO 2026-07-24 17:07:08,424 basehttp 13288 3668 "GET / HTTP/1.1" 200 100736
WARNING 2026-07-24 17:07:08,592 log 13288 14160 Not Found: /builder/wishlist/data/jras-g07k/
WARNING 2026-07-24 17:07:08,598 basehttp 13288 14160 "GET /builder/wishlist/data/jras-g07k/ HTTP/1.1" 404 78133
INFO 2026-07-24 17:07:08,616 basehttp 13288 3668 "GET /builder/cart/data/jras-g07k/ HTTP/1.1" 200 58
INFO 2026-07-24 17:07:13,775 basehttp 13288 6728 "GET / HTTP/1.1" 200 100746
WARNING 2026-07-24 17:07:14,483 log 13288 452 Not Found: /builder/wishlist/data/jras-6ys0/
WARNING 2026-07-24 17:07:14,492 basehttp 13288 452 "GET /builder/wishlist/data/jras-6ys0/ HTTP/1.1" 404 78133
INFO 2026-07-24 17:07:14,767 basehttp 13288 6728 "GET /builder/cart/data/jras-6ys0/ HTTP/1.1" 200 58
INFO 2026-07-24 17:10:17,556 basehttp 13288 13500 "GET /onboarding/ HTTP/1.1" 200 87934
INFO 2026-07-24 17:10:17,627 basehttp 13288 10320 "GET /builder/templates/api/ HTTP/1.1" 200 1183
INFO 2026-07-24 17:10:17,733 basehttp 13288 13500 "GET /builder/api/color-palettes/ HTTP/1.1" 200 55002
INFO 2026-07-24 17:10:25,237 basehttp 13288 13500 "GET /builder/api/check-subdomain/?subdomain=jmax HTTP/1.1" 200 183
INFO 2026-07-24 17:10:25,250 basehttp 13288 13500 "GET /builder/api/check-subdomain/?subdomain=jmax-k82 HTTP/1.1" 200 121
INFO 2026-07-24 17:11:07,716 basehttp 13288 13500 "POST /builder/onboarding/launch-editor/ HTTP/1.1" 200 271
INFO 2026-07-24 17:11:08,963 basehttp 13288 13500 "GET /editor/ModernEcommerce27/jmax-k82/?onboarding=true&brand=JMAX HTTP/1.1" 200 594923
INFO 2026-07-24 17:11:09,203 basehttp 13288 13500 "GET /builder/get-components/ HTTP/1.1" 200 23001
INFO 2026-07-24 17:11:09,301 basehttp 13288 13500 "GET /builder/load-template/ModernEcommerce27/?page=home&edit=jmax-k82 HTTP/1.1" 200 81785
INFO 2026-07-24 17:11:09,363 basehttp 13288 13500 "GET /builder/api/page-palette/jmax-k82/ HTTP/1.1" 200 537
INFO 2026-07-24 17:11:09,408 basehttp 13288 10320 "GET /builder/api/color-palettes/?page_subdomain=jmax-k82 HTTP/1.1" 200 55065
INFO 2026-07-24 17:11:09,682 basehttp 13288 10320 "GET /builder/api/color-palettes/?page_subdomain=jmax-k82 HTTP/1.1" 200 55065
INFO 2026-07-24 17:11:09,987 basehttp 13288 10320 "GET /builder/api/template-color-variables/ModernEcommerce27/ HTTP/1.1" 200 667
INFO 2026-07-24 17:11:10,034 basehttp 13288 10320 "GET /builder/api/page-palette/jmax-k82/ HTTP/1.1" 200 537
INFO 2026-07-24 17:12:58,209 basehttp 13288 10320 "POST /builder/api/apply-color-palette/jmax-k82/ HTTP/1.1" 200 630
INFO 2026-07-24 17:13:06,544 basehttp 13288 10320 "POST /builder/api/apply-color-palette/jmax-k82/ HTTP/1.1" 200 635
INFO 2026-07-24 17:13:09,116 basehttp 13288 10320 "POST /builder/api/apply-color-palette/jmax-k82/ HTTP/1.1" 200 638
INFO 2026-07-24 17:13:13,742 basehttp 13288 10320 "POST /builder/api/apply-color-palette/jmax-k82/ HTTP/1.1" 200 637
INFO 2026-07-24 17:13:21,547 basehttp 13288 10320 "POST /builder/api/apply-color-palette/jmax-k82/ HTTP/1.1" 200 635
INFO 2026-07-24 17:14:30,714 basehttp 13288 10320 "POST /builder/api/apply-color-palette/jmax-k82/ HTTP/1.1" 200 640
INFO 2026-07-24 17:16:24,686 basehttp 13288 10320 "POST /builder/publish/ HTTP/1.1" 200 219
INFO 2026-07-24 17:16:26,609 basehttp 13288 10320 "GET /builder/dashboard/ HTTP/1.1" 200 207118
INFO 2026-07-24 17:16:32,328 basehttp 13288 14480 "GET / HTTP/1.1" 200 121474
INFO 2026-07-24 17:16:32,724 basehttp 13288 14480 "GET /static/builder/js/cart-manager.js HTTP/1.1" 200 36069
INFO 2026-07-24 17:16:33,142 basehttp 13288 14480 "GET /builder/cart/data/jmax-k82/ HTTP/1.1" 200 58
WARNING 2026-07-24 17:16:33,156 log 13288 14000 Not Found: /favicon.ico
WARNING 2026-07-24 17:16:33,158 basehttp 13288 14000 "GET /favicon.ico HTTP/1.1" 404 43922
WARNING 2026-07-24 17:16:33,482 log 13288 13192 Not Found: /builder/wishlist/data/jmax-k82/
WARNING 2026-07-24 17:16:33,484 basehttp 13288 13192 "GET /builder/wishlist/data/jmax-k82/ HTTP/1.1" 404 78128
INFO 2026-07-24 17:16:33,499 basehttp 13288 14480 "GET /builder/cart/data/jmax-k82/ HTTP/1.1" 200 58
INFO 2026-07-24 17:16:47,543 basehttp 13288 10320 "GET /editor/ModernEcommerce27/jmax-k82/ HTTP/1.1" 200 669486
INFO 2026-07-24 17:16:47,716 basehttp 13288 10320 "GET /builder/get-components/ HTTP/1.1" 200 23001
INFO 2026-07-24 17:16:47,769 basehttp 13288 10320 "GET /builder/load-template/ModernEcommerce27/?page=home&edit=jmax-k82 HTTP/1.1" 200 81785
INFO 2026-07-24 17:16:47,828 basehttp 13288 10320 "GET /builder/api/page-palette/jmax-k82/ HTTP/1.1" 200 619
INFO 2026-07-24 17:16:47,909 basehttp 13288 3524 "GET /builder/api/color-palettes/?page_subdomain=jmax-k82 HTTP/1.1" 200 55061
INFO 2026-07-24 17:16:48,121 basehttp 13288 3524 "GET /builder/api/color-palettes/?page_subdomain=jmax-k82 HTTP/1.1" 200 55061
INFO 2026-07-24 17:16:48,391 basehttp 13288 3524 "GET /builder/api/template-color-variables/ModernEcommerce27/ HTTP/1.1" 200 667
INFO 2026-07-24 17:16:48,483 basehttp 13288 3524 "GET /builder/api/page-palette/jmax-k82/ HTTP/1.1" 200 619
INFO 2026-07-24 17:16:52,393 basehttp 13288 14480 "GET / HTTP/1.1" 200 121474
INFO 2026-07-24 17:16:52,907 basehttp 13288 14480 "GET /builder/cart/data/jmax-k82/ HTTP/1.1" 200 58
WARNING 2026-07-24 17:16:53,207 log 13288 13192 Not Found: /builder/wishlist/data/jmax-k82/
WARNING 2026-07-24 17:16:53,210 basehttp 13288 13192 "GET /builder/wishlist/data/jmax-k82/ HTTP/1.1" 404 78128
INFO 2026-07-24 17:16:53,217 basehttp 13288 14480 "GET /builder/cart/data/jmax-k82/ HTTP/1.1" 200 58
WARNING 2026-07-24 17:17:46,908 log 13288 14480 Not Found: /.well-known/appspecific/com.chrome.devtools.json
WARNING 2026-07-24 17:17:46,910 basehttp 13288 14480 "GET /.well-known/appspecific/com.chrome.devtools.json HTTP/1.1" 404 44070
INFO 2026-07-24 17:20:44,632 basehttp 13288 14480 "GET / HTTP/1.1" 200 121480
WARNING 2026-07-24 17:20:44,744 log 13288 14480 Not Found: /.well-known/appspecific/com.chrome.devtools.json
WARNING 2026-07-24 17:20:44,799 basehttp 13288 14480 "GET /.well-known/appspecific/com.chrome.devtools.json HTTP/1.1" 404 44070
WARNING 2026-07-24 17:20:45,889 log 13288 14000 Not Found: /builder/wishlist/data/jmax-k82/
INFO 2026-07-24 17:20:45,891 basehttp 13288 13192 "GET /builder/cart/data/jmax-k82/ HTTP/1.1" 200 58
WARNING 2026-07-24 17:20:45,891 basehttp 13288 14000 "GET /builder/wishlist/data/jmax-k82/ HTTP/1.1" 404 78128
INFO 2026-07-24 17:20:45,928 basehttp 13288 13192 "GET /builder/cart/data/jmax-k82/ HTTP/1.1" 200 58
INFO 2026-07-24 17:21:08,535 basehttp 13288 13192 "GET / HTTP/1.1" 200 121474
INFO 2026-07-24 17:21:08,980 basehttp 13288 13192 "GET /builder/cart/data/jmax-k82/ HTTP/1.1" 200 58
WARNING 2026-07-24 17:21:09,279 log 13288 14000 Not Found: /builder/wishlist/data/jmax-k82/
WARNING 2026-07-24 17:21:09,280 basehttp 13288 14000 "GET /builder/wishlist/data/jmax-k82/ HTTP/1.1" 404 78128
INFO 2026-07-24 17:21:09,297 basehttp 13288 13192 "GET /builder/cart/data/jmax-k82/ HTTP/1.1" 200 58
WARNING 2026-07-24 17:21:15,695 log 13288 13192 Not Found: /.well-known/appspecific/com.chrome.devtools.json
WARNING 2026-07-24 17:21:15,696 basehttp 13288 13192 "GET /.well-known/appspecific/com.chrome.devtools.json HTTP/1.1" 404 44070
INFO 2026-07-24 17:23:42,319 autoreload 13288 6380 D:\360ExtremeBrowserDownload\Test\venv\src\builder\templatetags\style_filters.py changed, reloading.
INFO 2026-07-24 17:23:44,276 autoreload 10712 14696 Watching for file changes with StatReloader
INFO 2026-07-24 17:23:49,537 basehttp 10712 6572 "GET / HTTP/1.1" 200 121474
INFO 2026-07-24 17:23:49,984 basehttp 10712 6572 "GET /builder/cart/data/jmax-k82/ HTTP/1.1" 200 58
WARNING 2026-07-24 17:23:50,387 log 10712 16076 Not Found: /builder/wishlist/data/jmax-k82/
INFO 2026-07-24 17:23:50,388 basehttp 10712 6572 "GET /builder/cart/data/jmax-k82/ HTTP/1.1" 200 58
WARNING 2026-07-24 17:23:50,389 basehttp 10712 16076 "GET /builder/wishlist/data/jmax-k82/ HTTP/1.1" 404 78128
INFO 2026-07-24 17:23:50,858 basehttp 10712 16076 "GET / HTTP/1.1" 200 121474
WARNING 2026-07-24 17:23:51,029 log 10712 6572 Not Found: /builder/wishlist/data/jmax-k82/
INFO 2026-07-24 17:23:51,031 basehttp 10712 16076 "GET /builder/cart/data/jmax-k82/ HTTP/1.1" 200 58
WARNING 2026-07-24 17:23:51,032 basehttp 10712 6572 "GET /builder/wishlist/data/jmax-k82/ HTTP/1.1" 404 78128
INFO 2026-07-24 17:23:51,068 basehttp 10712 16076 "GET /builder/cart/data/jmax-k82/ HTTP/1.1" 200 58
INFO 2026-07-24 17:23:52,088 basehttp 10712 16076 "GET / HTTP/1.1" 200 121474
WARNING 2026-07-24 17:23:52,235 log 10712 6572 Not Found: /builder/wishlist/data/jmax-k82/
WARNING 2026-07-24 17:23:52,237 basehttp 10712 6572 "GET /builder/wishlist/data/jmax-k82/ HTTP/1.1" 404 78128
INFO 2026-07-24 17:23:52,238 basehttp 10712 16076 "GET /builder/cart/data/jmax-k82/ HTTP/1.1" 200 58
INFO 2026-07-24 17:23:52,267 basehttp 10712 16076 "GET /builder/cart/data/jmax-k82/ HTTP/1.1" 200 58
INFO 2026-07-24 17:25:54,128 basehttp 10712 16076 "GET / HTTP/1.1" 200 121563
INFO 2026-07-24 17:25:54,517 basehttp 10712 16076 "GET /builder/cart/data/jmax-k82/ HTTP/1.1" 200 58
WARNING 2026-07-24 17:25:54,857 log 10712 6572 Not Found: /builder/wishlist/data/jmax-k82/
WARNING 2026-07-24 17:25:54,859 basehttp 10712 6572 "GET /builder/wishlist/data/jmax-k82/ HTTP/1.1" 404 78128
INFO 2026-07-24 17:25:54,871 basehttp 10712 16076 "GET /builder/cart/data/jmax-k82/ HTTP/1.1" 200 58
INFO 2026-07-24 17:28:09,632 basehttp 10712 16076 "GET / HTTP/1.1" 200 121635
WARNING 2026-07-24 17:28:10,095 log 10712 6572 Not Found: /builder/wishlist/data/jmax-k82/
WARNING 2026-07-24 17:28:10,099 basehttp 10712 6572 "GET /builder/wishlist/data/jmax-k82/ HTTP/1.1" 404 78128
INFO 2026-07-24 17:28:10,391 basehttp 10712 16076 "GET /builder/cart/data/jmax-k82/ HTTP/1.1" 200 58
INFO 2026-07-24 17:28:10,440 basehttp 10712 16076 "GET /builder/cart/data/jmax-k82/ HTTP/1.1" 200 58
INFO 2026-07-24 17:30:56,880 basehttp 10712 15196 "GET /editor/ModernEcommerce27/jmax-k82/ HTTP/1.1" 200 669486
INFO 2026-07-24 17:30:57,127 basehttp 10712 15196 "GET /builder/get-components/ HTTP/1.1" 200 23001
INFO 2026-07-24 17:30:57,188 basehttp 10712 15196 "GET /builder/load-template/ModernEcommerce27/?page=home&edit=jmax-k82 HTTP/1.1" 200 81845
INFO 2026-07-24 17:30:57,276 basehttp 10712 15196 "GET /builder/api/page-palette/jmax-k82/ HTTP/1.1" 200 619
INFO 2026-07-24 17:30:57,307 basehttp 10712 15396 "GET /builder/api/color-palettes/?page_subdomain=jmax-k82 HTTP/1.1" 200 55061
INFO 2026-07-24 17:30:57,564 basehttp 10712 15396 "GET /builder/api/color-palettes/?page_subdomain=jmax-k82 HTTP/1.1" 200 55061
INFO 2026-07-24 17:30:57,762 basehttp 10712 15396 "GET /builder/api/template-color-variables/ModernEcommerce27/ HTTP/1.1" 200 667
INFO 2026-07-24 17:30:57,831 basehttp 10712 15396 "GET /builder/api/page-palette/jmax-k82/ HTTP/1.1" 200 619
INFO 2026-07-24 17:31:13,275 basehttp 10712 15396 "POST /builder/api/apply-color-palette/jmax-k82/ HTTP/1.1" 200 631
INFO 2026-07-24 17:31:22,670 basehttp 10712 15396 "POST /builder/publish/ HTTP/1.1" 200 219
INFO 2026-07-24 17:31:24,675 basehttp 10712 15396 "GET /builder/dashboard/ HTTP/1.1" 200 208073
INFO 2026-07-24 17:31:27,518 basehttp 10712 16076 "GET / HTTP/1.1" 200 121635
INFO 2026-07-24 17:31:27,978 basehttp 10712 16076 "GET /builder/cart/data/jmax-k82/ HTTP/1.1" 200 58
WARNING 2026-07-24 17:31:28,273 log 10712 6572 Not Found: /builder/wishlist/data/jmax-k82/
WARNING 2026-07-24 17:31:28,282 basehttp 10712 6572 "GET /builder/wishlist/data/jmax-k82/ HTTP/1.1" 404 78128
INFO 2026-07-24 17:31:28,294 basehttp 10712 16076 "GET /builder/cart/data/jmax-k82/ HTTP/1.1" 200 58
INFO 2026-07-24 17:32:36,778 basehttp 10712 15396 "GET /editor/ModernEcommerce27/jmax-k82/ HTTP/1.1" 200 669486
INFO 2026-07-24 17:32:36,957 basehttp 10712 15396 "GET /builder/get-components/ HTTP/1.1" 200 23001
INFO 2026-07-24 17:32:37,018 basehttp 10712 15396 "GET /builder/load-template/ModernEcommerce27/?page=home&edit=jmax-k82 HTTP/1.1" 200 81845
INFO 2026-07-24 17:32:37,122 basehttp 10712 15396 "GET /builder/api/page-palette/jmax-k82/ HTTP/1.1" 200 610
INFO 2026-07-24 17:32:37,175 basehttp 10712 15196 "GET /builder/api/color-palettes/?page_subdomain=jmax-k82 HTTP/1.1" 200 55061
INFO 2026-07-24 17:32:37,452 basehttp 10712 15196 "GET /builder/api/color-palettes/?page_subdomain=jmax-k82 HTTP/1.1" 200 55061
INFO 2026-07-24 17:32:37,682 basehttp 10712 15196 "GET /builder/api/template-color-variables/ModernEcommerce27/ HTTP/1.1" 200 667
INFO 2026-07-24 17:32:37,814 basehttp 10712 15196 "GET /builder/api/page-palette/jmax-k82/ HTTP/1.1" 200 610
INFO 2026-07-24 17:36:47,214 basehttp 10712 15196 "POST /builder/api/apply-color-palette/jmax-k82/ HTTP/1.1" 200 630
INFO 2026-07-24 17:37:25,844 basehttp 10712 9060 "GET / HTTP/1.1" 200 121635
WARNING 2026-07-24 17:37:26,317 log 10712 13760 Not Found: /builder/wishlist/data/jmax-k82/
WARNING 2026-07-24 17:37:26,318 basehttp 10712 13760 "GET /builder/wishlist/data/jmax-k82/ HTTP/1.1" 404 78128
INFO 2026-07-24 17:37:26,618 basehttp 10712 9060 "GET /builder/cart/data/jmax-k82/ HTTP/1.1" 200 58
INFO 2026-07-24 17:37:26,636 basehttp 10712 9060 "GET /builder/cart/data/jmax-k82/ HTTP/1.1" 200 58
WARNING 2026-07-24 17:37:30,268 log 10712 9060 Not Found: /.well-known/appspecific/com.chrome.devtools.json
WARNING 2026-07-24 17:37:30,269 basehttp 10712 9060 "GET /.well-known/appspecific/com.chrome.devtools.json HTTP/1.1" 404 44070
INFO 2026-07-24 17:40:05,672 basehttp 10712 9060 "GET / HTTP/1.1" 200 121635
WARNING 2026-07-24 17:40:05,909 log 10712 9060 Not Found: /.well-known/appspecific/com.chrome.devtools.json
WARNING 2026-07-24 17:40:05,950 basehttp 10712 9060 "GET /.well-known/appspecific/com.chrome.devtools.json HTTP/1.1" 404 44070
INFO 2026-07-24 17:40:06,392 basehttp 10712 13760 "GET /builder/cart/data/jmax-k82/ HTTP/1.1" 200 58
WARNING 2026-07-24 17:40:06,955 log 10712 9060 Not Found: /builder/wishlist/data/jmax-k82/
INFO 2026-07-24 17:40:06,956 basehttp 10712 13760 "GET /builder/cart/data/jmax-k82/ HTTP/1.1" 200 58
WARNING 2026-07-24 17:40:06,957 basehttp 10712 9060 "GET /builder/wishlist/data/jmax-k82/ HTTP/1.1" 404 78128
INFO 2026-07-24 17:42:42,900 basehttp 10712 9060 "GET / HTTP/1.1" 200 121635
WARNING 2026-07-24 17:42:43,058 log 10712 9060 Not Found: /.well-known/appspecific/com.chrome.devtools.json
WARNING 2026-07-24 17:42:43,072 basehttp 10712 9060 "GET /.well-known/appspecific/com.chrome.devtools.json HTTP/1.1" 404 44070
INFO 2026-07-24 17:42:43,658 basehttp 10712 13760 "GET /builder/cart/data/jmax-k82/ HTTP/1.1" 200 58
WARNING 2026-07-24 17:42:44,043 log 10712 9060 Not Found: /builder/wishlist/data/jmax-k82/
WARNING 2026-07-24 17:42:44,047 basehttp 10712 9060 "GET /builder/wishlist/data/jmax-k82/ HTTP/1.1" 404 78128
INFO 2026-07-24 17:42:44,072 basehttp 10712 13760 "GET /builder/cart/data/jmax-k82/ HTTP/1.1" 200 58
INFO 2026-07-24 17:43:28,945 basehttp 10712 13760 "GET / HTTP/1.1" 200 121635
INFO 2026-07-24 17:43:29,510 basehttp 10712 13760 "GET /builder/cart/data/jmax-k82/ HTTP/1.1" 200 58
INFO 2026-07-24 17:43:29,526 basehttp 10712 13760 "GET /builder/cart/data/jmax-k82/ HTTP/1.1" 200 58
WARNING 2026-07-24 17:43:29,889 log 10712 9060 Not Found: /builder/wishlist/data/jmax-k82/
WARNING 2026-07-24 17:43:29,891 basehttp 10712 9060 "GET /builder/wishlist/data/jmax-k82/ HTTP/1.1" 404 78128
INFO 2026-07-24 17:44:10,818 basehttp 10712 6232 "POST /builder/api/apply-color-palette/jmax-k82/ HTTP/1.1" 200 632
INFO 2026-07-24 17:44:17,346 basehttp 10712 6232 "POST /builder/publish/ HTTP/1.1" 200 219
INFO 2026-07-24 17:44:19,368 basehttp 10712 6232 "GET /builder/dashboard/ HTTP/1.1" 200 208073
INFO 2026-07-24 17:44:26,058 basehttp 10712 12612 "GET / HTTP/1.1" 200 121635
WARNING 2026-07-24 17:44:26,570 log 10712 4732 Not Found: /builder/wishlist/data/jmax-k82/
WARNING 2026-07-24 17:44:26,571 basehttp 10712 4732 "GET /builder/wishlist/data/jmax-k82/ HTTP/1.1" 404 78128
INFO 2026-07-24 17:44:26,969 basehttp 10712 12612 "GET /builder/cart/data/jmax-k82/ HTTP/1.1" 200 58
INFO 2026-07-24 17:44:26,994 basehttp 10712 12612 "GET /builder/cart/data/jmax-k82/ HTTP/1.1" 200 58
INFO 2026-07-24 17:45:20,657 basehttp 10712 12612 "GET /shipping-policy/jmax-k82/ HTTP/1.1" 200 28579
INFO 2026-07-24 17:47:05,469 basehttp 10712 18764 "GET / HTTP/1.1" 200 121635
INFO 2026-07-24 17:47:05,999 basehttp 10712 18764 "GET /builder/cart/data/jmax-k82/ HTTP/1.1" 200 58
WARNING 2026-07-24 17:47:06,404 log 10712 15948 Not Found: /builder/wishlist/data/jmax-k82/
WARNING 2026-07-24 17:47:06,408 basehttp 10712 15948 "GET /builder/wishlist/data/jmax-k82/ HTTP/1.1" 404 78128
INFO 2026-07-24 17:47:06,434 basehttp 10712 18764 "GET /builder/cart/data/jmax-k82/ HTTP/1.1" 200 58
INFO 2026-07-24 17:47:20,736 basehttp 10712 6480 "GET / HTTP/1.1" 200 121635
INFO 2026-07-24 17:47:29,241 basehttp 10712 6480 "GET /builder/cart/data/jmax-k82/ HTTP/1.1" 200 58
WARNING 2026-07-24 17:47:29,554 log 10712 2288 Not Found: /builder/wishlist/data/jmax-k82/
WARNING 2026-07-24 17:47:29,559 basehttp 10712 2288 "GET /builder/wishlist/data/jmax-k82/ HTTP/1.1" 404 78128
INFO 2026-07-24 17:47:29,571 basehttp 10712 6480 "GET /builder/cart/data/jmax-k82/ HTTP/1.1" 200 58
INFO 2026-07-24 18:03:31,812 basehttp 10712 19376 "GET /editor/ModernEcommerce27/jmax-k82/ HTTP/1.1" 200 669486
INFO 2026-07-24 18:03:31,985 basehttp 10712 19376 "GET /builder/get-components/ HTTP/1.1" 200 23001
INFO 2026-07-24 18:03:32,053 basehttp 10712 19376 "GET /builder/load-template/ModernEcommerce27/?page=home&edit=jmax-k82 HTTP/1.1" 200 81845
INFO 2026-07-24 18:03:32,126 basehttp 10712 19376 "GET /builder/api/page-palette/jmax-k82/ HTTP/1.1" 200 612
INFO 2026-07-24 18:03:32,194 basehttp 10712 18620 "GET /builder/api/color-palettes/?page_subdomain=jmax-k82 HTTP/1.1" 200 55059
INFO 2026-07-24 18:03:32,394 basehttp 10712 18620 "GET /builder/api/color-palettes/?page_subdomain=jmax-k82 HTTP/1.1" 200 55059
INFO 2026-07-24 18:03:32,616 basehttp 10712 18620 "GET /builder/api/template-color-variables/ModernEcommerce27/ HTTP/1.1" 200 667
INFO 2026-07-24 18:03:32,733 basehttp 10712 18620 "GET /builder/api/page-palette/jmax-k82/ HTTP/1.1" 200 612
INFO 2026-07-24 19:25:20,420 basehttp 10712 12188 "POST /builder/api/apply-color-palette/jmax-k82/ HTTP/1.1" 200 630
INFO 2026-07-24 19:25:22,750 basehttp 10712 12188 "GET /editor/ModernEcommerce27/jmax-k82/ HTTP/1.1" 200 669486
INFO 2026-07-24 19:25:22,966 basehttp 10712 12188 "GET /builder/get-components/ HTTP/1.1" 200 23001
INFO 2026-07-24 19:25:23,021 basehttp 10712 12188 "GET /builder/load-template/ModernEcommerce27/?page=home&edit=jmax-k82 HTTP/1.1" 200 81845
INFO 2026-07-24 19:25:23,097 basehttp 10712 12188 "GET /builder/api/page-palette/jmax-k82/ HTTP/1.1" 200 613
INFO 2026-07-24 19:25:23,152 basehttp 10712 10988 "GET /builder/api/color-palettes/?page_subdomain=jmax-k82 HTTP/1.1" 200 55053
INFO 2026-07-24 19:25:23,354 basehttp 10712 10988 "GET /builder/api/color-palettes/?page_subdomain=jmax-k82 HTTP/1.1" 200 55053
INFO 2026-07-24 19:25:23,510 basehttp 10712 10988 "GET /builder/api/template-color-variables/ModernEcommerce27/ HTTP/1.1" 200 667
INFO 2026-07-24 19:25:23,617 basehttp 10712 10988 "GET /builder/api/page-palette/jmax-k82/ HTTP/1.1" 200 613
INFO 2026-07-24 19:28:30,658 basehttp 10712 10988 "GET /editor/ModernEcommerce27/jmax-k82/ HTTP/1.1" 200 669486
INFO 2026-07-24 19:28:30,898 basehttp 10712 10988 "GET /builder/get-components/ HTTP/1.1" 200 23001
INFO 2026-07-24 19:28:30,972 basehttp 10712 10988 "GET /builder/load-template/ModernEcommerce27/?page=home&edit=jmax-k82 HTTP/1.1" 200 81617
INFO 2026-07-24 19:28:31,049 basehttp 10712 10988 "GET /builder/api/page-palette/jmax-k82/ HTTP/1.1" 200 613
INFO 2026-07-24 19:28:31,085 basehttp 10712 12188 "GET /builder/api/color-palettes/?page_subdomain=jmax-k82 HTTP/1.1" 200 55053
INFO 2026-07-24 19:28:31,297 basehttp 10712 12188 "GET /builder/api/color-palettes/?page_subdomain=jmax-k82 HTTP/1.1" 200 55053
INFO 2026-07-24 19:28:31,452 basehttp 10712 12188 "GET /builder/api/template-color-variables/ModernEcommerce27/ HTTP/1.1" 200 667
INFO 2026-07-24 19:28:31,585 basehttp 10712 12188 "GET /builder/api/page-palette/jmax-k82/ HTTP/1.1" 200 613
INFO 2026-07-24 19:30:02,574 basehttp 10712 12188 "POST /builder/api/apply-color-palette/jmax-k82/ HTTP/1.1" 200 639
INFO 2026-07-24 19:35:03,267 basehttp 10712 6264 "POST /builder/publish/ HTTP/1.1" 200 219
INFO 2026-07-24 19:35:05,223 basehttp 10712 6264 "GET /builder/dashboard/ HTTP/1.1" 200 208073
INFO 2026-07-24 19:35:14,253 basehttp 10712 3996 "GET / HTTP/1.1" 200 121383
WARNING 2026-07-24 19:35:14,868 log 10712 6660 Not Found: /builder/wishlist/data/jmax-k82/
WARNING 2026-07-24 19:35:14,871 basehttp 10712 6660 "GET /builder/wishlist/data/jmax-k82/ HTTP/1.1" 404 78128
INFO 2026-07-24 19:35:15,104 basehttp 10712 3996 "GET /builder/cart/data/jmax-k82/ HTTP/1.1" 200 58
INFO 2026-07-24 19:35:15,170 basehttp 10712 3996 "GET /builder/cart/data/jmax-k82/ HTTP/1.1" 200 58
INFO 2026-07-24 19:36:45,973 basehttp 10712 6264 "GET /editor/ModernEcommerce30/jras-6oa/ HTTP/1.1" 200 594923
INFO 2026-07-24 19:36:46,164 basehttp 10712 6264 "GET /builder/get-components/ HTTP/1.1" 200 23001
INFO 2026-07-24 19:36:46,225 basehttp 10712 6264 "GET /builder/load-template/ModernEcommerce30/?page=home&edit=jras-6oa HTTP/1.1" 200 87758
INFO 2026-07-24 19:36:46,284 basehttp 10712 6264 "GET /builder/api/page-palette/jras-6oa/ HTTP/1.1" 200 1070
INFO 2026-07-24 19:36:46,343 basehttp 10712 8768 "GET /builder/api/color-palettes/?page_subdomain=jras-6oa HTTP/1.1" 200 55049
INFO 2026-07-24 19:36:46,601 basehttp 10712 8768 "GET /builder/api/color-palettes/?page_subdomain=jras-6oa HTTP/1.1" 200 55049
INFO 2026-07-24 19:36:46,707 basehttp 10712 8768 "GET /builder/api/template-color-variables/ModernEcommerce30/ HTTP/1.1" 200 1218
INFO 2026-07-24 19:36:46,783 basehttp 10712 8768 "GET /builder/api/page-palette/jras-6oa/ HTTP/1.1" 200 1070
INFO 2026-07-24 19:37:04,402 basehttp 10712 8768 "POST /builder/api/apply-color-palette/jras-6oa/ HTTP/1.1" 200 1097
INFO 2026-07-24 19:37:27,708 basehttp 10712 8768 "POST /builder/api/apply-color-palette/jras-6oa/ HTTP/1.1" 200 1128
INFO 2026-07-24 19:37:43,066 basehttp 10712 8768 "POST /builder/api/apply-color-palette/jras-6oa/ HTTP/1.1" 200 1090
INFO 2026-07-24 19:37:50,980 basehttp 10712 8768 "POST /builder/api/apply-color-palette/jras-6oa/ HTTP/1.1" 200 1128
INFO 2026-07-24 19:38:28,765 basehttp 10712 8768 "POST /builder/api/apply-color-palette/jras-6oa/ HTTP/1.1" 200 1092
INFO 2026-07-24 19:39:44,363 basehttp 10712 8768 "GET /editor/ModernEcommerce30/jras-6oa/ HTTP/1.1" 200 594923
INFO 2026-07-24 19:39:44,664 basehttp 10712 8768 "GET /builder/get-components/ HTTP/1.1" 200 23001
INFO 2026-07-24 19:39:44,744 basehttp 10712 8768 "GET /builder/load-template/ModernEcommerce30/?page=home&edit=jras-6oa HTTP/1.1" 200 87758
INFO 2026-07-24 19:39:44,827 basehttp 10712 8768 "GET /builder/api/page-palette/jras-6oa/ HTTP/1.1" 200 1072
INFO 2026-07-24 19:39:44,861 basehttp 10712 6264 "GET /builder/api/color-palettes/?page_subdomain=jras-6oa HTTP/1.1" 200 55059
INFO 2026-07-24 19:39:45,102 basehttp 10712 6264 "GET /builder/api/color-palettes/?page_subdomain=jras-6oa HTTP/1.1" 200 55059
INFO 2026-07-24 19:39:45,352 basehttp 10712 6264 "GET /builder/api/template-color-variables/ModernEcommerce30/ HTTP/1.1" 200 1218
INFO 2026-07-24 19:39:45,419 basehttp 10712 6264 "GET /builder/api/page-palette/jras-6oa/ HTTP/1.1" 200 1072
INFO 2026-07-24 19:48:30,031 basehttp 10712 16136 "GET /editor/ModernEcommerce30/jras-6oa/ HTTP/1.1" 200 594923
INFO 2026-07-24 19:48:30,278 basehttp 10712 16136 "GET /builder/get-components/ HTTP/1.1" 200 23001
INFO 2026-07-24 19:48:30,342 basehttp 10712 16136 "GET /builder/load-template/ModernEcommerce30/?page=home&edit=jras-6oa HTTP/1.1" 200 87740
INFO 2026-07-24 19:48:30,396 basehttp 10712 16136 "GET /builder/api/page-palette/jras-6oa/ HTTP/1.1" 200 1072
INFO 2026-07-24 19:48:30,459 basehttp 10712 2696 "GET /builder/api/color-palettes/?page_subdomain=jras-6oa HTTP/1.1" 200 55059
INFO 2026-07-24 19:48:30,724 basehttp 10712 2696 "GET /builder/api/color-palettes/?page_subdomain=jras-6oa HTTP/1.1" 200 55059
INFO 2026-07-24 19:48:30,892 basehttp 10712 2696 "GET /builder/api/template-color-variables/ModernEcommerce30/ HTTP/1.1" 200 1218
INFO 2026-07-24 19:48:30,993 basehttp 10712 2696 "GET /builder/api/page-palette/jras-6oa/ HTTP/1.1" 200 1072
INFO 2026-07-24 19:48:46,794 basehttp 10712 2696 "POST /builder/api/apply-color-palette/jras-6oa/ HTTP/1.1" 200 1097
INFO 2026-07-24 19:49:05,027 basehttp 10712 2696 "POST /builder/api/apply-color-palette/jras-6oa/ HTTP/1.1" 200 1101
INFO 2026-07-24 19:49:23,065 basehttp 10712 2696 "POST /builder/api/apply-color-palette/jras-6oa/ HTTP/1.1" 200 1115
INFO 2026-07-24 20:06:17,703 basehttp 10712 13084 "GET /editor/ModernEcommerce30/jras-6oa/ HTTP/1.1" 200 594923
INFO 2026-07-24 20:06:17,993 basehttp 10712 13084 "GET /builder/get-components/ HTTP/1.1" 200 23001
INFO 2026-07-24 20:06:18,038 basehttp 10712 13084 "GET /builder/load-template/ModernEcommerce30/?page=home&edit=jras-6oa HTTP/1.1" 200 87740
INFO 2026-07-24 20:06:18,094 basehttp 10712 13084 "GET /builder/api/page-palette/jras-6oa/ HTTP/1.1" 200 1094
INFO 2026-07-24 20:06:18,162 basehttp 10712 4600 "GET /builder/api/color-palettes/?page_subdomain=jras-6oa HTTP/1.1" 200 55061
INFO 2026-07-24 20:06:18,572 basehttp 10712 4600 "GET /builder/api/color-palettes/?page_subdomain=jras-6oa HTTP/1.1" 200 55061
INFO 2026-07-24 20:06:18,855 basehttp 10712 4600 "GET /builder/api/template-color-variables/ModernEcommerce30/ HTTP/1.1" 200 1218
INFO 2026-07-24 20:06:18,925 basehttp 10712 4600 "GET /builder/api/page-palette/jras-6oa/ HTTP/1.1" 200 1094
INFO 2026-07-24 20:06:28,759 basehttp 10712 4600 "POST /builder/publish/ HTTP/1.1" 200 219
INFO 2026-07-24 20:06:30,936 basehttp 10712 4600 "GET /builder/dashboard/ HTTP/1.1" 200 208077
INFO 2026-07-24 20:06:38,286 basehttp 10712 1568 "GET / HTTP/1.1" 200 107916
INFO 2026-07-24 20:06:38,931 basehttp 10712 1568 "GET /builder/cart/data/jras-6oa/ HTTP/1.1" 200 58
WARNING 2026-07-24 20:06:39,123 log 10712 13672 Not Found: /favicon.ico
WARNING 2026-07-24 20:06:39,127 basehttp 10712 13672 "GET /favicon.ico HTTP/1.1" 404 43922
WARNING 2026-07-24 20:06:39,235 log 10712 9100 Not Found: /builder/wishlist/data/jras-6oa/
WARNING 2026-07-24 20:06:39,236 basehttp 10712 9100 "GET /builder/wishlist/data/jras-6oa/ HTTP/1.1" 404 78128
INFO 2026-07-25 10:40:36,640 autoreload 8088 14584 Watching for file changes with StatReloader
INFO 2026-07-25 10:40:55,561 basehttp 8088 12120 "GET / HTTP/1.1" 200 52777
WARNING 2026-07-25 10:40:55,903 log 8088 12120 Not Found: /favicon.ico
WARNING 2026-07-25 10:40:55,904 basehttp 8088 12120 "GET /favicon.ico HTTP/1.1" 404 43913
INFO 2026-07-25 10:40:58,858 basehttp 8088 12120 "GET /dashboard/ HTTP/1.1" 200 209033
INFO 2026-07-25 10:41:25,367 basehttp 8088 12120 "GET /editor/ModernEcommerce27/jmax-k82/ HTTP/1.1" 200 669486
INFO 2026-07-25 10:41:25,824 basehttp 8088 16200 "GET /builder/api/color-palettes/?page_subdomain=jmax-k82 HTTP/1.1" 200 55061
INFO 2026-07-25 10:41:25,981 basehttp 8088 12120 "GET /builder/get-components/ HTTP/1.1" 200 23001
INFO 2026-07-25 10:41:30,018 basehttp 8088 1092 "GET /builder/load-template/ModernEcommerce27/?page=home&edit=jmax-k82 HTTP/1.1" 200 81845
INFO 2026-07-25 10:41:30,065 basehttp 8088 1092 "GET /builder/api/page-palette/jmax-k82/ HTTP/1.1" 200 618
INFO 2026-07-25 10:41:30,138 basehttp 8088 2728 "GET /builder/api/color-palettes/?page_subdomain=jmax-k82 HTTP/1.1" 200 55061
INFO 2026-07-25 10:41:30,967 basehttp 8088 2728 "GET /builder/api/template-color-variables/ModernEcommerce27/ HTTP/1.1" 200 667
INFO 2026-07-25 10:41:33,191 basehttp 8088 10636 "GET /builder/api/page-palette/jmax-k82/ HTTP/1.1" 200 618
INFO 2026-07-25 10:41:50,134 basehttp 8088 9652 "POST /builder/api/apply-color-palette/jmax-k82/ HTTP/1.1" 200 630
INFO 2026-07-25 10:41:53,402 basehttp 8088 9652 "POST /builder/api/apply-color-palette/jmax-k82/ HTTP/1.1" 200 650
INFO 2026-07-25 10:42:01,627 basehttp 8088 9652 "POST /builder/api/apply-color-palette/jmax-k82/ HTTP/1.1" 200 630
INFO 2026-07-25 10:42:08,156 basehttp 8088 9652 "POST /builder/api/apply-color-palette/jmax-k82/ HTTP/1.1" 200 635
INFO 2026-07-25 10:42:10,736 basehttp 8088 9652 "POST /builder/api/apply-color-palette/jmax-k82/ HTTP/1.1" 200 619
INFO 2026-07-25 10:42:16,308 basehttp 8088 9652 "POST /builder/api/apply-color-palette/jmax-k82/ HTTP/1.1" 200 635
INFO 2026-07-25 10:42:44,290 basehttp 8088 9652 "POST /builder/api/apply-color-palette/jmax-k82/ HTTP/1.1" 200 635
INFO 2026-07-25 10:42:47,521 basehttp 8088 9652 "POST /builder/api/apply-color-palette/jmax-k82/ HTTP/1.1" 200 633
INFO 2026-07-25 10:42:50,313 basehttp 8088 9652 "POST /builder/api/apply-color-palette/jmax-k82/ HTTP/1.1" 200 631
INFO 2026-07-25 10:43:04,832 basehttp 8088 9652 "GET /editor/ModernEcommerce30/jras-6oa/ HTTP/1.1" 200 664402
INFO 2026-07-25 10:43:06,045 basehttp 8088 9652 "GET /builder/get-components/ HTTP/1.1" 200 23001
INFO 2026-07-25 10:43:06,122 basehttp 8088 9652 "GET /builder/load-template/ModernEcommerce30/?page=home&edit=jras-6oa HTTP/1.1" 200 87740
INFO 2026-07-25 10:43:06,203 basehttp 8088 9652 "GET /builder/api/page-palette/jras-6oa/ HTTP/1.1" 200 1094
INFO 2026-07-25 10:43:06,214 basehttp 8088 15548 "GET /builder/api/color-palettes/?page_subdomain=jras-6oa HTTP/1.1" 200 55061
INFO 2026-07-25 10:43:06,434 basehttp 8088 15548 "GET /builder/api/color-palettes/?page_subdomain=jras-6oa HTTP/1.1" 200 55061
INFO 2026-07-25 10:43:06,575 basehttp 8088 15548 "GET /builder/api/template-color-variables/ModernEcommerce30/ HTTP/1.1" 200 1218
INFO 2026-07-25 10:43:06,614 basehttp 8088 15548 "GET /builder/api/page-palette/jras-6oa/ HTTP/1.1" 200 1094
INFO 2026-07-25 10:43:20,690 basehttp 8088 15548 "GET /editor/ModernEcommerce32/jras-efz4/ HTTP/1.1" 200 594926
INFO 2026-07-25 10:43:20,864 basehttp 8088 15548 "GET /builder/get-components/ HTTP/1.1" 200 23001
INFO 2026-07-25 10:43:20,952 basehttp 8088 15548 "GET /builder/load-template/ModernEcommerce32/?page=home&edit=jras-efz4 HTTP/1.1" 200 61506
INFO 2026-07-25 10:43:21,014 basehttp 8088 9652 "GET /builder/api/color-palettes/?page_subdomain=jras-efz4 HTTP/1.1" 200 55063
INFO 2026-07-25 10:43:21,014 basehttp 8088 15548 "GET /builder/api/page-palette/jras-efz4/ HTTP/1.1" 200 1096
INFO 2026-07-25 10:43:21,216 basehttp 8088 9652 "GET /builder/api/color-palettes/?page_subdomain=jras-efz4 HTTP/1.1" 200 55063
INFO 2026-07-25 10:43:21,627 basehttp 8088 9652 "GET /builder/api/template-color-variables/ModernEcommerce32/ HTTP/1.1" 200 1218
INFO 2026-07-25 10:43:21,678 basehttp 8088 9652 "GET /builder/api/page-palette/jras-efz4/ HTTP/1.1" 200 1096
INFO 2026-07-25 10:43:39,557 basehttp 8088 9652 "GET /editor/ModernEcommerce35/jras-wnt/ HTTP/1.1" 200 594923
INFO 2026-07-25 10:43:39,729 basehttp 8088 9652 "GET /builder/get-components/ HTTP/1.1" 200 23001
INFO 2026-07-25 10:43:39,824 basehttp 8088 9652 "GET /builder/load-template/ModernEcommerce35/?page=home&edit=jras-wnt HTTP/1.1" 200 82967
INFO 2026-07-25 10:43:40,136 basehttp 8088 15548 "GET /builder/api/color-palettes/?page_subdomain=jras-wnt HTTP/1.1" 200 55063
INFO 2026-07-25 10:43:40,548 basehttp 8088 9652 "GET /builder/api/page-palette/jras-wnt/ HTTP/1.1" 200 162
INFO 2026-07-25 10:43:40,744 basehttp 8088 15856 "GET /builder/api/color-palettes/?page_subdomain=jras-wnt HTTP/1.1" 200 55063
INFO 2026-07-25 10:43:40,800 basehttp 8088 15856 "GET /builder/api/template-color-variables/ModernEcommerce35/ HTTP/1.1" 200 1041
INFO 2026-07-25 10:43:40,972 basehttp 8088 15856 "GET /builder/api/page-palette/jras-wnt/ HTTP/1.1" 200 162
INFO 2026-07-25 11:20:29,929 basehttp 8088 18940 "GET /editor/ModernEcommerce27/jmax-k82/ HTTP/1.1" 200 669486
INFO 2026-07-25 11:20:30,111 basehttp 8088 18940 "GET /builder/get-components/ HTTP/1.1" 200 23001
INFO 2026-07-25 11:20:30,184 basehttp 8088 18940 "GET /builder/load-template/ModernEcommerce27/?page=home&edit=jmax-k82 HTTP/1.1" 200 81845
INFO 2026-07-25 11:20:30,246 basehttp 8088 18940 "GET /builder/api/page-palette/jmax-k82/ HTTP/1.1" 200 612
INFO 2026-07-25 11:20:30,273 basehttp 8088 5412 "GET /builder/api/color-palettes/?page_subdomain=jmax-k82 HTTP/1.1" 200 55057
INFO 2026-07-25 11:20:30,554 basehttp 8088 5412 "GET /builder/api/color-palettes/?page_subdomain=jmax-k82 HTTP/1.1" 200 55057
INFO 2026-07-25 11:20:30,830 basehttp 8088 5412 "GET /builder/api/template-color-variables/ModernEcommerce27/ HTTP/1.1" 200 667
INFO 2026-07-25 11:20:30,872 basehttp 8088 5412 "GET /builder/api/page-palette/jmax-k82/ HTTP/1.1" 200 612
INFO 2026-07-25 11:20:45,248 basehttp 8088 5412 "POST /builder/api/apply-color-palette/jmax-k82/ HTTP/1.1" 200 631
INFO 2026-07-25 11:20:48,462 basehttp 8088 5412 "POST /builder/api/apply-color-palette/jmax-k82/ HTTP/1.1" 200 650
INFO 2026-07-25 11:22:11,164 basehttp 8088 5412 "GET /editor/ModernEcommerce27/jmax-k82/ HTTP/1.1" 200 669486
INFO 2026-07-25 11:22:11,421 basehttp 8088 5412 "GET /builder/get-components/ HTTP/1.1" 200 23001
INFO 2026-07-25 11:22:11,550 basehttp 8088 5412 "GET /builder/load-template/ModernEcommerce27/?page=home&edit=jmax-k82 HTTP/1.1" 200 81617
INFO 2026-07-25 11:22:11,622 basehttp 8088 5412 "GET /builder/api/page-palette/jmax-k82/ HTTP/1.1" 200 625
INFO 2026-07-25 11:22:11,635 basehttp 8088 18940 "GET /builder/api/color-palettes/?page_subdomain=jmax-k82 HTTP/1.1" 200 55072
INFO 2026-07-25 11:22:11,880 basehttp 8088 18940 "GET /builder/api/color-palettes/?page_subdomain=jmax-k82 HTTP/1.1" 200 55072
INFO 2026-07-25 11:22:12,397 basehttp 8088 18940 "GET /builder/api/template-color-variables/ModernEcommerce27/ HTTP/1.1" 200 667
INFO 2026-07-25 11:22:12,503 basehttp 8088 18940 "GET /builder/api/page-palette/jmax-k82/ HTTP/1.1" 200 625
INFO 2026-07-25 11:22:28,338 basehttp 8088 18940 "POST /builder/api/apply-color-palette/jmax-k82/ HTTP/1.1" 200 639
INFO 2026-07-25 11:22:37,239 basehttp 8088 18940 "POST /builder/publish/ HTTP/1.1" 200 219
INFO 2026-07-25 11:22:39,176 basehttp 8088 18940 "GET /builder/dashboard/ HTTP/1.1" 200 209033
INFO 2026-07-25 11:22:44,044 basehttp 8088 5848 "GET / HTTP/1.1" 200 121383
INFO 2026-07-25 11:22:44,572 basehttp 8088 5848 "GET /builder/cart/data/jmax-k82/ HTTP/1.1" 200 58
WARNING 2026-07-25 11:22:44,611 log 8088 18812 Not Found: /favicon.ico
WARNING 2026-07-25 11:22:44,614 basehttp 8088 18812 "GET /favicon.ico HTTP/1.1" 404 43922
WARNING 2026-07-25 11:22:45,163 log 8088 6716 Not Found: /builder/wishlist/data/jmax-k82/
WARNING 2026-07-25 11:22:45,167 basehttp 8088 6716 "GET /builder/wishlist/data/jmax-k82/ HTTP/1.1" 404 78128
INFO 2026-07-25 11:22:45,178 basehttp 8088 5848 "GET /builder/cart/data/jmax-k82/ HTTP/1.1" 200 58
INFO 2026-07-25 11:27:47,245 basehttp 8088 12368 "GET /onboarding/ HTTP/1.1" 200 87934
INFO 2026-07-25 11:27:47,333 basehttp 8088 12368 "GET /builder/templates/api/ HTTP/1.1" 200 1183
INFO 2026-07-25 11:27:47,472 basehttp 8088 18784 "GET /builder/api/color-palettes/ HTTP/1.1" 200 55003
INFO 2026-07-25 11:27:56,580 basehttp 8088 18784 "GET /builder/api/check-subdomain/?subdomain=jo HTTP/1.1" 200 115
INFO 2026-07-25 11:27:58,142 basehttp 8088 18784 "GET /builder/api/check-subdomain/?subdomain=jos HTTP/1.1" 200 116
INFO 2026-07-25 11:27:58,572 basehttp 8088 18784 "GET /builder/api/check-subdomain/?subdomain=josa HTTP/1.1" 200 117
INFO 2026-07-25 11:28:00,365 basehttp 8088 18784 "GET /builder/api/check-subdomain/?subdomain=jos HTTP/1.1" 200 116
INFO 2026-07-25 11:28:00,603 basehttp 8088 18784 "GET /builder/api/check-subdomain/?subdomain=jo HTTP/1.1" 200 115
INFO 2026-07-25 11:28:02,318 basehttp 8088 18784 "GET /builder/api/check-subdomain/?subdomain=jo HTTP/1.1" 200 115
INFO 2026-07-25 11:28:02,690 basehttp 8088 18784 "GET /builder/api/check-subdomain/?subdomain=jos HTTP/1.1" 200 116
INFO 2026-07-25 11:28:03,023 basehttp 8088 18784 "GET /builder/api/check-subdomain/?subdomain=josa HTTP/1.1" 200 117
INFO 2026-07-25 11:28:48,485 basehttp 8088 18784 "POST /builder/onboarding/launch-editor/ HTTP/1.1" 200 263
INFO 2026-07-25 11:28:49,564 basehttp 8088 18784 "GET /editor/ModernEcommerce27/josa/?onboarding=true&brand=JOSA HTTP/1.1" 200 594906
INFO 2026-07-25 11:28:49,765 basehttp 8088 18784 "GET /builder/get-components/ HTTP/1.1" 200 23001
INFO 2026-07-25 11:28:49,826 basehttp 8088 18784 "GET /builder/load-template/ModernEcommerce27/?page=home&edit=josa HTTP/1.1" 200 81617
INFO 2026-07-25 11:28:49,870 basehttp 8088 18784 "GET /builder/api/page-palette/josa/ HTTP/1.1" 200 901
INFO 2026-07-25 11:28:49,959 basehttp 8088 12368 "GET /builder/api/color-palettes/?page_subdomain=josa HTTP/1.1" 200 55050
INFO 2026-07-25 11:28:50,173 basehttp 8088 12368 "GET /builder/api/color-palettes/?page_subdomain=josa HTTP/1.1" 200 55050
INFO 2026-07-25 11:28:50,487 basehttp 8088 12368 "GET /builder/api/template-color-variables/ModernEcommerce27/ HTTP/1.1" 200 667
INFO 2026-07-25 11:28:50,576 basehttp 8088 12368 "GET /builder/api/page-palette/josa/ HTTP/1.1" 200 901
INFO 2026-07-25 11:29:21,684 basehttp 8088 12368 "POST /builder/api/apply-color-palette/josa/ HTTP/1.1" 200 631
INFO 2026-07-25 11:29:40,711 basehttp 8088 12368 "POST /builder/publish/ HTTP/1.1" 200 211
INFO 2026-07-25 11:29:42,627 basehttp 8088 12368 "GET /builder/dashboard/ HTTP/1.1" 200 213302
INFO 2026-07-25 11:29:47,203 basehttp 8088 12368 "GET /editor/ModernEcommerce27/josa/ HTTP/1.1" 200 669469
INFO 2026-07-25 11:29:47,448 basehttp 8088 12368 "GET /builder/get-components/ HTTP/1.1" 200 23001
INFO 2026-07-25 11:29:47,576 basehttp 8088 12368 "GET /builder/load-template/ModernEcommerce27/?page=home&edit=josa HTTP/1.1" 200 81617
INFO 2026-07-25 11:29:47,629 basehttp 8088 12368 "GET /builder/api/page-palette/josa/ HTTP/1.1" 200 610
INFO 2026-07-25 11:29:47,769 basehttp 8088 18784 "GET /builder/api/color-palettes/?page_subdomain=josa HTTP/1.1" 200 55062
INFO 2026-07-25 11:29:48,093 basehttp 8088 12368 "GET /builder/api/color-palettes/?page_subdomain=josa HTTP/1.1" 200 55062
INFO 2026-07-25 11:29:48,231 basehttp 8088 12368 "GET /builder/api/template-color-variables/ModernEcommerce27/ HTTP/1.1" 200 667
INFO 2026-07-25 11:29:48,292 basehttp 8088 12368 "GET /builder/api/page-palette/josa/ HTTP/1.1" 200 610
INFO 2026-07-25 11:30:05,647 basehttp 8088 14536 "GET / HTTP/1.1" 200 121363
INFO 2026-07-25 11:30:06,108 basehttp 8088 14536 "GET /static/builder/js/cart-manager.js HTTP/1.1" 200 36069
WARNING 2026-07-25 11:30:06,214 log 8088 9372 Not Found: /favicon.ico
WARNING 2026-07-25 11:30:06,216 basehttp 8088 9372 "GET /favicon.ico HTTP/1.1" 404 43918
INFO 2026-07-25 11:30:06,499 basehttp 8088 14536 "GET /builder/cart/data/josa/ HTTP/1.1" 200 58
WARNING 2026-07-25 11:30:06,771 log 8088 3160 Not Found: /builder/wishlist/data/josa/
WARNING 2026-07-25 11:30:06,777 basehttp 8088 3160 "GET /builder/wishlist/data/josa/ HTTP/1.1" 404 78108
INFO 2026-07-25 11:30:06,787 basehttp 8088 14536 "GET /builder/cart/data/josa/ HTTP/1.1" 200 58
INFO 2026-07-25 11:38:49,748 basehttp 8088 2448 "GET /editor/ModernEcommerce30/jras-6oa/ HTTP/1.1" 200 664402
INFO 2026-07-25 11:38:50,043 basehttp 8088 2448 "GET /builder/get-components/ HTTP/1.1" 200 23001
INFO 2026-07-25 11:38:50,130 basehttp 8088 2448 "GET /builder/load-template/ModernEcommerce30/?page=home&edit=jras-6oa HTTP/1.1" 200 87740
INFO 2026-07-25 11:38:50,229 basehttp 8088 2448 "GET /builder/api/page-palette/jras-6oa/ HTTP/1.1" 200 1094
INFO 2026-07-25 11:38:50,332 basehttp 8088 8184 "GET /builder/api/color-palettes/?page_subdomain=jras-6oa HTTP/1.1" 200 55062
INFO 2026-07-25 11:38:50,631 basehttp 8088 8184 "GET /builder/api/color-palettes/?page_subdomain=jras-6oa HTTP/1.1" 200 55062
INFO 2026-07-25 11:38:50,811 basehttp 8088 8184 "GET /builder/api/template-color-variables/ModernEcommerce30/ HTTP/1.1" 200 1218
INFO 2026-07-25 11:38:50,872 basehttp 8088 8184 "GET /builder/api/page-palette/jras-6oa/ HTTP/1.1" 200 1094
INFO 2026-07-25 11:39:07,521 basehttp 8088 8184 "POST /builder/api/apply-color-palette/jras-6oa/ HTTP/1.1" 200 1128
INFO 2026-07-25 11:39:15,311 basehttp 8088 8184 "POST /builder/api/apply-color-palette/jras-6oa/ HTTP/1.1" 200 1096
INFO 2026-07-25 11:39:24,780 basehttp 8088 8184 "POST /builder/api/apply-color-palette/jras-6oa/ HTTP/1.1" 200 1117
INFO 2026-07-25 11:39:34,958 basehttp 8088 8184 "POST /builder/api/apply-color-palette/jras-6oa/ HTTP/1.1" 200 1103
INFO 2026-07-25 11:39:42,545 basehttp 8088 8184 "POST /builder/api/apply-color-palette/jras-6oa/ HTTP/1.1" 200 1098
INFO 2026-07-25 11:39:55,408 basehttp 8088 8184 "POST /builder/api/apply-color-palette/jras-6oa/ HTTP/1.1" 200 1102
INFO 2026-07-25 11:40:20,197 basehttp 8088 8184 "POST /builder/api/apply-color-palette/jras-6oa/ HTTP/1.1" 200 1090
INFO 2026-07-25 11:40:38,965 basehttp 8088 8184 "POST /builder/api/apply-color-palette/jras-6oa/ HTTP/1.1" 200 1103
INFO 2026-07-25 11:40:58,640 basehttp 8088 8184 "POST /builder/publish/ HTTP/1.1" 200 219
INFO 2026-07-25 11:41:02,474 basehttp 8088 8184 "GET /builder/dashboard/ HTTP/1.1" 200 214258
INFO 2026-07-25 11:41:07,313 basehttp 8088 4520 "GET / HTTP/1.1" 200 107916
WARNING 2026-07-25 11:41:07,891 log 8088 7848 Not Found: /favicon.ico
WARNING 2026-07-25 11:41:07,892 basehttp 8088 7848 "GET /favicon.ico HTTP/1.1" 404 43922
WARNING 2026-07-25 11:41:08,037 log 8088 16452 Not Found: /builder/wishlist/data/jras-6oa/
WARNING 2026-07-25 11:41:08,050 basehttp 8088 16452 "GET /builder/wishlist/data/jras-6oa/ HTTP/1.1" 404 78128
INFO 2026-07-25 11:41:08,320 basehttp 8088 4520 "GET /builder/cart/data/jras-6oa/ HTTP/1.1" 200 58
INFO 2026-07-25 11:41:20,716 basehttp 8088 8184 "GET /editor/ModernEcommerce30/jras-6oa/ HTTP/1.1" 200 664402
INFO 2026-07-25 11:41:20,931 basehttp 8088 8184 "GET /builder/get-components/ HTTP/1.1" 200 23001
INFO 2026-07-25 11:41:20,992 basehttp 8088 8184 "GET /builder/load-template/ModernEcommerce30/?page=home&edit=jras-6oa HTTP/1.1" 200 87740
INFO 2026-07-25 11:41:21,107 basehttp 8088 8184 "GET /builder/api/page-palette/jras-6oa/ HTTP/1.1" 200 1082
INFO 2026-07-25 11:41:21,131 basehttp 8088 2448 "GET /builder/api/color-palettes/?page_subdomain=jras-6oa HTTP/1.1" 200 55062
INFO 2026-07-25 11:41:21,511 basehttp 8088 2448 "GET /builder/api/color-palettes/?page_subdomain=jras-6oa HTTP/1.1" 200 55062
INFO 2026-07-25 11:41:21,739 basehttp 8088 2448 "GET /builder/api/template-color-variables/ModernEcommerce30/ HTTP/1.1" 200 1218
INFO 2026-07-25 11:41:21,784 basehttp 8088 2448 "GET /builder/api/page-palette/jras-6oa/ HTTP/1.1" 200 1082
INFO 2026-07-25 11:41:36,046 basehttp 8088 2448 "POST /builder/api/apply-color-palette/jras-6oa/ HTTP/1.1" 200 1092
INFO 2026-07-25 11:41:45,071 basehttp 8088 2448 "POST /builder/api/apply-color-palette/jras-6oa/ HTTP/1.1" 200 1106
INFO 2026-07-25 11:41:54,292 basehttp 8088 2448 "POST /builder/publish/ HTTP/1.1" 200 219
INFO 2026-07-25 11:41:57,565 basehttp 8088 2448 "GET /builder/dashboard/ HTTP/1.1" 200 214256
INFO 2026-07-25 11:42:06,209 basehttp 8088 4520 "GET / HTTP/1.1" 200 107916
INFO 2026-07-25 11:42:06,594 basehttp 8088 4520 "GET /builder/cart/data/jras-6oa/ HTTP/1.1" 200 58
WARNING 2026-07-25 11:42:06,905 log 8088 16452 Not Found: /builder/wishlist/data/jras-6oa/
WARNING 2026-07-25 11:42:06,907 basehttp 8088 16452 "GET /builder/wishlist/data/jras-6oa/ HTTP/1.1" 404 78128
INFO 2026-07-25 11:42:25,142 basehttp 8088 2448 "GET /editor/ModernEcommerce29/jras-muh/ HTTP/1.1" 200 594923
INFO 2026-07-25 11:42:25,343 basehttp 8088 2448 "GET /builder/get-components/ HTTP/1.1" 200 23001
INFO 2026-07-25 11:42:25,486 basehttp 8088 2448 "GET /builder/load-template/ModernEcommerce29/?page=home&edit=jras-muh HTTP/1.1" 200 74523
INFO 2026-07-25 11:42:25,558 basehttp 8088 8184 "GET /builder/api/color-palettes/?page_subdomain=jras-muh HTTP/1.1" 200 55054
INFO 2026-07-25 11:42:25,865 basehttp 8088 2448 "GET /builder/api/page-palette/jras-muh/ HTTP/1.1" 200 157
INFO 2026-07-25 11:42:26,169 basehttp 8088 8184 "GET /builder/api/color-palettes/?page_subdomain=jras-muh HTTP/1.1" 200 55054
INFO 2026-07-25 11:42:26,350 basehttp 8088 8184 "GET /builder/api/template-color-variables/ModernEcommerce29/ HTTP/1.1" 200 1025
INFO 2026-07-25 11:42:26,941 basehttp 8088 8184 "GET /builder/api/page-palette/jras-muh/ HTTP/1.1" 200 157
INFO 2026-07-25 11:42:46,765 basehttp 8088 8184 "POST /builder/api/apply-color-palette/jras-muh/ HTTP/1.1" 200 940
INFO 2026-07-25 11:42:54,246 basehttp 8088 8184 "POST /builder/publish/ HTTP/1.1" 200 219
INFO 2026-07-25 11:42:56,777 basehttp 8088 8184 "GET /builder/dashboard/ HTTP/1.1" 200 214260
INFO 2026-07-25 11:43:27,316 basehttp 8088 14056 "GET / HTTP/1.1" 200 100872
WARNING 2026-07-25 11:43:27,651 log 8088 660 Not Found: /favicon.ico
WARNING 2026-07-25 11:43:27,653 basehttp 8088 660 "GET /favicon.ico HTTP/1.1" 404 43922
WARNING 2026-07-25 11:43:27,999 log 8088 12448 Not Found: /builder/wishlist/data/jras-muh/
WARNING 2026-07-25 11:43:28,000 basehttp 8088 12448 "GET /builder/wishlist/data/jras-muh/ HTTP/1.1" 404 78128
INFO 2026-07-25 11:43:28,267 basehttp 8088 14056 "GET /builder/cart/data/jras-muh/ HTTP/1.1" 200 58
INFO 2026-07-25 11:47:51,257 basehttp 8088 14056 "GET / HTTP/1.1" 200 100863
INFO 2026-07-25 11:47:51,620 basehttp 8088 14056 "GET /builder/cart/data/jras-muh/ HTTP/1.1" 200 58
WARNING 2026-07-25 11:47:51,975 log 8088 12448 Not Found: /builder/wishlist/data/jras-muh/
WARNING 2026-07-25 11:47:51,978 basehttp 8088 12448 "GET /builder/wishlist/data/jras-muh/ HTTP/1.1" 404 78128
INFO 2026-07-25 11:48:19,978 basehttp 8088 5324 "GET /editor/ModernEcommerce28/jras-mj0/ HTTP/1.1" 200 653005
INFO 2026-07-25 11:48:20,230 basehttp 8088 5324 "GET /builder/get-components/ HTTP/1.1" 200 23001
INFO 2026-07-25 11:48:20,311 basehttp 8088 5324 "GET /builder/load-template/ModernEcommerce28/?page=home&edit=jras-mj0 HTTP/1.1" 200 61902
INFO 2026-07-25 11:48:20,373 basehttp 8088 5324 "GET /builder/api/page-palette/jras-mj0/ HTTP/1.1" 200 1253
INFO 2026-07-25 11:48:20,374 basehttp 8088 16364 "GET /builder/api/color-palettes/?page_subdomain=jras-mj0 HTTP/1.1" 200 55062
INFO 2026-07-25 11:48:20,650 basehttp 8088 16364 "GET /builder/api/color-palettes/?page_subdomain=jras-mj0 HTTP/1.1" 200 55062
INFO 2026-07-25 11:48:20,769 basehttp 8088 16364 "GET /builder/api/template-color-variables/ModernEcommerce28/ HTTP/1.1" 200 1214
INFO 2026-07-25 11:48:20,806 basehttp 8088 16364 "GET /builder/api/page-palette/jras-mj0/ HTTP/1.1" 200 1253
INFO 2026-07-25 11:48:44,731 basehttp 8088 16364 "POST /builder/api/apply-color-palette/jras-mj0/ HTTP/1.1" 200 1126
INFO 2026-07-25 11:49:04,297 basehttp 8088 16364 "POST /builder/api/apply-color-palette/jras-mj0/ HTTP/1.1" 200 1094
INFO 2026-07-25 11:49:10,405 basehttp 8088 13440 "POST /builder/api/apply-color-palette/jras-mj0/ HTTP/1.1" 200 1108
INFO 2026-07-25 11:49:21,757 basehttp 8088 15312 "POST /builder/api/apply-color-palette/jras-mj0/ HTTP/1.1" 200 1100
INFO 2026-07-25 11:51:34,903 basehttp 8088 15312 "GET /editor/ModernEcommerce28/jras-mj0/ HTTP/1.1" 200 653005
INFO 2026-07-25 11:51:35,153 basehttp 8088 15312 "GET /builder/get-components/ HTTP/1.1" 200 23001
INFO 2026-07-25 11:51:35,237 basehttp 8088 15312 "GET /builder/load-template/ModernEcommerce28/?page=home&edit=jras-mj0 HTTP/1.1" 200 61851
INFO 2026-07-25 11:51:35,338 basehttp 8088 15312 "GET /builder/api/page-palette/jras-mj0/ HTTP/1.1" 200 1083
INFO 2026-07-25 11:51:35,413 basehttp 8088 12044 "GET /builder/api/color-palettes/?page_subdomain=jras-mj0 HTTP/1.1" 200 55054
INFO 2026-07-25 11:51:35,746 basehttp 8088 12044 "GET /builder/api/color-palettes/?page_subdomain=jras-mj0 HTTP/1.1" 200 55054
INFO 2026-07-25 11:51:35,915 basehttp 8088 12044 "GET /builder/api/template-color-variables/ModernEcommerce28/ HTTP/1.1" 200 1214
INFO 2026-07-25 11:51:35,988 basehttp 8088 12044 "GET /builder/api/page-palette/jras-mj0/ HTTP/1.1" 200 1083
INFO 2026-07-25 11:51:54,792 basehttp 8088 12044 "POST /builder/api/apply-color-palette/jras-mj0/ HTTP/1.1" 200 1098
INFO 2026-07-25 11:51:58,350 basehttp 8088 12044 "POST /builder/api/apply-color-palette/jras-mj0/ HTTP/1.1" 200 1108
INFO 2026-07-25 11:52:00,839 basehttp 8088 12044 "POST /builder/api/apply-color-palette/jras-mj0/ HTTP/1.1" 200 1079
INFO 2026-07-25 11:52:04,284 basehttp 8088 12044 "POST /builder/api/apply-color-palette/jras-mj0/ HTTP/1.1" 200 1099
INFO 2026-07-25 11:52:06,831 basehttp 8088 12044 "POST /builder/api/apply-color-palette/jras-mj0/ HTTP/1.1" 200 1098
INFO 2026-07-25 11:55:16,821 basehttp 8088 12044 "GET /editor/ModernEcommerce28/jras-mj0/ HTTP/1.1" 200 653005
INFO 2026-07-25 11:55:17,082 basehttp 8088 12044 "GET /builder/get-components/ HTTP/1.1" 200 23001
INFO 2026-07-25 11:55:17,145 basehttp 8088 12044 "GET /builder/load-template/ModernEcommerce28/?page=home&edit=jras-mj0 HTTP/1.1" 200 61892
INFO 2026-07-25 11:55:17,223 basehttp 8088 12044 "GET /builder/api/page-palette/jras-mj0/ HTTP/1.1" 200 1078
INFO 2026-07-25 11:55:17,274 basehttp 8088 15312 "GET /builder/api/color-palettes/?page_subdomain=jras-mj0 HTTP/1.1" 200 55062
INFO 2026-07-25 11:55:17,570 basehttp 8088 15312 "GET /builder/api/color-palettes/?page_subdomain=jras-mj0 HTTP/1.1" 200 55062
INFO 2026-07-25 11:55:17,608 basehttp 8088 15312 "GET /builder/api/template-color-variables/ModernEcommerce28/ HTTP/1.1" 200 1214
INFO 2026-07-25 11:55:17,626 basehttp 8088 15312 "GET /builder/api/page-palette/jras-mj0/ HTTP/1.1" 200 1078
INFO 2026-07-25 11:55:39,102 basehttp 8088 15312 "POST /builder/api/apply-color-palette/jras-mj0/ HTTP/1.1" 200 1100
INFO 2026-07-25 11:55:45,446 basehttp 8088 15312 "POST /builder/api/apply-color-palette/jras-mj0/ HTTP/1.1" 200 1094
INFO 2026-07-25 11:57:25,791 basehttp 8088 15312 "POST /builder/publish/ HTTP/1.1" 200 223
INFO 2026-07-25 11:57:28,043 basehttp 8088 15312 "GET /builder/dashboard/ HTTP/1.1" 200 215214
INFO 2026-07-25 11:57:44,197 basehttp 8088 2096 "GET / HTTP/1.1" 200 114592
INFO 2026-07-25 11:57:44,973 basehttp 8088 2096 "GET /builder/cart/data/jras-mj0/ HTTP/1.1" 200 58
WARNING 2026-07-25 11:57:45,002 log 8088 16500 Not Found: /favicon.ico
WARNING 2026-07-25 11:57:45,003 basehttp 8088 16500 "GET /favicon.ico HTTP/1.1" 404 43922
WARNING 2026-07-25 11:57:45,319 log 8088 14504 Not Found: /builder/wishlist/data/jras-mj0/
WARNING 2026-07-25 11:57:45,320 basehttp 8088 14504 "GET /builder/wishlist/data/jras-mj0/ HTTP/1.1" 404 78128
INFO 2026-07-25 12:00:15,665 basehttp 8088 15312 "GET /editor/ModernEcommerce35/jras-2sx/ HTTP/1.1" 200 594923
INFO 2026-07-25 12:00:15,861 basehttp 8088 15312 "GET /builder/get-components/ HTTP/1.1" 200 23001
INFO 2026-07-25 12:00:15,914 basehttp 8088 15312 "GET /builder/load-template/ModernEcommerce35/?page=home&edit=jras-2sx HTTP/1.1" 200 82967
INFO 2026-07-25 12:00:16,005 basehttp 8088 15312 "GET /builder/api/page-palette/jras-2sx/ HTTP/1.1" 200 928
INFO 2026-07-25 12:00:16,025 basehttp 8088 12044 "GET /builder/api/color-palettes/?page_subdomain=jras-2sx HTTP/1.1" 200 55063
INFO 2026-07-25 12:00:16,227 basehttp 8088 15312 "GET /builder/api/color-palettes/?page_subdomain=jras-2sx HTTP/1.1" 200 55063
INFO 2026-07-25 12:00:16,334 basehttp 8088 15312 "GET /builder/api/template-color-variables/ModernEcommerce35/ HTTP/1.1" 200 1041
INFO 2026-07-25 12:00:16,390 basehttp 8088 15312 "GET /builder/api/page-palette/jras-2sx/ HTTP/1.1" 200 928
INFO 2026-07-25 12:00:25,646 basehttp 8088 15312 "GET /editor/ModernEcommerce35/jras-2sx/ HTTP/1.1" 200 594923
INFO 2026-07-25 12:00:25,824 basehttp 8088 15312 "GET /builder/get-components/ HTTP/1.1" 200 23001
INFO 2026-07-25 12:00:25,874 basehttp 8088 15312 "GET /builder/load-template/ModernEcommerce35/?page=home&edit=jras-2sx HTTP/1.1" 200 82967
INFO 2026-07-25 12:00:25,925 basehttp 8088 15312 "GET /builder/api/page-palette/jras-2sx/ HTTP/1.1" 200 928
INFO 2026-07-25 12:00:26,027 basehttp 8088 12044 "GET /builder/api/color-palettes/?page_subdomain=jras-2sx HTTP/1.1" 200 55063
INFO 2026-07-25 12:00:26,226 basehttp 8088 12044 "GET /builder/api/color-palettes/?page_subdomain=jras-2sx HTTP/1.1" 200 55063
INFO 2026-07-25 12:00:26,306 basehttp 8088 12044 "GET /builder/api/template-color-variables/ModernEcommerce35/ HTTP/1.1" 200 1041
INFO 2026-07-25 12:00:26,373 basehttp 8088 12044 "GET /builder/api/page-palette/jras-2sx/ HTTP/1.1" 200 928
INFO 2026-07-25 12:00:44,634 basehttp 8088 12044 "GET /editor/ModernEcommerce29/jras-bc0/ HTTP/1.1" 200 645248
INFO 2026-07-25 12:00:44,798 basehttp 8088 12044 "GET /builder/get-components/ HTTP/1.1" 200 23001
INFO 2026-07-25 12:00:44,852 basehttp 8088 12044 "GET /builder/load-template/ModernEcommerce29/?page=home&edit=jras-bc0 HTTP/1.1" 200 74523
INFO 2026-07-25 12:00:44,958 basehttp 8088 12044 "GET /builder/api/page-palette/jras-bc0/ HTTP/1.1" 200 1068
INFO 2026-07-25 12:00:45,076 basehttp 8088 15312 "GET /builder/api/color-palettes/?page_subdomain=jras-bc0 HTTP/1.1" 200 55065
INFO 2026-07-25 12:00:45,337 basehttp 8088 15312 "GET /builder/api/color-palettes/?page_subdomain=jras-bc0 HTTP/1.1" 200 55065
INFO 2026-07-25 12:00:45,483 basehttp 8088 15312 "GET /builder/api/template-color-variables/ModernEcommerce29/ HTTP/1.1" 200 1025
INFO 2026-07-25 12:00:45,534 basehttp 8088 15312 "GET /builder/api/page-palette/jras-bc0/ HTTP/1.1" 200 1068
INFO 2026-07-25 12:00:51,947 basehttp 8088 15312 "GET /editor/ModernEcommerce29/jras-bc0/ HTTP/1.1" 200 645248
INFO 2026-07-25 12:00:52,115 basehttp 8088 15312 "GET /builder/get-components/ HTTP/1.1" 200 23001
INFO 2026-07-25 12:00:52,175 basehttp 8088 15312 "GET /builder/load-template/ModernEcommerce29/?page=home&edit=jras-bc0 HTTP/1.1" 200 74523
INFO 2026-07-25 12:00:52,225 basehttp 8088 15312 "GET /builder/api/page-palette/jras-bc0/ HTTP/1.1" 200 1068
INFO 2026-07-25 12:00:52,274 basehttp 8088 12044 "GET /builder/api/color-palettes/?page_subdomain=jras-bc0 HTTP/1.1" 200 55065
INFO 2026-07-25 12:00:52,529 basehttp 8088 12044 "GET /builder/api/color-palettes/?page_subdomain=jras-bc0 HTTP/1.1" 200 55065
INFO 2026-07-25 12:00:52,626 basehttp 8088 12044 "GET /builder/api/template-color-variables/ModernEcommerce29/ HTTP/1.1" 200 1025
INFO 2026-07-25 12:00:52,719 basehttp 8088 12044 "GET /builder/api/page-palette/jras-bc0/ HTTP/1.1" 200 1068
INFO 2026-07-25 12:01:03,599 basehttp 8088 12044 "GET /editor/ModernEcommerce29/jras-bc0/ HTTP/1.1" 200 645248
INFO 2026-07-25 12:01:03,821 basehttp 8088 12044 "GET /builder/get-components/ HTTP/1.1" 200 23001
INFO 2026-07-25 12:01:03,891 basehttp 8088 12044 "GET /builder/load-template/ModernEcommerce29/?page=home&edit=jras-bc0 HTTP/1.1" 200 74523
INFO 2026-07-25 12:01:03,964 basehttp 8088 12044 "GET /builder/api/page-palette/jras-bc0/ HTTP/1.1" 200 1068
INFO 2026-07-25 12:01:04,180 basehttp 8088 15312 "GET /builder/api/color-palettes/?page_subdomain=jras-bc0 HTTP/1.1" 200 55065
INFO 2026-07-25 12:01:04,484 basehttp 8088 15312 "GET /builder/api/color-palettes/?page_subdomain=jras-bc0 HTTP/1.1" 200 55065
INFO 2026-07-25 12:01:04,640 basehttp 8088 15312 "GET /builder/api/template-color-variables/ModernEcommerce29/ HTTP/1.1" 200 1025
INFO 2026-07-25 12:01:04,690 basehttp 8088 15312 "GET /builder/api/page-palette/jras-bc0/ HTTP/1.1" 200 1068
INFO 2026-07-25 12:02:14,471 basehttp 8088 15312 "GET /editor/ModernEcommerce29/jras-bc0/ HTTP/1.1" 200 645248
INFO 2026-07-25 12:02:14,674 basehttp 8088 15312 "GET /builder/get-components/ HTTP/1.1" 200 23001
INFO 2026-07-25 12:02:14,740 basehttp 8088 15312 "GET /builder/load-template/ModernEcommerce29/?page=home&edit=jras-bc0 HTTP/1.1" 200 74564
INFO 2026-07-25 12:02:14,820 basehttp 8088 15312 "GET /builder/api/page-palette/jras-bc0/ HTTP/1.1" 200 1068
INFO 2026-07-25 12:02:15,021 basehttp 8088 12044 "GET /builder/api/color-palettes/?page_subdomain=jras-bc0 HTTP/1.1" 200 55065
INFO 2026-07-25 12:02:15,331 basehttp 8088 15312 "GET /builder/api/color-palettes/?page_subdomain=jras-bc0 HTTP/1.1" 200 55065
INFO 2026-07-25 12:02:15,622 basehttp 8088 15312 "GET /builder/api/template-color-variables/ModernEcommerce29/ HTTP/1.1" 200 1025
INFO 2026-07-25 12:02:15,644 basehttp 8088 15312 "GET /builder/api/page-palette/jras-bc0/ HTTP/1.1" 200 1068
INFO 2026-07-25 12:02:36,524 basehttp 8088 15312 "POST /builder/api/apply-color-palette/jras-bc0/ HTTP/1.1" 200 938
INFO 2026-07-25 12:03:00,247 basehttp 8088 15312 "GET /editor/ModernEcommerce32/jras/ HTTP/1.1" 200 652657
INFO 2026-07-25 12:03:00,448 basehttp 8088 15312 "GET /builder/get-components/ HTTP/1.1" 200 23001
INFO 2026-07-25 12:03:00,510 basehttp 8088 15312 "GET /builder/load-template/ModernEcommerce32/?page=home&edit=jras HTTP/1.1" 200 61506
INFO 2026-07-25 12:03:00,558 basehttp 8088 15312 "GET /builder/api/page-palette/jras/ HTTP/1.1" 200 410
INFO 2026-07-25 12:03:00,573 basehttp 8088 12044 "GET /builder/api/color-palettes/?page_subdomain=jras HTTP/1.1" 200 55063
INFO 2026-07-25 12:03:00,878 basehttp 8088 12044 "GET /builder/api/color-palettes/?page_subdomain=jras HTTP/1.1" 200 55063
INFO 2026-07-25 12:03:00,909 basehttp 8088 12044 "GET /builder/api/template-color-variables/ModernEcommerce32/ HTTP/1.1" 200 1218
INFO 2026-07-25 12:03:00,929 basehttp 8088 12044 "GET /builder/api/page-palette/jras/ HTTP/1.1" 200 410
INFO 2026-07-25 12:05:30,841 basehttp 8088 14108 "GET / HTTP/1.1" 200 96181
WARNING 2026-07-25 12:05:31,270 log 8088 10388 Not Found: /favicon.ico
WARNING 2026-07-25 12:05:31,271 basehttp 8088 10388 "GET /favicon.ico HTTP/1.1" 404 43918
WARNING 2026-07-25 12:05:31,647 log 8088 18372 Not Found: /builder/wishlist/data/jras/
WARNING 2026-07-25 12:05:31,649 basehttp 8088 18372 "GET /builder/wishlist/data/jras/ HTTP/1.1" 404 78108
INFO 2026-07-25 12:05:31,988 basehttp 8088 14108 "GET /builder/cart/data/jras/ HTTP/1.1" 200 58
INFO 2026-07-25 12:05:47,280 basehttp 8088 12044 "GET /editor/ModernEcommerce32/jras/ HTTP/1.1" 200 652657
INFO 2026-07-25 12:05:47,498 basehttp 8088 12044 "GET /builder/get-components/ HTTP/1.1" 200 23001
INFO 2026-07-25 12:05:47,562 basehttp 8088 12044 "GET /builder/load-template/ModernEcommerce32/?page=home&edit=jras HTTP/1.1" 200 61506
INFO 2026-07-25 12:05:47,616 basehttp 8088 12044 "GET /builder/api/page-palette/jras/ HTTP/1.1" 200 410
INFO 2026-07-25 12:05:47,648 basehttp 8088 15312 "GET /builder/api/color-palettes/?page_subdomain=jras HTTP/1.1" 200 55063
INFO 2026-07-25 12:05:47,898 basehttp 8088 15312 "GET /builder/api/color-palettes/?page_subdomain=jras HTTP/1.1" 200 55063
INFO 2026-07-25 12:05:47,929 basehttp 8088 15312 "GET /builder/api/template-color-variables/ModernEcommerce32/ HTTP/1.1" 200 1218
INFO 2026-07-25 12:05:47,947 basehttp 8088 15312 "GET /builder/api/page-palette/jras/ HTTP/1.1" 200 410
INFO 2026-07-25 12:06:31,795 basehttp 8088 14108 "GET / HTTP/1.1" 200 96247
WARNING 2026-07-25 12:06:32,718 log 8088 18372 Not Found: /builder/wishlist/data/jras/
INFO 2026-07-25 12:06:32,720 basehttp 8088 14108 "GET /builder/cart/data/jras/ HTTP/1.1" 200 58
WARNING 2026-07-25 12:06:32,721 basehttp 8088 18372 "GET /builder/wishlist/data/jras/ HTTP/1.1" 404 78108
INFO 2026-07-25 12:06:58,165 basehttp 8088 15312 "GET /editor/ModernEcommerce32/jras/ HTTP/1.1" 200 652657
INFO 2026-07-25 12:06:58,328 basehttp 8088 15312 "GET /builder/get-components/ HTTP/1.1" 200 23001
INFO 2026-07-25 12:06:58,383 basehttp 8088 15312 "GET /builder/load-template/ModernEcommerce32/?page=home&edit=jras HTTP/1.1" 200 61506
INFO 2026-07-25 12:06:58,478 basehttp 8088 15312 "GET /builder/api/page-palette/jras/ HTTP/1.1" 200 410
INFO 2026-07-25 12:06:58,483 basehttp 8088 12044 "GET /builder/api/color-palettes/?page_subdomain=jras HTTP/1.1" 200 55063
INFO 2026-07-25 12:06:58,800 basehttp 8088 12044 "GET /builder/api/color-palettes/?page_subdomain=jras HTTP/1.1" 200 55063
INFO 2026-07-25 12:06:58,859 basehttp 8088 12044 "GET /builder/api/template-color-variables/ModernEcommerce32/ HTTP/1.1" 200 1218
INFO 2026-07-25 12:06:58,892 basehttp 8088 12044 "GET /builder/api/page-palette/jras/ HTTP/1.1" 200 410
INFO 2026-07-25 12:07:11,143 basehttp 8088 12044 "POST /builder/api/apply-color-palette/jras/ HTTP/1.1" 200 1102
INFO 2026-07-25 12:07:13,826 basehttp 8088 12044 "POST /builder/api/apply-color-palette/jras/ HTTP/1.1" 200 1128
INFO 2026-07-25 12:07:16,539 basehttp 8088 12044 "POST /builder/api/apply-color-palette/jras/ HTTP/1.1" 200 1101
INFO 2026-07-25 12:07:23,231 basehttp 8088 12044 "POST /builder/api/apply-color-palette/jras/ HTTP/1.1" 200 1096
INFO 2026-07-25 12:07:26,752 basehttp 8088 12044 "POST /builder/api/apply-color-palette/jras/ HTTP/1.1" 200 1106
INFO 2026-07-25 12:07:52,264 basehttp 8088 12044 "GET /editor/ModernEcommerce34/jmax-qa74/ HTTP/1.1" 200 595580
INFO 2026-07-25 12:07:52,488 basehttp 8088 12044 "GET /builder/get-components/ HTTP/1.1" 200 23001
INFO 2026-07-25 12:07:52,600 basehttp 8088 12044 "GET /builder/load-template/ModernEcommerce34/?page=home&edit=jmax-qa74 HTTP/1.1" 200 76865
INFO 2026-07-25 12:07:52,675 basehttp 8088 12044 "GET /builder/api/page-palette/jmax-qa74/ HTTP/1.1" 200 305
INFO 2026-07-25 12:07:52,675 basehttp 8088 15312 "GET /builder/api/color-palettes/?page_subdomain=jmax-qa74 HTTP/1.1" 200 55064
INFO 2026-07-25 12:07:52,874 basehttp 8088 12044 "GET /builder/api/color-palettes/?page_subdomain=jmax-qa74 HTTP/1.1" 200 55064
INFO 2026-07-25 12:07:53,302 basehttp 8088 12044 "GET /builder/api/template-color-variables/ModernEcommerce34/ HTTP/1.1" 200 1041
INFO 2026-07-25 12:07:53,330 basehttp 8088 12044 "GET /builder/api/page-palette/jmax-qa74/ HTTP/1.1" 200 305
INFO 2026-07-25 12:08:10,575 basehttp 8088 12044 "POST /builder/api/apply-color-palette/jmax-qa74/ HTTP/1.1" 200 951
INFO 2026-07-25 12:08:21,322 basehttp 8088 12044 "POST /builder/api/apply-color-palette/jmax-qa74/ HTTP/1.1" 200 950
INFO 2026-07-25 12:08:26,657 basehttp 8088 12044 "POST /builder/api/apply-color-palette/jmax-qa74/ HTTP/1.1" 200 954
INFO 2026-07-25 12:11:09,554 basehttp 8088 12044 "GET /editor/ModernEcommerce31/jmax-shop/ HTTP/1.1" 200 595584
INFO 2026-07-25 12:11:09,756 basehttp 8088 12044 "GET /builder/get-components/ HTTP/1.1" 200 23001
INFO 2026-07-25 12:11:09,856 basehttp 8088 12044 "GET /builder/load-template/ModernEcommerce31/?page=home&edit=jmax-shop HTTP/1.1" 200 88805
INFO 2026-07-25 12:11:09,938 basehttp 8088 15312 "GET /builder/api/color-palettes/?page_subdomain=jmax-shop HTTP/1.1" 200 55005
INFO 2026-07-25 12:11:09,942 basehttp 8088 12044 "GET /builder/api/page-palette/jmax-shop/ HTTP/1.1" 200 31
INFO 2026-07-25 12:11:10,223 basehttp 8088 15312 "GET /builder/api/color-palettes/?page_subdomain=jmax-shop HTTP/1.1" 200 55005
INFO 2026-07-25 12:11:10,304 basehttp 8088 15312 "GET /builder/api/template-color-variables/ModernEcommerce31/ HTTP/1.1" 200 1046
INFO 2026-07-25 12:11:10,328 basehttp 8088 15312 "GET /builder/api/page-palette/jmax-shop/ HTTP/1.1" 200 31
INFO 2026-07-25 19:20:19,578 basehttp 8088 11060 "GET /editor/ModernEcommerce31/jmax-shop/ HTTP/1.1" 200 595584
INFO 2026-07-25 19:20:19,806 basehttp 8088 11060 "GET /builder/get-components/ HTTP/1.1" 200 23001
INFO 2026-07-25 19:20:19,870 basehttp 8088 11060 "GET /builder/load-template/ModernEcommerce31/?page=home&edit=jmax-shop HTTP/1.1" 200 88805
INFO 2026-07-25 19:20:19,923 basehttp 8088 11060 "GET /builder/api/page-palette/jmax-shop/ HTTP/1.1" 200 31
INFO 2026-07-25 19:20:20,052 basehttp 8088 1348 "GET /builder/api/color-palettes/?page_subdomain=jmax-shop HTTP/1.1" 200 55005
INFO 2026-07-25 19:20:20,256 basehttp 8088 11060 "GET /builder/api/color-palettes/?page_subdomain=jmax-shop HTTP/1.1" 200 55005
INFO 2026-07-25 19:20:20,309 basehttp 8088 11060 "GET /builder/api/template-color-variables/ModernEcommerce31/ HTTP/1.1" 200 1046
INFO 2026-07-25 19:20:20,324 basehttp 8088 11060 "GET /builder/api/page-palette/jmax-shop/ HTTP/1.1" 200 31
INFO 2026-07-25 19:20:29,129 basehttp 8088 11060 "GET /editor/ModernEcommerce31/jmax-shop/ HTTP/1.1" 200 595584
INFO 2026-07-25 19:20:29,299 basehttp 8088 11060 "GET /builder/get-components/ HTTP/1.1" 200 23001
INFO 2026-07-25 19:20:29,349 basehttp 8088 11060 "GET /builder/load-template/ModernEcommerce31/?page=home&edit=jmax-shop HTTP/1.1" 200 88805
INFO 2026-07-25 19:20:29,399 basehttp 8088 11060 "GET /builder/api/page-palette/jmax-shop/ HTTP/1.1" 200 31
INFO 2026-07-25 19:20:29,501 basehttp 8088 1348 "GET /builder/api/color-palettes/?page_subdomain=jmax-shop HTTP/1.1" 200 55005
INFO 2026-07-25 19:20:29,666 basehttp 8088 1348 "GET /builder/api/color-palettes/?page_subdomain=jmax-shop HTTP/1.1" 200 55005
INFO 2026-07-25 19:20:29,697 basehttp 8088 1348 "GET /builder/api/template-color-variables/ModernEcommerce31/ HTTP/1.1" 200 1046
INFO 2026-07-25 19:20:29,714 basehttp 8088 1348 "GET /builder/api/page-palette/jmax-shop/ HTTP/1.1" 200 31
INFO 2026-07-25 19:23:12,549 basehttp 8088 1348 "GET /editor/ModernEcommerce34/crayon/ HTTP/1.1" 200 595574
INFO 2026-07-25 19:23:12,745 basehttp 8088 1348 "GET /builder/get-components/ HTTP/1.1" 200 23001
INFO 2026-07-25 19:23:12,868 basehttp 8088 1348 "GET /builder/load-template/ModernEcommerce34/?page=home&edit=crayon HTTP/1.1" 200 76865
INFO 2026-07-25 19:23:12,925 basehttp 8088 1348 "GET /builder/api/page-palette/crayon/ HTTP/1.1" 200 31
INFO 2026-07-25 19:23:12,942 basehttp 8088 11060 "GET /builder/api/color-palettes/?page_subdomain=crayon HTTP/1.1" 200 55005
INFO 2026-07-25 19:23:13,232 basehttp 8088 11060 "GET /builder/api/color-palettes/?page_subdomain=crayon HTTP/1.1" 200 55005
INFO 2026-07-25 19:23:13,592 basehttp 8088 11060 "GET /builder/api/template-color-variables/ModernEcommerce34/ HTTP/1.1" 200 1041
INFO 2026-07-25 19:23:13,607 basehttp 8088 11060 "GET /builder/api/page-palette/crayon/ HTTP/1.1" 200 31
INFO 2026-07-25 19:23:22,379 basehttp 8088 11060 "GET /editor/ModernEcommerce28/jmax-06ov/ HTTP/1.1" 200 595124
INFO 2026-07-25 19:23:22,566 basehttp 8088 11060 "GET /builder/get-components/ HTTP/1.1" 200 23001
INFO 2026-07-25 19:23:22,614 basehttp 8088 11060 "GET /builder/load-template/ModernEcommerce28/?page=home&edit=jmax-06ov HTTP/1.1" 200 61892
INFO 2026-07-25 19:23:22,676 basehttp 8088 11060 "GET /builder/api/page-palette/jmax-06ov/ HTTP/1.1" 200 676
INFO 2026-07-25 19:23:22,890 basehttp 8088 1348 "GET /builder/api/color-palettes/?page_subdomain=jmax-06ov HTTP/1.1" 200 55064
INFO 2026-07-25 19:23:23,155 basehttp 8088 1348 "GET /builder/api/color-palettes/?page_subdomain=jmax-06ov HTTP/1.1" 200 55064
INFO 2026-07-25 19:23:23,264 basehttp 8088 1348 "GET /builder/api/template-color-variables/ModernEcommerce28/ HTTP/1.1" 200 1214
INFO 2026-07-25 19:23:23,316 basehttp 8088 1348 "GET /builder/api/page-palette/jmax-06ov/ HTTP/1.1" 200 676
INFO 2026-07-25 19:23:53,826 basehttp 8088 1348 "GET /editor/ModernEcommerce32/jmax-pgoc/ HTTP/1.1" 200 654293
INFO 2026-07-25 19:23:54,029 basehttp 8088 1348 "GET /builder/get-components/ HTTP/1.1" 200 23001
INFO 2026-07-25 19:23:54,175 basehttp 8088 1348 "GET /builder/load-template/ModernEcommerce32/?page=home&edit=jmax-pgoc HTTP/1.1" 200 61506
INFO 2026-07-25 19:23:54,217 basehttp 8088 11060 "GET /builder/api/color-palettes/?page_subdomain=jmax-pgoc HTTP/1.1" 200 55064
INFO 2026-07-25 19:23:54,229 basehttp 8088 1348 "GET /builder/api/page-palette/jmax-pgoc/ HTTP/1.1" 200 409
INFO 2026-07-25 19:23:54,498 basehttp 8088 11060 "GET /builder/api/color-palettes/?page_subdomain=jmax-pgoc HTTP/1.1" 200 55064
INFO 2026-07-25 19:23:54,606 basehttp 8088 11060 "GET /builder/api/template-color-variables/ModernEcommerce32/ HTTP/1.1" 200 1218
INFO 2026-07-25 19:23:54,645 basehttp 8088 11060 "GET /builder/api/page-palette/jmax-pgoc/ HTTP/1.1" 200 409
INFO 2026-07-25 19:28:59,777 basehttp 8088 7648 "GET /editor/ModernEcommerce32/jmax-pgoc/ HTTP/1.1" 200 654293
INFO 2026-07-25 19:29:00,073 basehttp 8088 7648 "GET /builder/get-components/ HTTP/1.1" 200 23001
INFO 2026-07-25 19:29:00,167 basehttp 8088 7648 "GET /builder/load-template/ModernEcommerce32/?page=home&edit=jmax-pgoc HTTP/1.1" 200 61506
INFO 2026-07-25 19:29:00,228 basehttp 8088 7648 "GET /builder/api/page-palette/jmax-pgoc/ HTTP/1.1" 200 409
INFO 2026-07-25 19:29:00,296 basehttp 8088 17120 "GET /builder/api/color-palettes/?page_subdomain=jmax-pgoc HTTP/1.1" 200 55064
INFO 2026-07-25 19:29:00,543 basehttp 8088 7648 "GET /builder/api/color-palettes/?page_subdomain=jmax-pgoc HTTP/1.1" 200 55064
INFO 2026-07-25 19:29:00,628 basehttp 8088 7648 "GET /builder/api/template-color-variables/ModernEcommerce32/ HTTP/1.1" 200 1218
INFO 2026-07-25 19:29:00,847 basehttp 8088 7648 "GET /builder/api/page-palette/jmax-pgoc/ HTTP/1.1" 200 409
INFO 2026-07-25 19:34:29,007 basehttp 8088 17676 "GET /editor/ModernEcommerce32/jmax-pgoc/ HTTP/1.1" 200 654293
INFO 2026-07-25 19:34:29,216 basehttp 8088 17676 "GET /builder/get-components/ HTTP/1.1" 200 23001
INFO 2026-07-25 19:34:29,302 basehttp 8088 17676 "GET /builder/load-template/ModernEcommerce32/?page=home&edit=jmax-pgoc HTTP/1.1" 200 64617
INFO 2026-07-25 19:34:29,365 basehttp 8088 17676 "GET /builder/api/page-palette/jmax-pgoc/ HTTP/1.1" 200 409
INFO 2026-07-25 19:34:29,384 basehttp 8088 17244 "GET /builder/api/color-palettes/?page_subdomain=jmax-pgoc HTTP/1.1" 200 55064
INFO 2026-07-25 19:34:29,648 basehttp 8088 17244 "GET /builder/api/color-palettes/?page_subdomain=jmax-pgoc HTTP/1.1" 200 55064
INFO 2026-07-25 19:34:29,683 basehttp 8088 17244 "GET /builder/api/template-color-variables/ModernEcommerce32/ HTTP/1.1" 200 1218
INFO 2026-07-25 19:34:29,704 basehttp 8088 17244 "GET /builder/api/page-palette/jmax-pgoc/ HTTP/1.1" 200 409
INFO 2026-07-25 19:37:09,042 basehttp 8088 11812 "GET /editor/ModernEcommerce32/jmax-pgoc/ HTTP/1.1" 200 654293
INFO 2026-07-25 19:37:09,274 basehttp 8088 11812 "GET /builder/get-components/ HTTP/1.1" 200 23001
INFO 2026-07-25 19:37:09,373 basehttp 8088 11812 "GET /builder/load-template/ModernEcommerce32/?page=home&edit=jmax-pgoc HTTP/1.1" 200 64617
INFO 2026-07-25 19:37:09,442 basehttp 8088 11812 "GET /builder/api/page-palette/jmax-pgoc/ HTTP/1.1" 200 409
INFO 2026-07-25 19:37:09,463 basehttp 8088 15080 "GET /builder/api/color-palettes/?page_subdomain=jmax-pgoc HTTP/1.1" 200 55064
INFO 2026-07-25 19:37:09,747 basehttp 8088 15080 "GET /builder/api/color-palettes/?page_subdomain=jmax-pgoc HTTP/1.1" 200 55064
INFO 2026-07-25 19:37:09,791 basehttp 8088 15080 "GET /builder/api/template-color-variables/ModernEcommerce32/ HTTP/1.1" 200 1218
INFO 2026-07-25 19:37:09,818 basehttp 8088 15080 "GET /builder/api/page-palette/jmax-pgoc/ HTTP/1.1" 200 409
INFO 2026-07-25 19:39:03,685 basehttp 8088 15080 "GET /editor/ModernEcommerce32/jmax-pgoc/ HTTP/1.1" 200 654293
INFO 2026-07-25 19:39:04,141 basehttp 8088 11812 "GET /builder/api/color-palettes/?page_subdomain=jmax-pgoc HTTP/1.1" 200 55064
INFO 2026-07-25 19:39:04,284 basehttp 8088 15080 "GET /builder/get-components/ HTTP/1.1" 200 23001
INFO 2026-07-25 19:39:04,333 basehttp 8088 15080 "GET /builder/load-template/ModernEcommerce32/?page=home&edit=jmax-pgoc HTTP/1.1" 200 64612
INFO 2026-07-25 19:39:04,413 basehttp 8088 15080 "GET /builder/api/page-palette/jmax-pgoc/ HTTP/1.1" 200 409
INFO 2026-07-25 19:39:04,564 basehttp 8088 15744 "GET /builder/api/color-palettes/?page_subdomain=jmax-pgoc HTTP/1.1" 200 55064
INFO 2026-07-25 19:39:04,682 basehttp 8088 15744 "GET /builder/api/template-color-variables/ModernEcommerce32/ HTTP/1.1" 200 1218
INFO 2026-07-25 19:39:04,714 basehttp 8088 15744 "GET /builder/api/page-palette/jmax-pgoc/ HTTP/1.1" 200 409
INFO 2026-07-25 19:39:37,817 basehttp 8088 15744 "GET /editor/ModernEcommerce32/jmax-pgoc/ HTTP/1.1" 200 654293
INFO 2026-07-25 19:39:38,002 basehttp 8088 15744 "GET /builder/get-components/ HTTP/1.1" 200 23001
INFO 2026-07-25 19:39:38,067 basehttp 8088 15744 "GET /builder/load-template/ModernEcommerce32/?page=home&edit=jmax-pgoc HTTP/1.1" 200 64604
INFO 2026-07-25 19:39:38,148 basehttp 8088 15744 "GET /builder/api/page-palette/jmax-pgoc/ HTTP/1.1" 200 409
INFO 2026-07-25 19:39:38,188 basehttp 8088 15080 "GET /builder/api/color-palettes/?page_subdomain=jmax-pgoc HTTP/1.1" 200 55064
INFO 2026-07-25 19:39:38,465 basehttp 8088 15080 "GET /builder/api/color-palettes/?page_subdomain=jmax-pgoc HTTP/1.1" 200 55064
INFO 2026-07-25 19:39:38,535 basehttp 8088 15080 "GET /builder/api/template-color-variables/ModernEcommerce32/ HTTP/1.1" 200 1218
INFO 2026-07-25 19:39:38,579 basehttp 8088 15080 "GET /builder/api/page-palette/jmax-pgoc/ HTTP/1.1" 200 409
INFO 2026-07-25 19:41:01,942 basehttp 8088 15080 "GET /editor/ModernEcommerce32/jmax-pgoc/ HTTP/1.1" 200 654293
INFO 2026-07-25 19:41:02,240 basehttp 8088 15080 "GET /builder/get-components/ HTTP/1.1" 200 23001
INFO 2026-07-25 19:41:02,349 basehttp 8088 15080 "GET /builder/load-template/ModernEcommerce32/?page=home&edit=jmax-pgoc HTTP/1.1" 200 64617
INFO 2026-07-25 19:41:02,427 basehttp 8088 15744 "GET /builder/api/color-palettes/?page_subdomain=jmax-pgoc HTTP/1.1" 200 55064
INFO 2026-07-25 19:41:02,474 basehttp 8088 15080 "GET /builder/api/page-palette/jmax-pgoc/ HTTP/1.1" 200 409
INFO 2026-07-25 19:41:02,826 basehttp 8088 15744 "GET /builder/api/color-palettes/?page_subdomain=jmax-pgoc HTTP/1.1" 200 55064
INFO 2026-07-25 19:41:03,028 basehttp 8088 15744 "GET /builder/api/template-color-variables/ModernEcommerce32/ HTTP/1.1" 200 1218
INFO 2026-07-25 19:41:03,094 basehttp 8088 15744 "GET /builder/api/page-palette/jmax-pgoc/ HTTP/1.1" 200 409
INFO 2026-07-25 19:41:15,144 basehttp 8088 15744 "POST /builder/api/apply-color-palette/jmax-pgoc/ HTTP/1.1" 200 1097
INFO 2026-07-25 19:45:26,908 basehttp 8088 15744 "GET /editor/ModernEcommerce32/jmax-pgoc/ HTTP/1.1" 200 654293
INFO 2026-07-25 19:45:27,126 basehttp 8088 15744 "GET /builder/get-components/ HTTP/1.1" 200 23001
INFO 2026-07-25 19:45:27,204 basehttp 8088 15744 "GET /builder/load-template/ModernEcommerce32/?page=home&edit=jmax-pgoc HTTP/1.1" 200 64636
INFO 2026-07-25 19:45:27,262 basehttp 8088 15744 "GET /builder/api/page-palette/jmax-pgoc/ HTTP/1.1" 200 1076
INFO 2026-07-25 19:45:27,295 basehttp 8088 15080 "GET /builder/api/color-palettes/?page_subdomain=jmax-pgoc HTTP/1.1" 200 55064
INFO 2026-07-25 19:45:27,542 basehttp 8088 15080 "GET /builder/api/color-palettes/?page_subdomain=jmax-pgoc HTTP/1.1" 200 55064
INFO 2026-07-25 19:45:27,587 basehttp 8088 15080 "GET /builder/api/template-color-variables/ModernEcommerce32/ HTTP/1.1" 200 1218
INFO 2026-07-25 19:45:27,610 basehttp 8088 15080 "GET /builder/api/page-palette/jmax-pgoc/ HTTP/1.1" 200 1076
INFO 2026-07-25 19:45:54,877 basehttp 8088 15080 "GET /editor/ModernEcommerce32/jmax-pgoc/ HTTP/1.1" 200 654293
INFO 2026-07-25 19:45:55,059 basehttp 8088 15080 "GET /builder/get-components/ HTTP/1.1" 200 23001
INFO 2026-07-25 19:45:55,123 basehttp 8088 15080 "GET /builder/load-template/ModernEcommerce32/?page=home&edit=jmax-pgoc HTTP/1.1" 200 64644
INFO 2026-07-25 19:45:55,179 basehttp 8088 15080 "GET /builder/api/page-palette/jmax-pgoc/ HTTP/1.1" 200 1076
INFO 2026-07-25 19:45:55,215 basehttp 8088 15744 "GET /builder/api/color-palettes/?page_subdomain=jmax-pgoc HTTP/1.1" 200 55064
INFO 2026-07-25 19:45:55,443 basehttp 8088 15744 "GET /builder/api/color-palettes/?page_subdomain=jmax-pgoc HTTP/1.1" 200 55064
INFO 2026-07-25 19:45:55,508 basehttp 8088 15744 "GET /builder/api/template-color-variables/ModernEcommerce32/ HTTP/1.1" 200 1218
INFO 2026-07-25 19:45:55,529 basehttp 8088 15744 "GET /builder/api/page-palette/jmax-pgoc/ HTTP/1.1" 200 1076
INFO 2026-07-25 19:46:58,302 basehttp 8088 15744 "GET /editor/ModernEcommerce34/test8/ HTTP/1.1" 200 641609
INFO 2026-07-25 19:46:58,574 basehttp 8088 15744 "GET /builder/get-components/ HTTP/1.1" 200 23001
INFO 2026-07-25 19:46:58,635 basehttp 8088 15744 "GET /builder/load-template/ModernEcommerce34/?page=home&edit=test8 HTTP/1.1" 200 76865
INFO 2026-07-25 19:46:58,723 basehttp 8088 15744 "GET /builder/api/page-palette/test8/ HTTP/1.1" 200 31
INFO 2026-07-25 19:46:58,756 basehttp 8088 15080 "GET /builder/api/color-palettes/?page_subdomain=test8 HTTP/1.1" 200 55005
INFO 2026-07-25 19:46:58,983 basehttp 8088 15080 "GET /builder/api/color-palettes/?page_subdomain=test8 HTTP/1.1" 200 55005
INFO 2026-07-25 19:46:59,032 basehttp 8088 15080 "GET /builder/api/template-color-variables/ModernEcommerce34/ HTTP/1.1" 200 1041
INFO 2026-07-25 19:46:59,053 basehttp 8088 15080 "GET /builder/api/page-palette/test8/ HTTP/1.1" 200 31
INFO 2026-07-25 20:00:18,488 basehttp 8088 18936 "GET /editor/ModernEcommerce35/jimmy/ HTTP/1.1" 200 595567
INFO 2026-07-25 20:00:18,688 basehttp 8088 18936 "GET /builder/get-components/ HTTP/1.1" 200 23001
INFO 2026-07-25 20:00:18,739 basehttp 8088 18936 "GET /builder/load-template/ModernEcommerce35/?page=home&edit=jimmy HTTP/1.1" 200 82967
INFO 2026-07-25 20:00:18,786 basehttp 8088 18936 "GET /builder/api/page-palette/jimmy/ HTTP/1.1" 200 31
INFO 2026-07-25 20:00:18,837 basehttp 8088 19312 "GET /builder/api/color-palettes/?page_subdomain=jimmy HTTP/1.1" 200 55005
INFO 2026-07-25 20:00:19,022 basehttp 8088 19312 "GET /builder/api/color-palettes/?page_subdomain=jimmy HTTP/1.1" 200 55005
INFO 2026-07-25 20:00:19,470 basehttp 8088 19312 "GET /builder/api/template-color-variables/ModernEcommerce35/ HTTP/1.1" 200 1041
INFO 2026-07-25 20:00:19,514 basehttp 8088 19312 "GET /builder/api/page-palette/jimmy/ HTTP/1.1" 200 31
INFO 2026-07-25 20:00:22,933 basehttp 8088 19312 "POST /builder/publish/ HTTP/1.1" 200 215
INFO 2026-07-25 20:00:24,914 basehttp 8088 19312 "GET /builder/dashboard/ HTTP/1.1" 200 216172
INFO 2026-07-25 20:00:34,681 basehttp 8088 18404 "GET / HTTP/1.1" 200 114030
WARNING 2026-07-25 20:00:35,055 log 8088 11820 Not Found: /favicon.ico
WARNING 2026-07-25 20:00:35,057 basehttp 8088 11820 "GET /favicon.ico HTTP/1.1" 404 43919
INFO 2026-07-25 20:00:35,381 basehttp 8088 18404 "GET /builder/cart/data/jimmy/ HTTP/1.1" 200 58
WARNING 2026-07-25 20:00:35,739 log 8088 8368 Not Found: /builder/wishlist/data/jimmy/
WARNING 2026-07-25 20:00:35,740 basehttp 8088 8368 "GET /builder/wishlist/data/jimmy/ HTTP/1.1" 404 78113
INFO 2026-07-25 20:00:59,614 basehttp 8088 19312 "GET /editor/ModernEcommerce35/jimmy/ HTTP/1.1" 200 643616
INFO 2026-07-25 20:00:59,777 basehttp 8088 19312 "GET /builder/get-components/ HTTP/1.1" 200 23001
INFO 2026-07-25 20:00:59,820 basehttp 8088 19312 "GET /builder/load-template/ModernEcommerce35/?page=home&edit=jimmy HTTP/1.1" 200 82967
INFO 2026-07-25 20:00:59,872 basehttp 8088 19312 "GET /builder/api/page-palette/jimmy/ HTTP/1.1" 200 31
INFO 2026-07-25 20:00:59,896 basehttp 8088 18936 "GET /builder/api/color-palettes/?page_subdomain=jimmy HTTP/1.1" 200 55005
INFO 2026-07-25 20:01:00,143 basehttp 8088 18936 "GET /builder/api/color-palettes/?page_subdomain=jimmy HTTP/1.1" 200 55005
INFO 2026-07-25 20:01:00,209 basehttp 8088 18936 "GET /builder/api/template-color-variables/ModernEcommerce35/ HTTP/1.1" 200 1041
INFO 2026-07-25 20:01:00,284 basehttp 8088 18936 "GET /builder/api/page-palette/jimmy/ HTTP/1.1" 200 31
INFO 2026-07-25 20:04:19,016 basehttp 8088 7660 "GET / HTTP/1.1" 200 88790
INFO 2026-07-25 20:04:20,178 basehttp 8088 7660 "GET /builder/cart/data/jimmy/ HTTP/1.1" 200 58
WARNING 2026-07-25 20:04:20,556 log 8088 8696 Not Found: /builder/wishlist/data/jimmy/
WARNING 2026-07-25 20:04:20,559 basehttp 8088 8696 "GET /builder/wishlist/data/jimmy/ HTTP/1.1" 404 78113
INFO 2026-07-25 20:08:02,207 basehttp 8088 18356 "GET /manage-products/jimmy/ HTTP/1.1" 200 70853
INFO 2026-07-25 20:08:35,645 basehttp 8088 18356 "POST /add-product-simple/jimmy/ HTTP/1.1" 200 35
INFO 2026-07-25 20:08:37,221 basehttp 8088 18356 "GET /manage-products/jimmy/ HTTP/1.1" 200 75028
INFO 2026-07-25 20:08:42,189 basehttp 8088 13736 "GET / HTTP/1.1" 200 90044
INFO 2026-07-25 20:08:42,575 basehttp 8088 13736 "GET /builder/cart/data/jimmy/ HTTP/1.1" 200 58
WARNING 2026-07-25 20:08:42,935 log 8088 16324 Not Found: /builder/wishlist/data/jimmy/
WARNING 2026-07-25 20:08:42,936 basehttp 8088 16324 "GET /builder/wishlist/data/jimmy/ HTTP/1.1" 404 78113
INFO 2026-07-25 20:09:05,007 basehttp 8088 16324 "POST /builder/wishlist/add/jimmy/ HTTP/1.1" 200 52
INFO 2026-07-25 20:09:09,141 basehttp 8088 16324 "POST /builder/cart/add/jimmy/ HTTP/1.1" 200 97
INFO 2026-07-25 20:09:09,499 basehttp 8088 16324 "GET /builder/cart/data/jimmy/ HTTP/1.1" 200 221
INFO 2026-07-25 20:09:14,497 basehttp 8088 16324 "POST /builder/cart/remove/jimmy/ HTTP/1.1" 200 94
INFO 2026-07-25 20:09:14,863 basehttp 8088 16324 "GET /builder/cart/data/jimmy/ HTTP/1.1" 200 58
INFO 2026-07-25 20:09:26,951 basehttp 8088 18356 "GET /product-editor/jimmy/10/ HTTP/1.1" 200 80887
INFO 2026-07-25 20:09:29,172 basehttp 8088 18356 "GET /variants/jimmy/10/ HTTP/1.1" 200 58555
INFO 2026-07-25 20:10:08,093 basehttp 8088 18356 "POST /builder/api/add-variant-simple/jimmy/10/ HTTP/1.1" 200 147
INFO 2026-07-25 20:10:08,663 basehttp 8088 18356 "GET /variants/jimmy/10/ HTTP/1.1" 200 59856
INFO 2026-07-25 20:10:08,740 basehttp 8088 18356 "GET /variant_images/1757572068427.jpg HTTP/1.1" 200 1073415
INFO 2026-07-25 20:10:52,625 basehttp 8088 18356 "POST /builder/api/add-variant-simple/jimmy/10/ HTTP/1.1" 200 152
INFO 2026-07-25 20:10:53,189 basehttp 8088 18356 "GET /variants/jimmy/10/ HTTP/1.1" 200 61738
INFO 2026-07-25 20:10:53,242 basehttp 8088 5724 "GET /variant_images/1757572068427.jpg HTTP/1.1" 304 0
INFO 2026-07-25 20:10:53,290 basehttp 8088 18356 "GET /variant_images/1757183118927.jpg HTTP/1.1" 200 1822413
INFO 2026-07-25 20:10:59,049 basehttp 8088 16324 "GET / HTTP/1.1" 200 90968
WARNING 2026-07-25 20:10:59,462 log 8088 13736 Not Found: /builder/wishlist/data/jimmy/
WARNING 2026-07-25 20:10:59,464 basehttp 8088 13736 "GET /builder/wishlist/data/jimmy/ HTTP/1.1" 404 78113
INFO 2026-07-25 20:10:59,750 basehttp 8088 16324 "GET /builder/cart/data/jimmy/ HTTP/1.1" 200 58
INFO 2026-07-25 20:11:01,700 basehttp 8088 16324 "GET /variant_images/1757572068427.jpg HTTP/1.1" 200 1073415
INFO 2026-07-25 20:11:17,105 basehttp 8088 16324 "GET /variant_images/1757183118927.jpg HTTP/1.1" 200 1822413
INFO 2026-07-25 20:12:14,556 basehttp 8088 16324 "POST /builder/review/submit/jimmy/ HTTP/1.1" 200 53
INFO 2026-07-25 20:12:16,983 basehttp 8088 16324 "POST /builder/review/submit/jimmy/ HTTP/1.1" 200 53
INFO 2026-07-26 05:58:23,988 autoreload 7124 17956 Watching for file changes with StatReloader
INFO 2026-07-26 07:43:30,388 basehttp 7124 11180 "GET /variant_images/1757572068427.jpg HTTP/1.1" 304 0
INFO 2026-07-26 07:45:03,776 basehttp 7124 16492 "GET /editor/ModernEcommerce27/test1/ HTTP/1.1" 200 668567
INFO 2026-07-26 07:45:04,146 basehttp 7124 16492 "GET /builder/get-components/ HTTP/1.1" 200 23001
INFO 2026-07-26 07:45:04,165 basehttp 7124 1180 "GET /builder/api/color-palettes/?page_subdomain=test1 HTTP/1.1" 200 55005
INFO 2026-07-26 07:45:04,263 basehttp 7124 16492 "GET /builder/load-template/ModernEcommerce27/?page=home&edit=test1 HTTP/1.1" 200 81617
INFO 2026-07-26 07:45:04,312 basehttp 7124 16492 "GET /builder/api/page-palette/test1/ HTTP/1.1" 200 31
INFO 2026-07-26 07:45:04,379 basehttp 7124 1180 "GET /builder/api/color-palettes/?page_subdomain=test1 HTTP/1.1" 200 55005
INFO 2026-07-26 07:45:04,664 basehttp 7124 1180 "GET /builder/api/template-color-variables/ModernEcommerce27/ HTTP/1.1" 200 667
INFO 2026-07-26 07:45:04,810 basehttp 7124 1180 "GET /builder/api/page-palette/test1/ HTTP/1.1" 200 31
INFO 2026-07-26 07:45:14,867 basehttp 7124 9460 "GET / HTTP/1.1" 200 124328
INFO 2026-07-26 07:45:15,160 basehttp 7124 9460 "GET /static/builder/js/cart-manager.js HTTP/1.1" 200 36069
WARNING 2026-07-26 07:45:15,273 log 7124 5372 Not Found: /favicon.ico
WARNING 2026-07-26 07:45:15,274 basehttp 7124 5372 "GET /favicon.ico HTTP/1.1" 404 43919
INFO 2026-07-26 07:45:15,644 basehttp 7124 9460 "GET /builder/cart/data/test1/ HTTP/1.1" 200 58
WARNING 2026-07-26 07:45:15,971 log 7124 11276 Not Found: /builder/wishlist/data/test1/
WARNING 2026-07-26 07:45:15,973 basehttp 7124 11276 "GET /builder/wishlist/data/test1/ HTTP/1.1" 404 78113
INFO 2026-07-26 07:45:15,982 basehttp 7124 9460 "GET /builder/cart/data/test1/ HTTP/1.1" 200 58
INFO 2026-07-26 07:45:21,713 basehttp 7124 11276 "GET /variant_images/ajax-logo.jpg_QjkAM5zT2.jpg HTTP/1.1" 200 22380
INFO 2026-07-26 07:45:21,989 basehttp 7124 9460 "GET /builder/reviews/test1/1/ HTTP/1.1" 200 502
INFO 2026-07-26 07:45:23,941 basehttp 7124 9460 "GET /variant_images/bootstrap-original-wordmark-8x.png HTTP/1.1" 200 79761
INFO 2026-07-26 12:28:12,466 basehttp 7124 9288 "GET /login/?website_id=1&next=/ HTTP/1.1" 200 26951
INFO 2026-07-26 12:28:12,533 basehttp 7124 9288 "GET /static/accounts/js/auth.js HTTP/1.1" 200 1805
INFO 2026-07-26 12:28:12,538 basehttp 7124 448 "GET /static/js/checkout.js HTTP/1.1" 200 4447
INFO 2026-07-26 12:28:19,265 basehttp 7124 448 "GET /website/register/test1/ HTTP/1.1" 200 28611
ERROR 2026-07-26 12:29:01,433 log 7124 448 Internal Server Error: /website/register/test1/
Traceback (most recent call last):
  File "C:\Users\user\AppData\Roaming\Python\Python313\site-packages\urllib3\connection.py", line 198, in _new_conn
    sock = connection.create_connection(
        (self._dns_host, self.port),
    ...<2 lines>...
        socket_options=self.socket_options,
    )
  File "C:\Users\user\AppData\Roaming\Python\Python313\site-packages\urllib3\util\connection.py", line 60, in create_connection
    for res in socket.getaddrinfo(host, port, family, socket.SOCK_STREAM):
               ~~~~~~~~~~~~~~~~~~^^^^^^^^^^^^^^^^^^^^^^^^^^^^^^^^^^^^^^^^
  File "C:\Program Files\Python313\Lib\socket.py", line 977, in getaddrinfo
    for res in _socket.getaddrinfo(host, port, family, type, proto, flags):
               ~~~~~~~~~~~~~~~~~~~^^^^^^^^^^^^^^^^^^^^^^^^^^^^^^^^^^^^^^^^
socket.gaierror: [Errno 11001] getaddrinfo failed

The above exception was the direct cause of the following exception:

Traceback (most recent call last):
  File "C:\Users\user\AppData\Roaming\Python\Python313\site-packages\urllib3\connectionpool.py", line 787, in urlopen
    response = self._make_request(
        conn,
    ...<10 lines>...
        **response_kw,
    )
  File "C:\Users\user\AppData\Roaming\Python\Python313\site-packages\urllib3\connectionpool.py", line 488, in _make_request
    raise new_e
  File "C:\Users\user\AppData\Roaming\Python\Python313\site-packages\urllib3\connectionpool.py", line 464, in _make_request
    self._validate_conn(conn)
    ~~~~~~~~~~~~~~~~~~~^^^^^^
  File "C:\Users\user\AppData\Roaming\Python\Python313\site-packages\urllib3\connectionpool.py", line 1093, in _validate_conn
    conn.connect()
    ~~~~~~~~~~~~^^
  File "C:\Users\user\AppData\Roaming\Python\Python313\site-packages\urllib3\connection.py", line 753, in connect
    self.sock = sock = self._new_conn()
                       ~~~~~~~~~~~~~~^^
  File "C:\Users\user\AppData\Roaming\Python\Python313\site-packages\urllib3\connection.py", line 205, in _new_conn
    raise NameResolutionError(self.host, self, e) from e
urllib3.exceptions.NameResolutionError: <urllib3.connection.HTTPSConnection object at 0x000001E8C601C980>: Failed to resolve 'api.resend.com' ([Errno 11001] getaddrinfo failed)

The above exception was the direct cause of the following exception:

Traceback (most recent call last):
  File "C:\Users\user\AppData\Roaming\Python\Python313\site-packages\requests\adapters.py", line 696, in send
    resp = conn.urlopen(
        method=request.method,
    ...<9 lines>...
        chunked=chunked,
    )
  File "C:\Users\user\AppData\Roaming\Python\Python313\site-packages\urllib3\connectionpool.py", line 841, in urlopen
    retries = retries.increment(
        method, url, error=new_e, _pool=self, _stacktrace=sys.exc_info()[2]
    )
  File "C:\Users\user\AppData\Roaming\Python\Python313\site-packages\urllib3\util\retry.py", line 519, in increment
    raise MaxRetryError(_pool, url, reason) from reason  # type: ignore[arg-type]
    ^^^^^^^^^^^^^^^^^^^^^^^^^^^^^^^^^^^^^^^^^^^^^^^^^^^
urllib3.exceptions.MaxRetryError: HTTPSConnectionPool(host='api.resend.com', port=443): Max retries exceeded with url: /emails (Caused by NameResolutionError("<urllib3.connection.HTTPSConnection object at 0x000001E8C601C980>: Failed to resolve 'api.resend.com' ([Errno 11001] getaddrinfo failed)"))

During handling of the above exception, another exception occurred:

Traceback (most recent call last):
  File "C:\Users\user\AppData\Roaming\Python\Python313\site-packages\anymail\backends\base_requests.py", line 96, in post_to_esp
    response = self.session.request(**params)
  File "C:\Users\user\AppData\Roaming\Python\Python313\site-packages\requests\sessions.py", line 651, in request
    resp = self.send(prep, **send_kwargs)
  File "C:\Users\user\AppData\Roaming\Python\Python313\site-packages\requests\sessions.py", line 784, in send
    r = adapter.send(request, **kwargs)
  File "C:\Users\user\AppData\Roaming\Python\Python313\site-packages\requests\adapters.py", line 729, in send
    raise ConnectionError(e, request=request)
requests.exceptions.ConnectionError: HTTPSConnectionPool(host='api.resend.com', port=443): Max retries exceeded with url: /emails (Caused by NameResolutionError("<urllib3.connection.HTTPSConnection object at 0x000001E8C601C980>: Failed to resolve 'api.resend.com' ([Errno 11001] getaddrinfo failed)"))

The above exception was the direct cause of the following exception:

Traceback (most recent call last):
  File "D:\360ExtremeBrowserDownload\Test\venv\src\accounts\views.py", line 307, in website_register
    msg.send(fail_silently=False)
    ~~~~~~~~^^^^^^^^^^^^^^^^^^^^^
  File "C:\Users\user\AppData\Roaming\Python\Python313\site-packages\django\core\mail\message.py", line 307, in send
    return self.get_connection(fail_silently).send_messages([self])
           ~~~~~~~~~~~~~~~~~~~~~~~~~~~~~~~~~~~~~~~~~~~~~~~~^^^^^^^^
  File "C:\Users\user\AppData\Roaming\Python\Python313\site-packages\anymail\backends\base.py", line 141, in send_messages
    sent = self._send(message)
  File "C:\Users\user\AppData\Roaming\Python\Python313\site-packages\anymail\backends\base_requests.py", line 51, in _send
    return super()._send(message)
           ~~~~~~~~~~~~~^^^^^^^^^
  File "C:\Users\user\AppData\Roaming\Python\Python313\site-packages\anymail\backends\base.py", line 171, in _send
    response = self.post_to_esp(payload, message)
  File "C:\Users\user\AppData\Roaming\Python\Python313\site-packages\anymail\backends\base_requests.py", line 103, in post_to_esp
    raise exc_class(
    ...<3 lines>...
    ) from err
anymail.backends.base_requests.AnymailRequestsAPIError: Error posting to https://api.resend.com/emails:
requests.exceptions.ConnectionError: HTTPSConnectionPool(host='api.resend.com', port=443): Max retries exceeded with url: /emails (Caused by NameResolutionError("<urllib3.connection.HTTPSConnection object at 0x000001E8C601C980>: Failed to resolve 'api.resend.com' ([Errno 11001] getaddrinfo failed)"))

During handling of the above exception, another exception occurred:

Traceback (most recent call last):
  File "C:\Users\user\AppData\Roaming\Python\Python313\site-packages\django\core\handlers\exception.py", line 55, in inner
    response = get_response(request)
  File "C:\Users\user\AppData\Roaming\Python\Python313\site-packages\django\core\handlers\base.py", line 197, in _get_response
    response = wrapped_callback(request, *callback_args, **callback_kwargs)
  File "D:\360ExtremeBrowserDownload\Test\venv\src\accounts\views.py", line 311, in website_register
    logger.error(f"RESEND API ERROR for {subdomain}: {e.status_code} {e.response.text}")
                                                                      ^^^^^^^^^^^^^^^
AttributeError: 'NoneType' object has no attribute 'text'
ERROR 2026-07-26 12:29:01,451 basehttp 7124 448 "POST /website/register/test1/ HTTP/1.1" 500 215208
INFO 2026-07-26 12:29:49,706 basehttp 7124 448 "GET / HTTP/1.1" 200 124328
INFO 2026-07-26 12:29:50,093 basehttp 7124 448 "GET /builder/cart/data/test1/ HTTP/1.1" 200 58
WARNING 2026-07-26 12:29:50,453 log 7124 9288 Not Found: /builder/wishlist/data/test1/
WARNING 2026-07-26 12:29:50,454 basehttp 7124 9288 "GET /builder/wishlist/data/test1/ HTTP/1.1" 404 78113
INFO 2026-07-26 12:29:50,463 basehttp 7124 448 "GET /builder/cart/data/test1/ HTTP/1.1" 200 58
INFO 2026-07-26 12:30:20,132 basehttp 7124 2916 "GET /manage-products/test1/ HTTP/1.1" 200 75033
INFO 2026-07-26 12:30:37,155 basehttp 7124 2916 "GET /payments/manage-gateways/test1/ HTTP/1.1" 200 55111
INFO 2026-07-26 12:31:01,021 basehttp 7124 2916 "GET /payments/configure-social-media/test1/ HTTP/1.1" 200 50136
INFO 2026-07-26 12:32:15,405 basehttp 7124 2916 "POST /payments/configure-social-media/test1/ HTTP/1.1" 302 0
INFO 2026-07-26 12:32:15,470 basehttp 7124 2916 "GET /payments/manage-gateways/test1/ HTTP/1.1" 200 55966
INFO 2026-07-26 12:32:27,171 basehttp 7124 448 "GET / HTTP/1.1" 200 124328
INFO 2026-07-26 12:32:27,627 basehttp 7124 448 "GET /builder/cart/data/test1/ HTTP/1.1" 200 58
WARNING 2026-07-26 12:32:27,961 log 7124 9288 Not Found: /builder/wishlist/data/test1/
WARNING 2026-07-26 12:32:27,964 basehttp 7124 9288 "GET /builder/wishlist/data/test1/ HTTP/1.1" 404 78113
INFO 2026-07-26 12:32:27,977 basehttp 7124 448 "GET /builder/cart/data/test1/ HTTP/1.1" 200 58
INFO 2026-07-26 12:32:32,486 basehttp 7124 448 "GET /builder/reviews/test1/1/ HTTP/1.1" 200 502
INFO 2026-07-26 12:32:59,806 basehttp 7124 448 "POST /builder/cart/add/test1/ HTTP/1.1" 200 95
INFO 2026-07-26 12:32:59,819 basehttp 7124 9288 "GET /payments/select-payment/test1/ HTTP/1.1" 200 94582
INFO 2026-07-26 12:33:00,198 basehttp 7124 448 "GET /builder/cart/data/test1/ HTTP/1.1" 200 297
INFO 2026-07-26 12:33:04,791 basehttp 7124 448 "POST /payments/api/tax/calculate/test1/ HTTP/1.1" 200 156
INFO 2026-07-26 12:33:41,644 basehttp 7124 8980 "POST /payments/api/tax/calculate/test1/ HTTP/1.1" 200 156
INFO 2026-07-26 12:33:51,717 basehttp 7124 8980 "GET /payments/shipping/rates/test1/?address=%7B%22full_name%22%3A%22Mfecho%20Jerase%22%2C%22address_line1%22%3A%22Mile%204%20Nkwen%22%2C%22city%22%3A%22Bamenda%22%2C%22state%22%3A%22Northwest%22%2C%22postal_code%22%3A%2212345%22%2C%22country_code%22%3A%22CM%22%2C%22country_name%22%3A%22Cameroon%22%2C%22email%22%3A%22mjerase92%40gmail.com%22%2C%22phone%22%3A%22680044151%22%7D&type=instant&product=%7B%22weight%22%3A0%2C%22requires_shipping%22%3Atrue%7D HTTP/1.1" 200 381
INFO 2026-07-26 12:33:51,730 basehttp 7124 19320 "POST /payments/api/tax/calculate/test1/ HTTP/1.1" 200 156
ERROR 2026-07-26 12:34:21,975 social_media_service 7124 10208 Validation error in create_social_media_order: ['Product information is missing or invalid']
ERROR 2026-07-26 12:34:21,975 views 7124 10208 Payment processing error: ["Social media checkout failed: ['Product information is missing or invalid']"]
Traceback (most recent call last):
  File "D:\360ExtremeBrowserDownload\Test\venv\src\payments\services\checkout_service.py", line 254, in create_social_media_checkout
    result = social_service.create_social_media_order(order_data, customer_info, request)
  File "D:\360ExtremeBrowserDownload\Test\venv\src\payments\services\social_media_service.py", line 738, in create_social_media_order
    order = self._create_order_from_product(
        order_number, order_data.get('product', {}), customer_info
    )
  File "D:\360ExtremeBrowserDownload\Test\venv\src\payments\services\social_media_service.py", line 818, in _create_order_from_product
    raise ValidationError(error)
django.core.exceptions.ValidationError: ['Product information is missing or invalid']

During handling of the above exception, another exception occurred:

Traceback (most recent call last):
  File "D:\360ExtremeBrowserDownload\Test\venv\src\payments\views.py", line 590, in process_payment_selection
    result = process_instant_payment(page, gateway, order_data, request)
  File "D:\360ExtremeBrowserDownload\Test\venv\src\payments\views.py", line 625, in process_instant_payment
    result = checkout_service.create_checkout(
        order_data,  # Pass the full order_data
        order_data.get('customer', {}),
        request
    )
  File "D:\360ExtremeBrowserDownload\Test\venv\src\payments\services\checkout_service.py", line 232, in create_checkout
    return self.create_social_media_checkout(order_data, customer_info, request)
           ~~~~~~~~~~~~~~~~~~~~~~~~~~~~~~~~~^^^^^^^^^^^^^^^^^^^^^^^^^^^^^^^^^^^^
  File "D:\360ExtremeBrowserDownload\Test\venv\src\payments\services\checkout_service.py", line 264, in create_social_media_checkout
    raise ValidationError(f"Social media checkout failed: {str(e)}")
django.core.exceptions.ValidationError: ["Social media checkout failed: ['Product information is missing or invalid']"]
WARNING 2026-07-26 12:34:22,196 log 7124 10208 Bad Request: /payments/process-payment/test1/
WARNING 2026-07-26 12:34:22,197 basehttp 7124 10208 "POST /payments/process-payment/test1/ HTTP/1.1" 400 94
INFO 2026-07-26 12:35:19,214 basehttp 7124 10208 "GET / HTTP/1.1" 200 124328
INFO 2026-07-26 12:35:24,442 basehttp 7124 10208 "GET /builder/cart/data/test1/ HTTP/1.1" 200 297
WARNING 2026-07-26 12:35:24,879 log 7124 16316 Not Found: /builder/wishlist/data/test1/
WARNING 2026-07-26 12:35:24,882 basehttp 7124 16316 "GET /builder/wishlist/data/test1/ HTTP/1.1" 404 78113
INFO 2026-07-26 12:35:24,906 basehttp 7124 10208 "GET /builder/cart/data/test1/ HTTP/1.1" 200 297
INFO 2026-07-26 12:35:31,298 basehttp 7124 10208 "GET /builder/reviews/test1/1/ HTTP/1.1" 200 502
INFO 2026-07-26 12:35:45,687 basehttp 7124 10208 "POST /builder/cart/add/test1/ HTTP/1.1" 200 98
INFO 2026-07-26 12:35:45,997 basehttp 7124 16316 "GET /payments/select-payment/test1/ HTTP/1.1" 200 94582
INFO 2026-07-26 12:35:46,416 basehttp 7124 10208 "GET /builder/cart/data/test1/ HTTP/1.1" 200 298
INFO 2026-07-26 12:35:52,454 basehttp 7124 10208 "POST /payments/api/tax/calculate/test1/ HTTP/1.1" 200 156
INFO 2026-07-26 12:36:00,812 basehttp 7124 10208 "POST /payments/api/tax/calculate/test1/ HTTP/1.1" 200 156
INFO 2026-07-26 12:36:07,999 basehttp 7124 10208 "GET /payments/shipping/rates/test1/?address=%7B%22full_name%22%3A%22Mfecho%20Jerase%22%2C%22address_line1%22%3A%22Mile%204%20Nkwen%22%2C%22city%22%3A%22Bamenda%22%2C%22state%22%3A%22NW%22%2C%22postal_code%22%3A%2212345%22%2C%22country_code%22%3A%22CM%22%2C%22country_name%22%3A%22Cameroon%22%2C%22email%22%3A%22mjerase92%40gmail.com%22%2C%22phone%22%3A%22680044151%22%7D&type=instant&product=%7B%22weight%22%3A0%2C%22requires_shipping%22%3Atrue%7D HTTP/1.1" 200 381
INFO 2026-07-26 12:36:08,028 basehttp 7124 16316 "POST /payments/api/tax/calculate/test1/ HTTP/1.1" 200 156
ERROR 2026-07-26 12:36:14,842 social_media_service 7124 16316 Validation error in create_social_media_order: ['Product information is missing or invalid']
ERROR 2026-07-26 12:36:14,842 views 7124 16316 Payment processing error: ["Social media checkout failed: ['Product information is missing or invalid']"]
Traceback (most recent call last):
  File "D:\360ExtremeBrowserDownload\Test\venv\src\payments\services\checkout_service.py", line 254, in create_social_media_checkout
    result = social_service.create_social_media_order(order_data, customer_info, request)
  File "D:\360ExtremeBrowserDownload\Test\venv\src\payments\services\social_media_service.py", line 738, in create_social_media_order
    order = self._create_order_from_product(
        order_number, order_data.get('product', {}), customer_info
    )
  File "D:\360ExtremeBrowserDownload\Test\venv\src\payments\services\social_media_service.py", line 818, in _create_order_from_product
    raise ValidationError(error)
django.core.exceptions.ValidationError: ['Product information is missing or invalid']

During handling of the above exception, another exception occurred:

Traceback (most recent call last):
  File "D:\360ExtremeBrowserDownload\Test\venv\src\payments\views.py", line 590, in process_payment_selection
    result = process_instant_payment(page, gateway, order_data, request)
  File "D:\360ExtremeBrowserDownload\Test\venv\src\payments\views.py", line 625, in process_instant_payment
    result = checkout_service.create_checkout(
        order_data,  # Pass the full order_data
        order_data.get('customer', {}),
        request
    )
  File "D:\360ExtremeBrowserDownload\Test\venv\src\payments\services\checkout_service.py", line 232, in create_checkout
    return self.create_social_media_checkout(order_data, customer_info, request)
           ~~~~~~~~~~~~~~~~~~~~~~~~~~~~~~~~~^^^^^^^^^^^^^^^^^^^^^^^^^^^^^^^^^^^^
  File "D:\360ExtremeBrowserDownload\Test\venv\src\payments\services\checkout_service.py", line 264, in create_social_media_checkout
    raise ValidationError(f"Social media checkout failed: {str(e)}")
django.core.exceptions.ValidationError: ["Social media checkout failed: ['Product information is missing or invalid']"]
WARNING 2026-07-26 12:36:15,013 log 7124 16316 Bad Request: /payments/process-payment/test1/
WARNING 2026-07-26 12:36:15,014 basehttp 7124 16316 "POST /payments/process-payment/test1/ HTTP/1.1" 400 94
INFO 2026-07-26 12:36:45,892 basehttp 7124 10208 "GET /variant_images/ajax-logo.jpg_QjkAM5zT2.jpg HTTP/1.1" 200 22380
INFO 2026-07-26 12:36:46,173 basehttp 7124 16316 "GET /builder/reviews/test1/1/ HTTP/1.1" 200 502
INFO 2026-07-26 12:36:57,469 basehttp 7124 16316 "GET /payments/select-payment/test1/ HTTP/1.1" 200 94582
INFO 2026-07-26 12:37:16,522 basehttp 7124 16316 "POST /payments/api/tax/calculate/test1/ HTTP/1.1" 200 156
INFO 2026-07-26 12:37:22,070 basehttp 7124 16316 "POST /payments/api/tax/calculate/test1/ HTTP/1.1" 200 156
INFO 2026-07-26 12:37:27,052 basehttp 7124 16316 "GET /payments/shipping/rates/test1/?address=%7B%22full_name%22%3A%22Mfecho%20Jerase%22%2C%22address_line1%22%3A%22Mile%204%20Nkwen%22%2C%22city%22%3A%22Bamenda%22%2C%22state%22%3A%22NW%22%2C%22postal_code%22%3A%2212345%22%2C%22country_code%22%3A%22CM%22%2C%22country_name%22%3A%22Cameroon%22%2C%22email%22%3A%22mjerase92%40gmail.com%22%2C%22phone%22%3A%22680044151%22%7D&type=instant&product=%7B%22weight%22%3A0%2C%22requires_shipping%22%3Atrue%7D HTTP/1.1" 200 381
INFO 2026-07-26 12:37:27,086 basehttp 7124 16316 "POST /payments/api/tax/calculate/test1/ HTTP/1.1" 200 156
ERROR 2026-07-26 12:37:31,098 social_media_service 7124 16316 Validation error in create_social_media_order: ['Product information is missing or invalid']
ERROR 2026-07-26 12:37:31,098 views 7124 16316 Payment processing error: ["Social media checkout failed: ['Product information is missing or invalid']"]
Traceback (most recent call last):
  File "D:\360ExtremeBrowserDownload\Test\venv\src\payments\services\checkout_service.py", line 254, in create_social_media_checkout
    result = social_service.create_social_media_order(order_data, customer_info, request)
  File "D:\360ExtremeBrowserDownload\Test\venv\src\payments\services\social_media_service.py", line 738, in create_social_media_order
    order = self._create_order_from_product(
        order_number, order_data.get('product', {}), customer_info
    )
  File "D:\360ExtremeBrowserDownload\Test\venv\src\payments\services\social_media_service.py", line 818, in _create_order_from_product
    raise ValidationError(error)
django.core.exceptions.ValidationError: ['Product information is missing or invalid']

During handling of the above exception, another exception occurred:

Traceback (most recent call last):
  File "D:\360ExtremeBrowserDownload\Test\venv\src\payments\views.py", line 590, in process_payment_selection
    result = process_instant_payment(page, gateway, order_data, request)
  File "D:\360ExtremeBrowserDownload\Test\venv\src\payments\views.py", line 625, in process_instant_payment
    result = checkout_service.create_checkout(
        order_data,  # Pass the full order_data
        order_data.get('customer', {}),
        request
    )
  File "D:\360ExtremeBrowserDownload\Test\venv\src\payments\services\checkout_service.py", line 232, in create_checkout
    return self.create_social_media_checkout(order_data, customer_info, request)
           ~~~~~~~~~~~~~~~~~~~~~~~~~~~~~~~~~^^^^^^^^^^^^^^^^^^^^^^^^^^^^^^^^^^^^
  File "D:\360ExtremeBrowserDownload\Test\venv\src\payments\services\checkout_service.py", line 264, in create_social_media_checkout
    raise ValidationError(f"Social media checkout failed: {str(e)}")
django.core.exceptions.ValidationError: ["Social media checkout failed: ['Product information is missing or invalid']"]
WARNING 2026-07-26 12:37:31,254 log 7124 16316 Bad Request: /payments/process-payment/test1/
WARNING 2026-07-26 12:37:31,256 basehttp 7124 16316 "POST /payments/process-payment/test1/ HTTP/1.1" 400 94
ERROR 2026-07-26 12:41:09,423 log 7124 2568 Internal Server Error: /
Traceback (most recent call last):
  File "C:\Users\user\AppData\Roaming\Python\Python313\site-packages\django\core\handlers\exception.py", line 55, in inner
    response = get_response(request)
  File "C:\Users\user\AppData\Roaming\Python\Python313\site-packages\django\core\handlers\base.py", line 197, in _get_response
    response = wrapped_callback(request, *callback_args, **callback_kwargs)
  File "D:\360ExtremeBrowserDownload\Test\venv\src\builder\decorators.py", line 54, in _wrapped_view
    return view_func(request, *args, **kwargs)
  File "D:\360ExtremeBrowserDownload\Test\venv\src\builder\views.py", line 764, in public_page
    return render(request, template_path, context)
  File "C:\Users\user\AppData\Roaming\Python\Python313\site-packages\django\shortcuts.py", line 25, in render
    content = loader.render_to_string(template_name, context, request, using=using)
  File "C:\Users\user\AppData\Roaming\Python\Python313\site-packages\django\template\loader.py", line 61, in render_to_string
    template = get_template(template_name, using=using)
  File "C:\Users\user\AppData\Roaming\Python\Python313\site-packages\django\template\loader.py", line 15, in get_template
    return engine.get_template(template_name)
           ~~~~~~~~~~~~~~~~~~~^^^^^^^^^^^^^^^
  File "C:\Users\user\AppData\Roaming\Python\Python313\site-packages\django\template\backends\django.py", line 79, in get_template
    return Template(self.engine.get_template(template_name), self)
                    ~~~~~~~~~~~~~~~~~~~~~~~~^^^^^^^^^^^^^^^
  File "C:\Users\user\AppData\Roaming\Python\Python313\site-packages\django\template\engine.py", line 177, in get_template
    template, origin = self.find_template(template_name)
                       ~~~~~~~~~~~~~~~~~~^^^^^^^^^^^^^^^
  File "C:\Users\user\AppData\Roaming\Python\Python313\site-packages\django\template\engine.py", line 159, in find_template
    template = loader.get_template(name, skip=skip)
  File "C:\Users\user\AppData\Roaming\Python\Python313\site-packages\django\template\loaders\cached.py", line 57, in get_template
    template = super().get_template(template_name, skip)
  File "C:\Users\user\AppData\Roaming\Python\Python313\site-packages\django\template\loaders\base.py", line 28, in get_template
    return Template(
        contents,
    ...<2 lines>...
        self.engine,
    )
  File "C:\Users\user\AppData\Roaming\Python\Python313\site-packages\django\template\base.py", line 154, in __init__
    self.nodelist = self.compile_nodelist()
                    ~~~~~~~~~~~~~~~~~~~~~^^
  File "C:\Users\user\AppData\Roaming\Python\Python313\site-packages\django\template\base.py", line 196, in compile_nodelist
    nodelist = parser.parse()
  File "C:\Users\user\AppData\Roaming\Python\Python313\site-packages\django\template\base.py", line 518, in parse
    raise self.error(token, e)
  File "C:\Users\user\AppData\Roaming\Python\Python313\site-packages\django\template\base.py", line 516, in parse
    compiled_result = compile_func(self, token)
  File "C:\Users\user\AppData\Roaming\Python\Python313\site-packages\django\template\defaulttags.py", line 862, in do_for
    nodelist_loop = parser.parse(
        (
    ...<2 lines>...
        )
    )
  File "C:\Users\user\AppData\Roaming\Python\Python313\site-packages\django\template\base.py", line 489, in parse
    raise self.error(token, e)
  File "C:\Users\user\AppData\Roaming\Python\Python313\site-packages\django\template\base.py", line 487, in parse
    filter_expression = self.compile_filter(token.contents)
  File "C:\Users\user\AppData\Roaming\Python\Python313\site-packages\django\template\base.py", line 609, in compile_filter
    return FilterExpression(token, self)
  File "C:\Users\user\AppData\Roaming\Python\Python313\site-packages\django\template\base.py", line 710, in __init__
    raise TemplateSyntaxError(
    ...<2 lines>...
    )
django.template.exceptions.TemplateSyntaxError: Could not parse the remainder: '{{ product.id' from '{{ product.id'
ERROR 2026-07-26 12:41:09,438 basehttp 7124 2568 "GET / HTTP/1.1" 500 311357
INFO 2026-07-26 12:41:39,091 basehttp 7124 2568 "GET / HTTP/1.1" 200 124367
INFO 2026-07-26 12:41:39,531 basehttp 7124 2568 "GET /builder/cart/data/test1/ HTTP/1.1" 200 298
WARNING 2026-07-26 12:41:39,946 log 7124 16428 Not Found: /builder/wishlist/data/test1/
WARNING 2026-07-26 12:41:39,972 basehttp 7124 16428 "GET /builder/wishlist/data/test1/ HTTP/1.1" 404 78113
INFO 2026-07-26 12:41:40,100 basehttp 7124 2568 "GET /builder/cart/data/test1/ HTTP/1.1" 200 298
INFO 2026-07-26 12:41:40,166 basehttp 7124 2568 "GET /variant_images/bootstrap-original-wordmark-8x.png HTTP/1.1" 200 79761
INFO 2026-07-26 12:42:21,656 basehttp 7124 2568 "GET / HTTP/1.1" 200 124389
INFO 2026-07-26 12:42:22,067 basehttp 7124 2568 "GET /builder/cart/data/test1/ HTTP/1.1" 200 298
WARNING 2026-07-26 12:42:22,479 log 7124 16428 Not Found: /builder/wishlist/data/test1/
WARNING 2026-07-26 12:42:22,486 basehttp 7124 16428 "GET /builder/wishlist/data/test1/ HTTP/1.1" 404 78113
INFO 2026-07-26 12:42:22,504 basehttp 7124 2568 "GET /builder/cart/data/test1/ HTTP/1.1" 200 298
INFO 2026-07-26 12:42:47,278 basehttp 7124 2568 "GET / HTTP/1.1" 200 124333
INFO 2026-07-26 12:42:47,726 basehttp 7124 2568 "GET /builder/cart/data/test1/ HTTP/1.1" 200 298
WARNING 2026-07-26 12:42:48,059 log 7124 16428 Not Found: /builder/wishlist/data/test1/
WARNING 2026-07-26 12:42:48,061 basehttp 7124 16428 "GET /builder/wishlist/data/test1/ HTTP/1.1" 404 78113
INFO 2026-07-26 12:42:48,092 basehttp 7124 2568 "GET /builder/cart/data/test1/ HTTP/1.1" 200 298
INFO 2026-07-26 12:49:45,117 basehttp 7124 11300 "GET /payments/select-payment/test1/ HTTP/1.1" 200 94582
WARNING 2026-07-26 12:49:49,651 log 7124 11300 Not Found: /.well-known/appspecific/com.chrome.devtools.json
WARNING 2026-07-26 12:49:49,658 basehttp 7124 11300 "GET /.well-known/appspecific/com.chrome.devtools.json HTTP/1.1" 404 44067
INFO 2026-07-26 12:50:54,070 basehttp 7124 11300 "POST /payments/api/tax/calculate/test1/ HTTP/1.1" 200 156
INFO 2026-07-26 12:51:03,162 basehttp 7124 11300 "POST /payments/api/tax/calculate/test1/ HTTP/1.1" 200 156
INFO 2026-07-26 12:51:06,093 basehttp 7124 11300 "POST /payments/api/tax/calculate/test1/ HTTP/1.1" 200 156
INFO 2026-07-26 12:51:08,247 basehttp 7124 11300 "GET /payments/shipping/rates/test1/?address=%7B%22full_name%22%3A%22Mfecho%20Jerase%22%2C%22address_line1%22%3A%22Mile%204%20Nkwen%22%2C%22city%22%3A%22Bamenda%22%2C%22state%22%3A%22NW%22%2C%22postal_code%22%3A%2212345%22%2C%22country_code%22%3A%22CM%22%2C%22country_name%22%3A%22Cameroon%22%2C%22email%22%3A%22mjerase92%40gmail.com%22%2C%22phone%22%3A%22680044151%22%7D&type=instant&product=%7B%22weight%22%3A0%2C%22requires_shipping%22%3Atrue%7D HTTP/1.1" 200 381
INFO 2026-07-26 12:51:08,381 basehttp 7124 11300 "POST /payments/api/tax/calculate/test1/ HTTP/1.1" 200 156
WARNING 2026-07-26 12:51:56,342 log 7124 11300 Not Found: /.well-known/appspecific/com.chrome.devtools.json
WARNING 2026-07-26 12:51:56,344 basehttp 7124 11300 "GET /.well-known/appspecific/com.chrome.devtools.json HTTP/1.1" 404 44067
INFO 2026-07-26 12:52:24,122 basehttp 7124 3648 "GET /payments/configure-social-media/test1/ HTTP/1.1" 200 50279
INFO 2026-07-26 12:52:26,528 basehttp 7124 3648 "GET /manage-products/test1/ HTTP/1.1" 200 75033
INFO 2026-07-26 12:52:28,509 basehttp 7124 3648 "GET /builder/dashboard/ HTTP/1.1" 200 216175
INFO 2026-07-26 12:52:38,820 basehttp 7124 14488 "GET / HTTP/1.1" 200 116871
WARNING 2026-07-26 12:52:39,640 log 7124 4560 Not Found: /builder/wishlist/data/test2/
WARNING 2026-07-26 12:52:39,642 basehttp 7124 4560 "GET /builder/wishlist/data/test2/ HTTP/1.1" 404 78113
WARNING 2026-07-26 12:52:39,691 log 7124 11812 Not Found: /favicon.ico
WARNING 2026-07-26 12:52:39,699 basehttp 7124 11812 "GET /favicon.ico HTTP/1.1" 404 43919
INFO 2026-07-26 12:52:39,928 basehttp 7124 14488 "GET /builder/cart/data/test2/ HTTP/1.1" 200 58
INFO 2026-07-26 12:52:51,112 basehttp 7124 11812 "GET /variant_images/11448a7a96ee808a3cdbaf0df9570976.webp HTTP/1.1" 200 8006
INFO 2026-07-26 12:52:51,465 basehttp 7124 14488 "GET /builder/reviews/test2/2/ HTTP/1.1" 200 314
INFO 2026-07-26 12:53:02,746 basehttp 7124 11812 "GET /payments/select-payment/test2/ HTTP/1.1" 200 90081
INFO 2026-07-26 12:53:02,828 basehttp 7124 4560 "GET /static/js/checkout.js HTTP/1.1" 200 4447
INFO 2026-07-26 12:53:02,829 basehttp 7124 11812 "GET /static/accounts/js/auth.js HTTP/1.1" 200 1805
INFO 2026-07-26 12:53:03,279 basehttp 7124 14488 "POST /builder/cart/add/test2/ HTTP/1.1" 200 94
INFO 2026-07-26 12:53:22,899 basehttp 7124 14488 "GET /payments/select-payment/test2/ HTTP/1.1" 200 90081
INFO 2026-07-26 12:53:31,868 basehttp 7124 6124 "POST /payments/api/tax/calculate/test2/ HTTP/1.1" 200 156
INFO 2026-07-26 13:06:43,775 basehttp 7124 8272 "POST /payments/api/tax/calculate/test2/ HTTP/1.1" 200 156
INFO 2026-07-26 13:06:47,911 basehttp 7124 8272 "GET /payments/shipping/rates/test2/?address=%7B%22full_name%22%3A%22Mfecho%20Jerase%22%2C%22address_line1%22%3A%22Mile%204%20Nkwen%22%2C%22city%22%3A%22Bamenda%22%2C%22state%22%3A%22NW%22%2C%22postal_code%22%3A%221234%22%2C%22country_code%22%3A%22CM%22%2C%22country_name%22%3A%22Cameroon%22%2C%22email%22%3A%22mjerase92%40gmail.com%22%2C%22phone%22%3A%22680044151%22%7D&type=instant&product=%7B%22weight%22%3A0%2C%22requires_shipping%22%3Atrue%7D HTTP/1.1" 200 381
INFO 2026-07-26 13:06:47,959 basehttp 7124 8272 "POST /payments/api/tax/calculate/test2/ HTTP/1.1" 200 156
INFO 2026-07-26 13:06:57,823 basehttp 7124 18656 "GET /builder/reviews/test1/1/ HTTP/1.1" 200 502
INFO 2026-07-26 13:07:02,404 basehttp 7124 18656 "GET /payments/select-payment/test1/ HTTP/1.1" 200 94582
INFO 2026-07-26 13:07:05,494 basehttp 7124 18656 "POST /payments/api/tax/calculate/test1/ HTTP/1.1" 200 156
INFO 2026-07-26 13:07:13,226 basehttp 7124 18656 "POST /payments/api/tax/calculate/test1/ HTTP/1.1" 200 156
INFO 2026-07-26 13:07:17,259 basehttp 7124 18656 "GET /payments/shipping/rates/test1/?address=%7B%22full_name%22%3A%22Mfecho%20Jerase%22%2C%22address_line1%22%3A%22Mile%204%20Nkwen%22%2C%22city%22%3A%22Bamenda%22%2C%22state%22%3A%22NW%22%2C%22postal_code%22%3A%2212345%22%2C%22country_code%22%3A%22CM%22%2C%22country_name%22%3A%22Cameroon%22%2C%22email%22%3A%22mjerase92%40gmail.com%22%2C%22phone%22%3A%22680044151%22%7D&type=instant&product=%7B%22weight%22%3A0%2C%22requires_shipping%22%3Atrue%7D HTTP/1.1" 200 381
INFO 2026-07-26 13:07:17,297 basehttp 7124 8616 "POST /payments/api/tax/calculate/test1/ HTTP/1.1" 200 156
ERROR 2026-07-26 13:07:26,465 social_media_service 7124 8616 Validation error in create_social_media_order: ['Product information is missing or invalid']
ERROR 2026-07-26 13:07:26,465 views 7124 8616 Payment processing error: ["Social media checkout failed: ['Product information is missing or invalid']"]
Traceback (most recent call last):
  File "D:\360ExtremeBrowserDownload\Test\venv\src\payments\services\checkout_service.py", line 254, in create_social_media_checkout
    result = social_service.create_social_media_order(order_data, customer_info, request)
  File "D:\360ExtremeBrowserDownload\Test\venv\src\payments\services\social_media_service.py", line 738, in create_social_media_order
    order = self._create_order_from_product(
        order_number, order_data.get('product', {}), customer_info
    )
  File "D:\360ExtremeBrowserDownload\Test\venv\src\payments\services\social_media_service.py", line 818, in _create_order_from_product
    raise ValidationError(error)
django.core.exceptions.ValidationError: ['Product information is missing or invalid']

During handling of the above exception, another exception occurred:

Traceback (most recent call last):
  File "D:\360ExtremeBrowserDownload\Test\venv\src\payments\views.py", line 590, in process_payment_selection
    result = process_instant_payment(page, gateway, order_data, request)
  File "D:\360ExtremeBrowserDownload\Test\venv\src\payments\views.py", line 625, in process_instant_payment
    result = checkout_service.create_checkout(
        order_data,  # Pass the full order_data
        order_data.get('customer', {}),
        request
    )
  File "D:\360ExtremeBrowserDownload\Test\venv\src\payments\services\checkout_service.py", line 232, in create_checkout
    return self.create_social_media_checkout(order_data, customer_info, request)
           ~~~~~~~~~~~~~~~~~~~~~~~~~~~~~~~~~^^^^^^^^^^^^^^^^^^^^^^^^^^^^^^^^^^^^
  File "D:\360ExtremeBrowserDownload\Test\venv\src\payments\services\checkout_service.py", line 264, in create_social_media_checkout
    raise ValidationError(f"Social media checkout failed: {str(e)}")
django.core.exceptions.ValidationError: ["Social media checkout failed: ['Product information is missing or invalid']"]
WARNING 2026-07-26 13:07:26,635 log 7124 8616 Bad Request: /payments/process-payment/test1/
WARNING 2026-07-26 13:07:26,636 basehttp 7124 8616 "POST /payments/process-payment/test1/ HTTP/1.1" 400 94
INFO 2026-07-26 13:13:37,392 basehttp 7124 300 "GET / HTTP/1.1" 200 120404
WARNING 2026-07-26 13:13:38,223 log 7124 4396 Not Found: /builder/wishlist/data/test1/
WARNING 2026-07-26 13:13:38,226 basehttp 7124 4396 "GET /builder/wishlist/data/test1/ HTTP/1.1" 404 78113
INFO 2026-07-26 13:13:38,232 basehttp 7124 300 "GET /builder/cart/data/test1/ HTTP/1.1" 200 298
INFO 2026-07-26 13:13:38,270 basehttp 7124 300 "GET /builder/cart/data/test1/ HTTP/1.1" 200 298
INFO 2026-07-26 13:13:38,291 basehttp 7124 300 "GET /variant_images/bootstrap-original-wordmark-8x.png HTTP/1.1" 200 79761
WARNING 2026-07-26 13:13:42,713 log 7124 300 Not Found: /.well-known/appspecific/com.chrome.devtools.json
WARNING 2026-07-26 13:13:42,717 basehttp 7124 300 "GET /.well-known/appspecific/com.chrome.devtools.json HTTP/1.1" 404 44067
INFO 2026-07-26 13:13:58,127 basehttp 7124 4396 "GET /variant_images/ajax-logo.jpg_QjkAM5zT2.jpg HTTP/1.1" 200 22380
INFO 2026-07-26 13:13:58,489 basehttp 7124 300 "GET /builder/reviews/test1/1/ HTTP/1.1" 200 502
INFO 2026-07-26 13:14:06,072 basehttp 7124 300 "POST /builder/cart/remove/test1/ HTTP/1.1" 200 94
INFO 2026-07-26 13:14:06,438 basehttp 7124 300 "GET /builder/cart/data/test1/ HTTP/1.1" 200 58
INFO 2026-07-26 13:14:34,033 basehttp 7124 300 "POST /builder/wishlist/add/test1/ HTTP/1.1" 200 52
WARNING 2026-07-26 13:14:52,332 log 7124 300 Not Found: /.well-known/appspecific/com.chrome.devtools.json
WARNING 2026-07-26 13:14:52,334 basehttp 7124 300 "GET /.well-known/appspecific/com.chrome.devtools.json HTTP/1.1" 404 44067
INFO 2026-07-26 13:17:31,359 basehttp 7124 300 "GET / HTTP/1.1" 200 116974
WARNING 2026-07-26 13:17:31,782 log 7124 300 Not Found: /.well-known/appspecific/com.chrome.devtools.json
WARNING 2026-07-26 13:17:31,920 basehttp 7124 300 "GET /.well-known/appspecific/com.chrome.devtools.json HTTP/1.1" 404 44067
WARNING 2026-07-26 13:17:32,727 log 7124 4396 Not Found: /builder/wishlist/data/test1/
WARNING 2026-07-26 13:17:32,729 basehttp 7124 4396 "GET /builder/wishlist/data/test1/ HTTP/1.1" 404 78113
INFO 2026-07-26 13:17:32,995 basehttp 7124 300 "GET /builder/cart/data/test1/ HTTP/1.1" 200 58
INFO 2026-07-26 13:17:33,040 basehttp 7124 300 "GET /builder/cart/data/test1/ HTTP/1.1" 200 58
INFO 2026-07-26 13:17:36,286 basehttp 7124 300 "GET /builder/reviews/test1/1/ HTTP/1.1" 200 502
INFO 2026-07-26 13:17:48,604 basehttp 7124 300 "POST /builder/cart/add/test1/ HTTP/1.1" 200 95
INFO 2026-07-26 13:17:48,954 basehttp 7124 300 "GET /builder/cart/data/test1/ HTTP/1.1" 200 287
INFO 2026-07-26 13:17:59,630 basehttp 7124 300 "GET /payments/select-payment/test1/?type=instant&product=%7B%22title%22%3A%22Product+1%22%2C%22description%22%3A%22Hello+this+is+the+first+product%22%2C%22id%22%3A1%2C%22cj_vid%22%3A%22%22%2C%22price%22%3A7%2C%22quantity%22%3A1%2C%22selected_color%22%3A%22red%22%2C%22selected_size%22%3A%22Large%22%2C%22total_price%22%3A7%7D&cart_data=%7B%22items%22%3A%5B%7B%22id%22%3A1%2C%22title%22%3A%22Product+1%22%2C%22description%22%3A%22Hello+this+is+the+first+product%22%2C%22price%22%3A7%2C%22quantity%22%3A1%2C%22total_price%22%3A7%2C%22cj_vid%22%3A%22%22%2C%22selected_color%22%3A%22red%22%2C%22selected_size%22%3A%22Large%22%7D%5D%2C%22subtotal%22%3A7%2C%22shipping_amount%22%3A5%2C%22tax_amount%22%3A0.56%2C%22total_amount%22%3A12.56%7D HTTP/1.1" 200 94582
INFO 2026-07-26 13:18:06,051 basehttp 7124 300 "POST /payments/api/tax/calculate/test1/ HTTP/1.1" 200 156
INFO 2026-07-26 13:18:12,305 basehttp 7124 300 "POST /payments/api/tax/calculate/test1/ HTTP/1.1" 200 156
INFO 2026-07-26 13:18:16,785 basehttp 7124 300 "GET /payments/shipping/rates/test1/?address=%7B%22full_name%22%3A%22Mfecho%20Jerase%22%2C%22address_line1%22%3A%22Mile%204%20Nkwen%22%2C%22city%22%3A%22Bamenda%22%2C%22state%22%3A%22NW%22%2C%22postal_code%22%3A%2212345%22%2C%22country_code%22%3A%22CM%22%2C%22country_name%22%3A%22Cameroon%22%2C%22email%22%3A%22mjerase92%40gmail.com%22%2C%22phone%22%3A%22680044151%22%7D&type=instant&product=%7B%22title%22%3A%22Product%201%22%2C%22description%22%3A%22Hello%20this%20is%20the%20first%20product%22%2C%22id%22%3A1%2C%22cj_vid%22%3A%22%22%2C%22price%22%3A7%2C%22quantity%22%3A1%2C%22selected_color%22%3A%22red%22%2C%22selected_size%22%3A%22Large%22%2C%22total_price%22%3A7%2C%22weight%22%3A0%2C%22requires_shipping%22%3Atrue%7D HTTP/1.1" 200 381
INFO 2026-07-26 13:18:16,843 basehttp 7124 300 "POST /payments/api/tax/calculate/test1/ HTTP/1.1" 200 156
ERROR 2026-07-26 13:18:21,471 social_media_service 7124 300 Validation error in create_social_media_order: ["'Product 1' has insufficient stock. Available: 0, Requested: 1"]
ERROR 2026-07-26 13:18:21,471 views 7124 300 Payment processing error: ['Social media checkout failed: ["\'Product 1\' has insufficient stock. Available: 0, Requested: 1"]']
Traceback (most recent call last):
  File "D:\360ExtremeBrowserDownload\Test\venv\src\payments\services\checkout_service.py", line 254, in create_social_media_checkout
    result = social_service.create_social_media_order(order_data, customer_info, request)
  File "D:\360ExtremeBrowserDownload\Test\venv\src\payments\services\social_media_service.py", line 738, in create_social_media_order
    order = self._create_order_from_product(
        order_number, order_data.get('product', {}), customer_info
    )
  File "D:\360ExtremeBrowserDownload\Test\venv\src\payments\services\social_media_service.py", line 818, in _create_order_from_product
    raise ValidationError(error)
django.core.exceptions.ValidationError: ["'Product 1' has insufficient stock. Available: 0, Requested: 1"]

During handling of the above exception, another exception occurred:

Traceback (most recent call last):
  File "D:\360ExtremeBrowserDownload\Test\venv\src\payments\views.py", line 590, in process_payment_selection
    result = process_instant_payment(page, gateway, order_data, request)
  File "D:\360ExtremeBrowserDownload\Test\venv\src\payments\views.py", line 625, in process_instant_payment
    result = checkout_service.create_checkout(
        order_data,  # Pass the full order_data
        order_data.get('customer', {}),
        request
    )
  File "D:\360ExtremeBrowserDownload\Test\venv\src\payments\services\checkout_service.py", line 232, in create_checkout
    return self.create_social_media_checkout(order_data, customer_info, request)
           ~~~~~~~~~~~~~~~~~~~~~~~~~~~~~~~~~^^^^^^^^^^^^^^^^^^^^^^^^^^^^^^^^^^^^
  File "D:\360ExtremeBrowserDownload\Test\venv\src\payments\services\checkout_service.py", line 264, in create_social_media_checkout
    raise ValidationError(f"Social media checkout failed: {str(e)}")
django.core.exceptions.ValidationError: ['Social media checkout failed: ["\'Product 1\' has insufficient stock. Available: 0, Requested: 1"]']
WARNING 2026-07-26 13:18:21,628 log 7124 300 Bad Request: /payments/process-payment/test1/
WARNING 2026-07-26 13:18:21,629 basehttp 7124 300 "POST /payments/process-payment/test1/ HTTP/1.1" 400 119
INFO 2026-07-26 13:18:42,251 basehttp 7124 7108 "GET /manage-products/test1/ HTTP/1.1" 200 75033
INFO 2026-07-26 13:18:45,250 basehttp 7124 7108 "GET /product-editor/test1/1/ HTTP/1.1" 200 80887
INFO 2026-07-26 13:19:10,138 basehttp 7124 7108 "POST /update-product/test1/1/ HTTP/1.1" 200 60
INFO 2026-07-26 13:19:13,717 basehttp 7124 7108 "POST /update-product/test1/1/ HTTP/1.1" 200 60
INFO 2026-07-26 13:19:14,631 basehttp 7124 7108 "POST /update-product/test1/1/ HTTP/1.1" 200 60
INFO 2026-07-26 13:19:15,379 basehttp 7124 7108 "GET /manage-products/test1/ HTTP/1.1" 200 75034
INFO 2026-07-26 13:19:24,753 basehttp 7124 300 "POST /payments/process-payment/test1/ HTTP/1.1" 200 6041
INFO 2026-07-26 13:19:25,120 basehttp 7124 300 "GET /payments/social-media-success/test1/ HTTP/1.1" 200 37465
INFO 2026-07-26 13:26:07,023 basehttp 7124 6652 "GET /manage-products/test2/ HTTP/1.1" 200 75019
INFO 2026-07-26 13:26:31,243 basehttp 7124 6652 "GET /payments/manage-gateways/test2/ HTTP/1.1" 200 55111
INFO 2026-07-26 13:26:36,842 basehttp 7124 6652 "GET /payments/configure-social-media/test2/ HTTP/1.1" 200 50136
INFO 2026-07-26 13:27:02,624 basehttp 7124 6652 "POST /payments/configure-social-media/test2/ HTTP/1.1" 302 0
INFO 2026-07-26 13:27:02,764 basehttp 7124 6652 "GET /payments/manage-gateways/test2/ HTTP/1.1" 200 55966
INFO 2026-07-26 13:27:19,196 basehttp 7124 12504 "GET /payments/select-payment/test2/ HTTP/1.1" 200 94582
INFO 2026-07-26 13:27:22,527 basehttp 7124 12504 "GET / HTTP/1.1" 200 123756
WARNING 2026-07-26 13:27:23,886 log 7124 10904 Not Found: /builder/wishlist/data/test2/
WARNING 2026-07-26 13:27:23,891 basehttp 7124 10904 "GET /builder/wishlist/data/test2/ HTTP/1.1" 404 78113
INFO 2026-07-26 13:27:23,892 basehttp 7124 12504 "GET /builder/cart/data/test2/ HTTP/1.1" 200 299
INFO 2026-07-26 13:27:34,214 basehttp 7124 10904 "POST /builder/cart/remove/test2/ HTTP/1.1" 200 94
INFO 2026-07-26 13:27:35,449 basehttp 7124 10904 "POST /builder/cart/remove/test2/ HTTP/1.1" 200 67
INFO 2026-07-26 13:27:36,945 basehttp 7124 10904 "POST /builder/cart/remove/test2/ HTTP/1.1" 200 67
INFO 2026-07-26 13:27:37,746 basehttp 7124 10904 "POST /builder/cart/remove/test2/ HTTP/1.1" 200 67
INFO 2026-07-26 13:27:38,683 basehttp 7124 10904 "POST /builder/cart/remove/test2/ HTTP/1.1" 200 67
INFO 2026-07-26 13:27:38,705 basehttp 7124 10904 "POST /builder/cart/remove/test2/ HTTP/1.1" 200 67
INFO 2026-07-26 13:27:43,503 basehttp 7124 10904 "POST /builder/cart/remove/test2/ HTTP/1.1" 200 67
INFO 2026-07-26 13:27:44,036 basehttp 7124 10904 "POST /builder/cart/remove/test2/ HTTP/1.1" 200 67
INFO 2026-07-26 13:27:44,051 basehttp 7124 12504 "POST /builder/cart/remove/test2/ HTTP/1.1" 200 67
INFO 2026-07-26 13:27:44,383 basehttp 7124 12504 "POST /builder/cart/remove/test2/ HTTP/1.1" 200 67
INFO 2026-07-26 13:27:44,407 basehttp 7124 12504 "POST /builder/cart/remove/test2/ HTTP/1.1" 200 67
INFO 2026-07-26 13:27:46,556 basehttp 7124 12504 "GET /payments/select-payment/test2/?type=instant&product=%7B%22title%22%3A%22product1%22%2C%22description%22%3A%22product1+description%22%2C%22id%22%3A2%2C%22cj_vid%22%3A%22%22%2C%22price%22%3A5%2C%22quantity%22%3A1%2C%22selected_color%22%3A%22%22%2C%22selected_size%22%3A%22%22%2C%22total_price%22%3A5%7D&cart_data=%7B%22items%22%3A%5B%7B%22id%22%3A2%2C%22title%22%3A%22product1%22%2C%22description%22%3A%22product1+description%22%2C%22price%22%3A5%2C%22quantity%22%3A1%2C%22total_price%22%3A5%2C%22cj_vid%22%3A%22%22%2C%22selected_color%22%3A%22%22%2C%22selected_size%22%3A%22%22%7D%5D%2C%22subtotal%22%3A5%2C%22shipping_amount%22%3A5%2C%22tax_amount%22%3A0.4%2C%22total_amount%22%3A10.4%7D HTTP/1.1" 200 94582
INFO 2026-07-26 13:28:00,553 basehttp 7124 12504 "POST /payments/api/tax/calculate/test2/ HTTP/1.1" 200 156
INFO 2026-07-26 13:28:05,275 basehttp 7124 12504 "POST /payments/api/tax/calculate/test2/ HTTP/1.1" 200 156
INFO 2026-07-26 13:28:09,147 basehttp 7124 12504 "GET /payments/shipping/rates/test2/?address=%7B%22full_name%22%3A%22Mfecho%20Jerase%22%2C%22address_line1%22%3A%22Mile%204%20Nkwen%22%2C%22city%22%3A%22Bamenda%22%2C%22state%22%3A%22NW%22%2C%22postal_code%22%3A%2212345%22%2C%22country_code%22%3A%22CM%22%2C%22country_name%22%3A%22Cameroon%22%2C%22email%22%3A%22mjerase92%40gmail.com%22%2C%22phone%22%3A%22680044151%22%7D&type=instant&product=%7B%22title%22%3A%22product1%22%2C%22description%22%3A%22product1%20description%22%2C%22id%22%3A2%2C%22cj_vid%22%3A%22%22%2C%22price%22%3A5%2C%22quantity%22%3A1%2C%22selected_color%22%3A%22%22%2C%22selected_size%22%3A%22%22%2C%22total_price%22%3A5%2C%22weight%22%3A0%2C%22requires_shipping%22%3Atrue%7D HTTP/1.1" 200 381
INFO 2026-07-26 13:28:09,199 basehttp 7124 12504 "POST /payments/api/tax/calculate/test2/ HTTP/1.1" 200 156
ERROR 2026-07-26 13:28:13,384 social_media_service 7124 12504 Validation error in create_social_media_order: ['No social media platforms properly configured.\nwhatsapp: WhatsApp number must be at least 10 digits']
ERROR 2026-07-26 13:28:13,385 views 7124 12504 Payment processing error: ["Social media checkout failed: ['No social media platforms properly configured.\\nwhatsapp: WhatsApp number must be at least 10 digits']"]
Traceback (most recent call last):
  File "D:\360ExtremeBrowserDownload\Test\venv\src\payments\services\checkout_service.py", line 254, in create_social_media_checkout
    result = social_service.create_social_media_order(order_data, customer_info, request)
  File "D:\360ExtremeBrowserDownload\Test\venv\src\payments\services\social_media_service.py", line 733, in create_social_media_order
    raise ValidationError(error_msg)
django.core.exceptions.ValidationError: ['No social media platforms properly configured.\nwhatsapp: WhatsApp number must be at least 10 digits']

During handling of the above exception, another exception occurred:

Traceback (most recent call last):
  File "D:\360ExtremeBrowserDownload\Test\venv\src\payments\views.py", line 590, in process_payment_selection
    result = process_instant_payment(page, gateway, order_data, request)
  File "D:\360ExtremeBrowserDownload\Test\venv\src\payments\views.py", line 625, in process_instant_payment
    result = checkout_service.create_checkout(
        order_data,  # Pass the full order_data
        order_data.get('customer', {}),
        request
    )
  File "D:\360ExtremeBrowserDownload\Test\venv\src\payments\services\checkout_service.py", line 232, in create_checkout
    return self.create_social_media_checkout(order_data, customer_info, request)
           ~~~~~~~~~~~~~~~~~~~~~~~~~~~~~~~~~^^^^^^^^^^^^^^^^^^^^^^^^^^^^^^^^^^^^
  File "D:\360ExtremeBrowserDownload\Test\venv\src\payments\services\checkout_service.py", line 264, in create_social_media_checkout
    raise ValidationError(f"Social media checkout failed: {str(e)}")
django.core.exceptions.ValidationError: ["Social media checkout failed: ['No social media platforms properly configured.\\nwhatsapp: WhatsApp number must be at least 10 digits']"]
WARNING 2026-07-26 13:28:13,547 log 7124 12504 Bad Request: /payments/process-payment/test2/
WARNING 2026-07-26 13:28:13,548 basehttp 7124 12504 "POST /payments/process-payment/test2/ HTTP/1.1" 400 156
ERROR 2026-07-26 13:28:23,140 social_media_service 7124 12504 Validation error in create_social_media_order: ['No social media platforms properly configured.\nwhatsapp: WhatsApp number must be at least 10 digits']
ERROR 2026-07-26 13:28:23,141 views 7124 12504 Payment processing error: ["Social media checkout failed: ['No social media platforms properly configured.\\nwhatsapp: WhatsApp number must be at least 10 digits']"]
Traceback (most recent call last):
  File "D:\360ExtremeBrowserDownload\Test\venv\src\payments\services\checkout_service.py", line 254, in create_social_media_checkout
    result = social_service.create_social_media_order(order_data, customer_info, request)
  File "D:\360ExtremeBrowserDownload\Test\venv\src\payments\services\social_media_service.py", line 733, in create_social_media_order
    raise ValidationError(error_msg)
django.core.exceptions.ValidationError: ['No social media platforms properly configured.\nwhatsapp: WhatsApp number must be at least 10 digits']

During handling of the above exception, another exception occurred:

Traceback (most recent call last):
  File "D:\360ExtremeBrowserDownload\Test\venv\src\payments\views.py", line 590, in process_payment_selection
    result = process_instant_payment(page, gateway, order_data, request)
  File "D:\360ExtremeBrowserDownload\Test\venv\src\payments\views.py", line 625, in process_instant_payment
    result = checkout_service.create_checkout(
        order_data,  # Pass the full order_data
        order_data.get('customer', {}),
        request
    )
  File "D:\360ExtremeBrowserDownload\Test\venv\src\payments\services\checkout_service.py", line 232, in create_checkout
    return self.create_social_media_checkout(order_data, customer_info, request)
           ~~~~~~~~~~~~~~~~~~~~~~~~~~~~~~~~~^^^^^^^^^^^^^^^^^^^^^^^^^^^^^^^^^^^^
  File "D:\360ExtremeBrowserDownload\Test\venv\src\payments\services\checkout_service.py", line 264, in create_social_media_checkout
    raise ValidationError(f"Social media checkout failed: {str(e)}")
django.core.exceptions.ValidationError: ["Social media checkout failed: ['No social media platforms properly configured.\\nwhatsapp: WhatsApp number must be at least 10 digits']"]
WARNING 2026-07-26 13:28:23,308 log 7124 12504 Bad Request: /payments/process-payment/test2/
WARNING 2026-07-26 13:28:23,309 basehttp 7124 12504 "POST /payments/process-payment/test2/ HTTP/1.1" 400 156
INFO 2026-07-26 13:28:38,241 basehttp 7124 6652 "GET /payments/configure-social-media/test2/ HTTP/1.1" 200 50272
INFO 2026-07-26 13:29:48,457 basehttp 7124 16208 "GET /payments/configure-social-media/test2/ HTTP/1.1" 200 50272
INFO 2026-07-26 13:29:49,781 basehttp 7124 16208 "GET /payments/configure-social-media/test2/ HTTP/1.1" 200 50272
INFO 2026-07-26 13:30:07,183 basehttp 7124 16208 "POST /payments/configure-social-media/test2/ HTTP/1.1" 302 0
INFO 2026-07-26 13:30:07,230 basehttp 7124 16208 "GET /payments/manage-gateways/test2/ HTTP/1.1" 200 55966
ERROR 2026-07-26 13:30:24,005 social_media_service 7124 10140 Validation error in create_social_media_order: ["'product1' has insufficient stock. Available: 0, Requested: 1"]
ERROR 2026-07-26 13:30:24,005 views 7124 10140 Payment processing error: ['Social media checkout failed: ["\'product1\' has insufficient stock. Available: 0, Requested: 1"]']
Traceback (most recent call last):
  File "D:\360ExtremeBrowserDownload\Test\venv\src\payments\services\checkout_service.py", line 254, in create_social_media_checkout
    result = social_service.create_social_media_order(order_data, customer_info, request)
  File "D:\360ExtremeBrowserDownload\Test\venv\src\payments\services\social_media_service.py", line 738, in create_social_media_order
    order = self._create_order_from_product(
        order_number, order_data.get('product', {}), customer_info
    )
  File "D:\360ExtremeBrowserDownload\Test\venv\src\payments\services\social_media_service.py", line 818, in _create_order_from_product
    raise ValidationError(error)
django.core.exceptions.ValidationError: ["'product1' has insufficient stock. Available: 0, Requested: 1"]

During handling of the above exception, another exception occurred:

Traceback (most recent call last):
  File "D:\360ExtremeBrowserDownload\Test\venv\src\payments\views.py", line 590, in process_payment_selection
    result = process_instant_payment(page, gateway, order_data, request)
  File "D:\360ExtremeBrowserDownload\Test\venv\src\payments\views.py", line 625, in process_instant_payment
    result = checkout_service.create_checkout(
        order_data,  # Pass the full order_data
        order_data.get('customer', {}),
        request
    )
  File "D:\360ExtremeBrowserDownload\Test\venv\src\payments\services\checkout_service.py", line 232, in create_checkout
    return self.create_social_media_checkout(order_data, customer_info, request)
           ~~~~~~~~~~~~~~~~~~~~~~~~~~~~~~~~~^^^^^^^^^^^^^^^^^^^^^^^^^^^^^^^^^^^^
  File "D:\360ExtremeBrowserDownload\Test\venv\src\payments\services\checkout_service.py", line 264, in create_social_media_checkout
    raise ValidationError(f"Social media checkout failed: {str(e)}")
django.core.exceptions.ValidationError: ['Social media checkout failed: ["\'product1\' has insufficient stock. Available: 0, Requested: 1"]']
WARNING 2026-07-26 13:30:24,177 log 7124 10140 Bad Request: /payments/process-payment/test2/
WARNING 2026-07-26 13:30:24,179 basehttp 7124 10140 "POST /payments/process-payment/test2/ HTTP/1.1" 400 118
INFO 2026-07-26 13:30:36,999 basehttp 7124 5456 "GET /manage-products/test2/ HTTP/1.1" 200 75019
INFO 2026-07-26 13:30:40,410 basehttp 7124 5456 "GET /product-editor/test2/2/ HTTP/1.1" 200 80872
INFO 2026-07-26 13:31:11,256 basehttp 7124 11244 "POST /update-product/test2/2/ HTTP/1.1" 200 60
INFO 2026-07-26 13:31:12,845 basehttp 7124 11244 "GET /manage-products/test2/ HTTP/1.1" 200 75020
INFO 2026-07-26 13:31:19,703 basehttp 7124 5836 "POST /payments/process-payment/test2/ HTTP/1.1" 200 6010
INFO 2026-07-26 13:31:20,056 basehttp 7124 5836 "GET /payments/social-media-success/test2/ HTTP/1.1" 200 37093
INFO 2026-07-26 13:43:02,562 basehttp 7124 17412 "GET /payments/select-payment/test2/?type=instant&product=%7B%22title%22%3A%22product1%22%2C%22description%22%3A%22product1+description%22%2C%22id%22%3A2%2C%22cj_vid%22%3A%22%22%2C%22price%22%3A5%2C%22quantity%22%3A1%2C%22selected_color%22%3A%22%22%2C%22selected_size%22%3A%22%22%2C%22total_price%22%3A5%7D&cart_data=%7B%22items%22%3A%5B%7B%22id%22%3A2%2C%22title%22%3A%22product1%22%2C%22description%22%3A%22product1+description%22%2C%22price%22%3A5%2C%22quantity%22%3A1%2C%22total_price%22%3A5%2C%22cj_vid%22%3A%22%22%2C%22selected_color%22%3A%22%22%2C%22selected_size%22%3A%22%22%7D%5D%2C%22subtotal%22%3A5%2C%22shipping_amount%22%3A5%2C%22tax_amount%22%3A0.4%2C%22total_amount%22%3A10.4%7D HTTP/1.1" 200 94582
WARNING 2026-07-26 13:43:04,329 log 7124 16144 Not Found: /builder/wishlist/data/test2/
WARNING 2026-07-26 13:43:04,332 basehttp 7124 16144 "GET /builder/wishlist/data/test2/ HTTP/1.1" 404 78113
INFO 2026-07-26 13:43:04,633 basehttp 7124 17412 "GET /builder/cart/data/test2/ HTTP/1.1" 200 58
INFO 2026-07-26 13:43:06,544 basehttp 7124 17412 "GET /builder/reviews/test2/2/ HTTP/1.1" 200 314
INFO 2026-07-26 13:43:09,335 basehttp 7124 17412 "POST /builder/cart/add/test2/ HTTP/1.1" 200 94
INFO 2026-07-26 13:43:09,434 basehttp 7124 17412 "GET /builder/cart/data/test2/ HTTP/1.1" 200 299
INFO 2026-07-26 13:43:10,209 basehttp 7124 17412 "GET /payments/select-payment/test2/?type=instant&product=%7B%22title%22%3A%22product1%22%2C%22description%22%3A%22product1+description%22%2C%22id%22%3A2%2C%22cj_vid%22%3A%22%22%2C%22price%22%3A8%2C%22quantity%22%3A1%2C%22selected_color%22%3A%22yellow%22%2C%22selected_size%22%3A%22Large%22%2C%22total_price%22%3A8%7D&cart_data=%7B%22items%22%3A%5B%7B%22id%22%3A2%2C%22title%22%3A%22product1%22%2C%22description%22%3A%22product1+description%22%2C%22price%22%3A8%2C%22quantity%22%3A1%2C%22total_price%22%3A8%2C%22cj_vid%22%3A%22%22%2C%22selected_color%22%3A%22yellow%22%2C%22selected_size%22%3A%22Large%22%7D%5D%2C%22subtotal%22%3A8%2C%22shipping_amount%22%3A5%2C%22tax_amount%22%3A0.64%2C%22total_amount%22%3A13.64%7D HTTP/1.1" 200 94582
INFO 2026-07-26 13:43:27,493 basehttp 7124 7708 "GET /payments/manage-gateways/test2/ HTTP/1.1" 200 55966
INFO 2026-07-26 13:43:28,558 basehttp 7124 7708 "GET /payments/configure-social-media/test2/ HTTP/1.1" 200 50275
INFO 2026-07-26 13:43:29,875 basehttp 7124 7708 "GET /payments/manage-gateways/test2/ HTTP/1.1" 200 55966
INFO 2026-07-26 13:43:31,107 basehttp 7124 7708 "GET /payments/configure-social-media/test2/ HTTP/1.1" 200 50275
INFO 2026-07-26 13:43:32,234 basehttp 7124 7708 "GET /payments/manage-gateways/test2/ HTTP/1.1" 200 55966
INFO 2026-07-26 13:43:36,338 basehttp 7124 7708 "GET /builder/dashboard/ HTTP/1.1" 200 216175
INFO 2026-07-26 13:43:49,324 basehttp 7124 7708 "GET /editor/ModernEcommerce29/test3/ HTTP/1.1" 200 631714
INFO 2026-07-26 13:43:49,714 basehttp 7124 7708 "GET /builder/get-components/ HTTP/1.1" 200 23001
INFO 2026-07-26 13:43:49,808 basehttp 7124 7708 "GET /builder/load-template/ModernEcommerce29/?page=home&edit=test3 HTTP/1.1" 200 74564
INFO 2026-07-26 13:43:49,880 basehttp 7124 7708 "GET /builder/api/page-palette/test3/ HTTP/1.1" 200 31
INFO 2026-07-26 13:43:49,919 basehttp 7124 9076 "GET /builder/api/color-palettes/?page_subdomain=test3 HTTP/1.1" 200 55005
INFO 2026-07-26 13:43:50,117 basehttp 7124 9076 "GET /builder/api/color-palettes/?page_subdomain=test3 HTTP/1.1" 200 55005
INFO 2026-07-26 13:43:50,386 basehttp 7124 9076 "GET /builder/api/template-color-variables/ModernEcommerce29/ HTTP/1.1" 200 1025
INFO 2026-07-26 13:43:50,421 basehttp 7124 9076 "GET /builder/api/page-palette/test3/ HTTP/1.1" 200 31
INFO 2026-07-26 13:44:32,307 basehttp 7124 7516 "GET / HTTP/1.1" 200 101367
WARNING 2026-07-26 13:44:32,735 log 7124 7516 Not Found: /builder/wishlist/data/test3/
WARNING 2026-07-26 13:44:32,738 basehttp 7124 7516 "GET /builder/wishlist/data/test3/ HTTP/1.1" 404 78113
WARNING 2026-07-26 13:44:32,768 log 7124 10468 Not Found: /favicon.ico
WARNING 2026-07-26 13:44:32,769 basehttp 7124 10468 "GET /favicon.ico HTTP/1.1" 404 43919
INFO 2026-07-26 13:44:33,055 basehttp 7124 4696 "GET /builder/cart/data/test3/ HTTP/1.1" 200 58
INFO 2026-07-26 13:44:39,016 basehttp 7124 4696 "GET /variant_images/11448a7a96ee808a3cdbaf0df9570976_NZe6dcA.webp HTTP/1.1" 200 8006
INFO 2026-07-26 13:45:00,300 basehttp 7124 4696 "GET /variant_images/1_NyBwnrM-CmtCeb1Ds5119w.png HTTP/1.1" 200 45429
INFO 2026-07-26 13:45:03,740 basehttp 7124 4696 "POST /builder/cart/add/test3/ HTTP/1.1" 200 94
INFO 2026-07-26 13:45:04,203 basehttp 7124 4696 "GET /builder/cart/data/test3/ HTTP/1.1" 200 289
INFO 2026-07-26 13:45:30,205 basehttp 7124 4696 "GET /payments/select-payment/test3/ HTTP/1.1" 200 90081
INFO 2026-07-26 13:45:30,239 basehttp 7124 10468 "GET /static/js/checkout.js HTTP/1.1" 200 4447
INFO 2026-07-26 13:45:30,239 basehttp 7124 4696 "GET /static/accounts/js/auth.js HTTP/1.1" 200 1805
INFO 2026-07-26 13:51:27,437 basehttp 7124 9992 "GET / HTTP/1.1" 200 112325
WARNING 2026-07-26 13:51:28,715 log 7124 5928 Not Found: /builder/wishlist/data/test3/
WARNING 2026-07-26 13:51:28,716 basehttp 7124 5928 "GET /builder/wishlist/data/test3/ HTTP/1.1" 404 78113
INFO 2026-07-26 13:51:29,021 basehttp 7124 9992 "GET /builder/cart/data/test3/ HTTP/1.1" 200 289
INFO 2026-07-26 13:51:42,875 basehttp 7124 9992 "GET /variant_images/1024px-HTML5_logo_and_wordmark.svg.png HTTP/1.1" 200 30317
INFO 2026-07-26 13:51:48,431 basehttp 7124 9992 "POST /builder/cart/add/test3/ HTTP/1.1" 200 110
INFO 2026-07-26 13:51:55,189 basehttp 7124 9992 "GET /payments/select-payment/test3/?type=instant&product=%7B%22title%22%3A%22Product3%22%2C%22description%22%3A%22Product3+Description%22%2C%22id%22%3A3%2C%22cj_vid%22%3A%22%22%2C%22price%22%3A4%2C%22quantity%22%3A1%2C%22selected_color%22%3A%22red%22%2C%22selected_size%22%3A%22small%22%2C%22total_price%22%3A4%7D&cart_data=%7B%22items%22%3A%5B%7B%22id%22%3A3%2C%22title%22%3A%22Product3%22%2C%22description%22%3A%22Product3+Description%22%2C%22price%22%3A4%2C%22quantity%22%3A1%2C%22total_price%22%3A4%2C%22cj_vid%22%3A%22%22%2C%22selected_color%22%3A%22red%22%2C%22selected_size%22%3A%22small%22%7D%5D%2C%22subtotal%22%3A4%2C%22shipping_amount%22%3A5%2C%22tax_amount%22%3A0.32%2C%22total_amount%22%3A9.32%7D HTTP/1.1" 200 90081
INFO 2026-07-26 13:52:03,464 basehttp 7124 9992 "POST /builder/cart/remove/test3/ HTTP/1.1" 200 94
INFO 2026-07-26 13:52:03,796 basehttp 7124 9992 "GET /builder/cart/data/test3/ HTTP/1.1" 200 58
INFO 2026-07-26 13:52:10,422 basehttp 7124 15652 "GET / HTTP/1.1" 200 123756
INFO 2026-07-26 13:52:10,955 basehttp 7124 15652 "GET /builder/cart/data/test2/ HTTP/1.1" 200 299
WARNING 2026-07-26 13:52:11,327 log 7124 1020 Not Found: /builder/wishlist/data/test2/
WARNING 2026-07-26 13:52:11,329 basehttp 7124 1020 "GET /builder/wishlist/data/test2/ HTTP/1.1" 404 78113
INFO 2026-07-26 13:52:11,372 basehttp 7124 1020 "GET /variant_images/11448a7a96ee808a3cdbaf0df9570976.webp HTTP/1.1" 200 8006
INFO 2026-07-26 13:52:18,071 basehttp 7124 1020 "POST /builder/cart/remove/test2/ HTTP/1.1" 200 94
INFO 2026-07-26 13:52:18,371 basehttp 7124 1020 "GET /builder/cart/data/test2/ HTTP/1.1" 200 58
INFO 2026-07-26 13:57:29,736 basehttp 7124 13488 "GET / HTTP/1.1" 200 118704
WARNING 2026-07-26 13:57:30,771 log 7124 13488 Not Found: /builder/wishlist/data/test4/
WARNING 2026-07-26 13:57:30,773 basehttp 7124 13488 "GET /builder/wishlist/data/test4/ HTTP/1.1" 404 78113
INFO 2026-07-26 13:57:31,071 basehttp 7124 17252 "GET /builder/cart/data/test4/ HTTP/1.1" 200 58
INFO 2026-07-26 13:57:36,356 basehttp 7124 17252 "GET /variant_images/1024px-HTML5_logo_and_wordmark_KD8zwcU.svg.png HTTP/1.1" 200 30317
INFO 2026-07-26 13:57:56,450 basehttp 7124 17252 "GET /variant_images/1_NyBwnrM-CmtCeb1Ds5119w_EOXAQoN.png HTTP/1.1" 200 45429
INFO 2026-07-26 13:58:09,569 basehttp 7124 17252 "POST /builder/cart/add/test4/ HTTP/1.1" 200 94
INFO 2026-07-26 13:58:09,958 basehttp 7124 17252 "GET /builder/cart/data/test4/ HTTP/1.1" 200 300
INFO 2026-07-26 13:58:10,471 basehttp 7124 17252 "GET /payments/select-payment/test4/?type=instant&product=%7B%22title%22%3A%22product4%22%2C%22description%22%3A%22product4+description%22%2C%22id%22%3A4%2C%22cj_vid%22%3A%22%22%2C%22price%22%3A23%2C%22quantity%22%3A1%2C%22selected_color%22%3A%22black%22%2C%22selected_size%22%3A%22small%22%2C%22total_price%22%3A23%7D&cart_data=%7B%22items%22%3A%5B%7B%22id%22%3A4%2C%22title%22%3A%22product4%22%2C%22description%22%3A%22product4+description%22%2C%22price%22%3A23%2C%22quantity%22%3A1%2C%22total_price%22%3A23%2C%22cj_vid%22%3A%22%22%2C%22selected_color%22%3A%22black%22%2C%22selected_size%22%3A%22small%22%7D%5D%2C%22subtotal%22%3A23%2C%22shipping_amount%22%3A5%2C%22tax_amount%22%3A1.84%2C%22total_amount%22%3A29.84%7D HTTP/1.1" 200 90081
INFO 2026-07-26 13:58:10,582 basehttp 7124 13488 "GET /static/js/checkout.js HTTP/1.1" 200 4447
INFO 2026-07-26 13:58:10,582 basehttp 7124 17252 "GET /static/accounts/js/auth.js HTTP/1.1" 200 1805
INFO 2026-07-26 13:59:35,892 basehttp 7124 13488 "GET /payments/select-payment/test4/?type=instant&product=%7B%22title%22%3A%22product4%22%2C%22description%22%3A%22product4+description%22%2C%22id%22%3A4%2C%22cj_vid%22%3A%22%22%2C%22price%22%3A23%2C%22quantity%22%3A1%2C%22selected_color%22%3A%22black%22%2C%22selected_size%22%3A%22small%22%2C%22total_price%22%3A23%7D&cart_data=%7B%22items%22%3A%5B%7B%22id%22%3A4%2C%22title%22%3A%22product4%22%2C%22description%22%3A%22product4+description%22%2C%22price%22%3A23%2C%22quantity%22%3A1%2C%22total_price%22%3A23%2C%22cj_vid%22%3A%22%22%2C%22selected_color%22%3A%22black%22%2C%22selected_size%22%3A%22small%22%7D%5D%2C%22subtotal%22%3A23%2C%22shipping_amount%22%3A5%2C%22tax_amount%22%3A1.84%2C%22total_amount%22%3A29.84%7D HTTP/1.1" 200 90081
INFO 2026-07-26 14:04:09,602 basehttp 7124 12560 "GET /editor/ModernEcommerce30/test4/ HTTP/1.1" 200 659527
INFO 2026-07-26 14:04:09,829 basehttp 7124 12560 "GET /builder/get-components/ HTTP/1.1" 200 23001
INFO 2026-07-26 14:04:09,970 basehttp 7124 12560 "GET /builder/load-template/ModernEcommerce30/?page=home&edit=test4 HTTP/1.1" 200 87740
INFO 2026-07-26 14:04:10,038 basehttp 7124 12560 "GET /builder/api/page-palette/test4/ HTTP/1.1" 200 31
INFO 2026-07-26 14:04:10,070 basehttp 7124 1356 "GET /builder/api/color-palettes/?page_subdomain=test4 HTTP/1.1" 200 55005
INFO 2026-07-26 14:04:10,394 basehttp 7124 1356 "GET /builder/api/color-palettes/?page_subdomain=test4 HTTP/1.1" 200 55005
INFO 2026-07-26 14:04:10,485 basehttp 7124 1356 "GET /builder/api/template-color-variables/ModernEcommerce30/ HTTP/1.1" 200 1218
INFO 2026-07-26 14:04:10,551 basehttp 7124 1356 "GET /builder/api/page-palette/test4/ HTTP/1.1" 200 31
INFO 2026-07-26 14:04:23,704 basehttp 7124 1356 "POST /builder/api/apply-color-palette/test4/ HTTP/1.1" 200 1092
INFO 2026-07-26 14:04:31,889 basehttp 7124 16712 "GET / HTTP/1.1" 200 118858
WARNING 2026-07-26 14:04:32,396 log 7124 3312 Not Found: /favicon.ico
WARNING 2026-07-26 14:04:32,401 basehttp 7124 3312 "GET /favicon.ico HTTP/1.1" 404 43919
WARNING 2026-07-26 14:04:32,550 log 7124 17336 Not Found: /builder/wishlist/data/test4/
WARNING 2026-07-26 14:04:32,551 basehttp 7124 17336 "GET /builder/wishlist/data/test4/ HTTP/1.1" 404 78113
INFO 2026-07-26 14:04:32,867 basehttp 7124 16712 "GET /builder/cart/data/test4/ HTTP/1.1" 200 300
INFO 2026-07-26 14:05:16,064 basehttp 7124 16712 "POST /builder/review/submit/test4/ HTTP/1.1" 200 78
INFO 2026-07-26 14:05:30,096 basehttp 7124 16712 "GET / HTTP/1.1" 200 119160
WARNING 2026-07-26 14:05:30,830 log 7124 17336 Not Found: /builder/wishlist/data/test4/
INFO 2026-07-26 14:05:30,835 basehttp 7124 16712 "GET /builder/cart/data/test4/ HTTP/1.1" 200 300
WARNING 2026-07-26 14:05:30,836 basehttp 7124 17336 "GET /builder/wishlist/data/test4/ HTTP/1.1" 404 78113
INFO 2026-07-26 14:09:29,696 basehttp 7124 17336 "GET / HTTP/1.1" 200 118950
INFO 2026-07-26 14:09:30,478 basehttp 7124 17336 "GET /builder/cart/data/test4/ HTTP/1.1" 200 300
WARNING 2026-07-26 14:09:30,884 log 7124 16712 Not Found: /builder/wishlist/data/test4/
WARNING 2026-07-26 14:09:30,885 basehttp 7124 16712 "GET /builder/wishlist/data/test4/ HTTP/1.1" 404 78113
WARNING 2026-07-26 14:14:19,220 log 7124 16712 Not Found: /.well-known/appspecific/com.chrome.devtools.json
WARNING 2026-07-26 14:14:19,241 basehttp 7124 16712 "GET /.well-known/appspecific/com.chrome.devtools.json HTTP/1.1" 404 44067
INFO 2026-07-26 15:04:21,197 basehttp 7124 12476 "GET / HTTP/1.1" 200 120187
WARNING 2026-07-26 15:04:21,899 log 7124 19024 Not Found: /builder/wishlist/data/test4/
INFO 2026-07-26 15:04:21,902 basehttp 7124 12476 "GET /builder/cart/data/test4/ HTTP/1.1" 200 300
WARNING 2026-07-26 15:04:21,902 basehttp 7124 19024 "GET /builder/wishlist/data/test4/ HTTP/1.1" 404 78113
INFO 2026-07-26 15:05:31,663 basehttp 7124 19024 "GET / HTTP/1.1" 200 123206
WARNING 2026-07-26 15:05:32,442 log 7124 12476 Not Found: /builder/wishlist/data/test4/
WARNING 2026-07-26 15:05:32,453 basehttp 7124 12476 "GET /builder/wishlist/data/test4/ HTTP/1.1" 404 78113
INFO 2026-07-26 15:05:32,479 basehttp 7124 19024 "GET /builder/cart/data/test4/ HTTP/1.1" 200 300
INFO 2026-07-26 15:43:46,740 basehttp 7124 13516 "GET /builder/dashboard/ HTTP/1.1" 200 216174
INFO 2026-07-26 15:44:08,685 basehttp 7124 5416 "GET / HTTP/1.1" 200 105868
INFO 2026-07-26 15:44:09,781 basehttp 7124 5416 "GET /builder/cart/data/test5/ HTTP/1.1" 200 58
WARNING 2026-07-26 15:44:10,159 log 7124 9792 Not Found: /builder/wishlist/data/test5/
WARNING 2026-07-26 15:44:10,161 basehttp 7124 9792 "GET /builder/wishlist/data/test5/ HTTP/1.1" 404 78113
WARNING 2026-07-26 15:44:12,123 log 7124 9792 Not Found: /favicon.ico
WARNING 2026-07-26 15:44:12,125 basehttp 7124 9792 "GET /favicon.ico HTTP/1.1" 404 43919
INFO 2026-07-26 15:44:13,780 basehttp 7124 9792 "GET /variant_images/1024px-HTML5_logo_and_wordmark_GzMoFbS.svg.png HTTP/1.1" 200 30317
INFO 2026-07-26 15:44:16,082 basehttp 7124 9792 "GET /variant_images/bootstrap-original-wordmark-8x_BMo7CXs.png HTTP/1.1" 200 79761
INFO 2026-07-26 15:45:19,797 basehttp 7124 9792 "GET / HTTP/1.1" 200 116693
WARNING 2026-07-26 15:45:20,499 log 7124 5416 Not Found: /builder/wishlist/data/test5/
WARNING 2026-07-26 15:45:20,500 basehttp 7124 5416 "GET /builder/wishlist/data/test5/ HTTP/1.1" 404 78113
INFO 2026-07-26 15:45:20,605 basehttp 7124 9792 "GET /builder/cart/data/test5/ HTTP/1.1" 200 58
INFO 2026-07-26 15:45:31,180 basehttp 7124 9792 "POST /builder/cart/add/test5/ HTTP/1.1" 200 94
INFO 2026-07-26 15:45:31,546 basehttp 7124 9792 "GET /builder/cart/data/test5/ HTTP/1.1" 200 304
INFO 2026-07-26 15:45:32,082 basehttp 7124 9792 "GET /payments/select-payment/test5/?type=instant&product=%7B%22title%22%3A%22Product5%22%2C%22description%22%3A%22Product5+description%22%2C%22id%22%3A6%2C%22cj_vid%22%3A%22%22%2C%22price%22%3A15%2C%22quantity%22%3A3%2C%22selected_color%22%3A%22purple%22%2C%22selected_size%22%3A%22XL%22%2C%22total_price%22%3A45%7D&cart_data=%7B%22items%22%3A%5B%7B%22id%22%3A6%2C%22title%22%3A%22Product5%22%2C%22description%22%3A%22Product5+description%22%2C%22price%22%3A15%2C%22quantity%22%3A3%2C%22total_price%22%3A45%2C%22cj_vid%22%3A%22%22%2C%22selected_color%22%3A%22purple%22%2C%22selected_size%22%3A%22XL%22%7D%5D%2C%22subtotal%22%3A45%2C%22shipping_amount%22%3A5%2C%22tax_amount%22%3A3.6%2C%22total_amount%22%3A53.6%7D HTTP/1.1" 200 90081
INFO 2026-07-26 15:45:32,189 basehttp 7124 9792 "GET /static/accounts/js/auth.js HTTP/1.1" 200 1805
INFO 2026-07-26 15:45:32,217 basehttp 7124 5416 "GET /static/js/checkout.js HTTP/1.1" 200 4447
INFO 2026-07-26 15:46:56,979 basehttp 7124 19308 "GET / HTTP/1.1" 200 96036
WARNING 2026-07-26 15:46:57,999 log 7124 2276 Not Found: /builder/wishlist/data/test6/
WARNING 2026-07-26 15:46:58,003 basehttp 7124 2276 "GET /builder/wishlist/data/test6/ HTTP/1.1" 404 78113
INFO 2026-07-26 15:46:58,280 basehttp 7124 19308 "GET /builder/cart/data/test6/ HTTP/1.1" 200 58
WARNING 2026-07-26 15:47:03,095 log 7124 19308 Not Found: /favicon.ico
WARNING 2026-07-26 15:47:03,097 basehttp 7124 19308 "GET /favicon.ico HTTP/1.1" 404 43919
INFO 2026-07-26 15:47:03,202 basehttp 7124 19308 "GET /variant_images/1024px-HTML5_logo_and_wordmark_wkVocme.svg.png HTTP/1.1" 200 30317
INFO 2026-07-26 15:47:07,981 basehttp 7124 19308 "GET /variant_images/ajax-logo_oHInHB0.jpg_QjkAM5zT2.jpg HTTP/1.1" 200 22380
INFO 2026-07-26 15:48:28,881 basehttp 7124 19308 "GET / HTTP/1.1" 200 104892
INFO 2026-07-26 15:48:29,748 basehttp 7124 19308 "GET /builder/cart/data/test6/ HTTP/1.1" 200 58
WARNING 2026-07-26 15:48:29,975 log 7124 2276 Not Found: /builder/wishlist/data/test6/
WARNING 2026-07-26 15:48:29,985 basehttp 7124 2276 "GET /builder/wishlist/data/test6/ HTTP/1.1" 404 78113
INFO 2026-07-26 15:48:57,003 basehttp 7124 2276 "POST /builder/cart/add/test6/ HTTP/1.1" 200 94
INFO 2026-07-26 15:48:57,310 basehttp 7124 2276 "GET /builder/cart/data/test6/ HTTP/1.1" 200 306
INFO 2026-07-26 15:48:57,891 basehttp 7124 2276 "GET /payments/select-payment/test6/?type=instant&product=%7B%22title%22%3A%22Product6%22%2C%22description%22%3A%22Product6+Details%22%2C%22id%22%3A7%2C%22cj_vid%22%3A%22%22%2C%22price%22%3A24%2C%22quantity%22%3A1%2C%22selected_color%22%3A%22red%22%2C%22selected_size%22%3A%22XXL%22%2C%22selected_volume%22%3A%22%22%2C%22total_price%22%3A24%7D&cart_data=%7B%22items%22%3A%5B%7B%22id%22%3A7%2C%22title%22%3A%22Product6%22%2C%22description%22%3A%22Product6+Details%22%2C%22price%22%3A24%2C%22quantity%22%3A1%2C%22total_price%22%3A24%2C%22cj_vid%22%3A%22%22%2C%22selected_color%22%3A%22red%22%2C%22selected_size%22%3A%22XXL%22%2C%22selected_volume%22%3A%22%22%7D%5D%2C%22subtotal%22%3A24%2C%22shipping_amount%22%3A5%2C%22tax_amount%22%3A1.92%2C%22total_amount%22%3A30.92%7D HTTP/1.1" 200 90081
INFO 2026-07-26 15:48:57,925 basehttp 7124 2276 "GET /static/accounts/js/auth.js HTTP/1.1" 200 1805
INFO 2026-07-26 15:48:57,925 basehttp 7124 19308 "GET /static/js/checkout.js HTTP/1.1" 200 4447
INFO 2026-07-26 15:53:36,223 basehttp 7124 19308 "GET / HTTP/1.1" 200 104892
INFO 2026-07-26 15:53:36,655 basehttp 7124 19308 "GET /builder/cart/data/test6/ HTTP/1.1" 200 306
WARNING 2026-07-26 15:53:37,023 log 7124 2276 Not Found: /builder/wishlist/data/test6/
WARNING 2026-07-26 15:53:37,025 basehttp 7124 2276 "GET /builder/wishlist/data/test6/ HTTP/1.1" 404 78113
INFO 2026-07-26 15:54:29,111 basehttp 7124 2276 "GET / HTTP/1.1" 200 110543
WARNING 2026-07-26 15:54:29,754 log 7124 2276 Not Found: /builder/wishlist/data/test6/
WARNING 2026-07-26 15:54:29,755 basehttp 7124 2276 "GET /builder/wishlist/data/test6/ HTTP/1.1" 404 78113
INFO 2026-07-26 15:54:30,032 basehttp 7124 19308 "GET /builder/cart/data/test6/ HTTP/1.1" 200 306
INFO 2026-07-26 15:54:36,742 basehttp 7124 19308 "GET /variant_images/ajax-logo_oHInHB0.jpg_QjkAM5zT2.jpg HTTP/1.1" 200 22380
INFO 2026-07-26 15:55:12,142 basehttp 7124 19308 "POST /builder/review/submit/test6/ HTTP/1.1" 200 78
INFO 2026-07-26 15:59:16,102 basehttp 7124 19308 "GET / HTTP/1.1" 200 113295
INFO 2026-07-26 15:59:16,523 basehttp 7124 19308 "GET /builder/cart/data/test6/ HTTP/1.1" 200 306
WARNING 2026-07-26 15:59:16,795 log 7124 2276 Not Found: /builder/wishlist/data/test6/
WARNING 2026-07-26 15:59:16,796 basehttp 7124 2276 "GET /builder/wishlist/data/test6/ HTTP/1.1" 404 78113
WARNING 2026-07-26 16:00:44,931 log 7124 2276 Not Found: /.well-known/appspecific/com.chrome.devtools.json
WARNING 2026-07-26 16:00:45,002 basehttp 7124 2276 "GET /.well-known/appspecific/com.chrome.devtools.json HTTP/1.1" 404 44067
INFO 2026-07-26 16:05:44,295 basehttp 7124 2096 "GET / HTTP/1.1" 200 113293
WARNING 2026-07-26 16:05:44,647 log 7124 2096 Not Found: /.well-known/appspecific/com.chrome.devtools.json
WARNING 2026-07-26 16:05:44,937 basehttp 7124 2096 "GET /.well-known/appspecific/com.chrome.devtools.json HTTP/1.1" 404 44067
WARNING 2026-07-26 16:05:45,448 log 7124 2448 Not Found: /builder/wishlist/data/test6/
WARNING 2026-07-26 16:05:45,449 basehttp 7124 2448 "GET /builder/wishlist/data/test6/ HTTP/1.1" 404 78113
INFO 2026-07-26 16:05:45,757 basehttp 7124 4620 "GET /builder/cart/data/test6/ HTTP/1.1" 200 306
INFO 2026-07-26 16:05:45,803 basehttp 7124 4620 "GET /variant_images/1024px-HTML5_logo_and_wordmark_wkVocme.svg.png HTTP/1.1" 200 30317
INFO 2026-07-26 16:09:47,279 basehttp 7124 4620 "GET / HTTP/1.1" 200 113304
WARNING 2026-07-26 16:09:47,448 log 7124 4620 Not Found: /.well-known/appspecific/com.chrome.devtools.json
WARNING 2026-07-26 16:09:47,468 basehttp 7124 4620 "GET /.well-known/appspecific/com.chrome.devtools.json HTTP/1.1" 404 44067
INFO 2026-07-26 16:09:47,568 basehttp 7124 2448 "GET /builder/cart/data/test6/ HTTP/1.1" 200 306
WARNING 2026-07-26 16:09:48,427 log 7124 4620 Not Found: /builder/wishlist/data/test6/
WARNING 2026-07-26 16:09:48,428 basehttp 7124 4620 "GET /builder/wishlist/data/test6/ HTTP/1.1" 404 78113
INFO 2026-07-26 16:11:10,479 basehttp 7124 4620 "GET / HTTP/1.1" 200 113302
WARNING 2026-07-26 16:11:10,632 log 7124 4620 Not Found: /.well-known/appspecific/com.chrome.devtools.json
WARNING 2026-07-26 16:11:10,707 basehttp 7124 4620 "GET /.well-known/appspecific/com.chrome.devtools.json HTTP/1.1" 404 44067
WARNING 2026-07-26 16:11:11,470 log 7124 2448 Not Found: /builder/wishlist/data/test6/
WARNING 2026-07-26 16:11:11,474 basehttp 7124 2448 "GET /builder/wishlist/data/test6/ HTTP/1.1" 404 78113
INFO 2026-07-26 16:11:11,789 basehttp 7124 4620 "GET /builder/cart/data/test6/ HTTP/1.1" 200 306
INFO 2026-07-26 16:11:12,276 basehttp 7124 4620 "POST /builder/cart/add/test6/ HTTP/1.1" 200 110
INFO 2026-07-26 16:13:12,760 basehttp 7124 9260 "GET / HTTP/1.1" 200 113305
WARNING 2026-07-26 16:13:12,992 log 7124 9260 Not Found: /.well-known/appspecific/com.chrome.devtools.json
WARNING 2026-07-26 16:13:13,224 basehttp 7124 9260 "GET /.well-known/appspecific/com.chrome.devtools.json HTTP/1.1" 404 44067
WARNING 2026-07-26 16:13:14,584 log 7124 9524 Not Found: /builder/wishlist/data/test6/
INFO 2026-07-26 16:13:14,584 basehttp 7124 5112 "GET /builder/cart/data/test6/ HTTP/1.1" 200 306
WARNING 2026-07-26 16:13:14,590 basehttp 7124 9524 "GET /builder/wishlist/data/test6/ HTTP/1.1" 404 78113
INFO 2026-07-26 16:14:30,280 basehttp 7124 9524 "GET / HTTP/1.1" 200 113305
WARNING 2026-07-26 16:14:30,475 log 7124 9524 Not Found: /.well-known/appspecific/com.chrome.devtools.json
WARNING 2026-07-26 16:14:30,506 basehttp 7124 9524 "GET /.well-known/appspecific/com.chrome.devtools.json HTTP/1.1" 404 44067
WARNING 2026-07-26 16:14:31,762 log 7124 18196 Not Found: /builder/wishlist/data/test6/
WARNING 2026-07-26 16:14:31,788 basehttp 7124 18196 "GET /builder/wishlist/data/test6/ HTTP/1.1" 404 78113
INFO 2026-07-26 16:14:31,809 basehttp 7124 5112 "GET /builder/cart/data/test6/ HTTP/1.1" 200 306
INFO 2026-07-26 16:16:03,710 basehttp 7124 18196 "POST /builder/cart/add/test6/ HTTP/1.1" 200 110
INFO 2026-07-26 16:16:09,101 basehttp 7124 18196 "POST /builder/cart/remove/test6/ HTTP/1.1" 200 94
INFO 2026-07-26 16:16:09,442 basehttp 7124 18196 "GET /builder/cart/data/test6/ HTTP/1.1" 200 58
INFO 2026-07-26 16:17:03,411 basehttp 7124 16504 "GET / HTTP/1.1" 200 122249
INFO 2026-07-26 16:17:04,274 basehttp 7124 16504 "GET /builder/cart/data/test6/ HTTP/1.1" 200 58
WARNING 2026-07-26 16:17:04,280 log 7124 11360 Not Found: /builder/wishlist/data/test6/
WARNING 2026-07-26 16:17:04,283 basehttp 7124 11360 "GET /builder/wishlist/data/test6/ HTTP/1.1" 404 78113
INFO 2026-07-26 16:17:49,726 basehttp 7124 11360 "GET / HTTP/1.1" 200 122249
INFO 2026-07-26 16:17:50,167 basehttp 7124 11360 "GET /builder/cart/data/test6/ HTTP/1.1" 200 58
WARNING 2026-07-26 16:17:50,472 log 7124 16504 Not Found: /builder/wishlist/data/test6/
WARNING 2026-07-26 16:17:50,475 basehttp 7124 16504 "GET /builder/wishlist/data/test6/ HTTP/1.1" 404 78113
WARNING 2026-07-26 16:17:55,147 log 7124 16504 Not Found: /.well-known/appspecific/com.chrome.devtools.json
WARNING 2026-07-26 16:17:55,157 basehttp 7124 16504 "GET /.well-known/appspecific/com.chrome.devtools.json HTTP/1.1" 404 44067
INFO 2026-07-26 16:18:02,304 basehttp 7124 16504 "POST /builder/cart/add/test6/ HTTP/1.1" 200 94
INFO 2026-07-26 16:18:02,705 basehttp 7124 16504 "GET /builder/cart/data/test6/ HTTP/1.1" 200 217
INFO 2026-07-26 16:18:29,589 basehttp 7124 16504 "GET / HTTP/1.1" 200 113305
WARNING 2026-07-26 16:18:29,741 log 7124 16504 Not Found: /.well-known/appspecific/com.chrome.devtools.json
WARNING 2026-07-26 16:18:29,752 basehttp 7124 16504 "GET /.well-known/appspecific/com.chrome.devtools.json HTTP/1.1" 404 44067
INFO 2026-07-26 16:18:30,539 basehttp 7124 11360 "GET /builder/cart/data/test6/ HTTP/1.1" 200 217
WARNING 2026-07-26 16:18:30,929 log 7124 18640 Not Found: /builder/wishlist/data/test6/
WARNING 2026-07-26 16:18:30,931 basehttp 7124 18640 "GET /builder/wishlist/data/test6/ HTTP/1.1" 404 78113
INFO 2026-07-26 16:18:46,195 basehttp 7124 18640 "POST /builder/cart/add/test6/ HTTP/1.1" 200 110
INFO 2026-07-26 16:19:02,601 basehttp 7124 18640 "POST /builder/cart/add/test6/ HTTP/1.1" 200 110
INFO 2026-07-26 16:19:16,060 basehttp 7124 11360 "GET /variant_images/ajax-logo_oHInHB0.jpg_QjkAM5zT2.jpg HTTP/1.1" 200 22380
INFO 2026-07-26 16:19:16,060 basehttp 7124 18640 "GET /variant_images/1024px-HTML5_logo_and_wordmark_wkVocme.svg.png HTTP/1.1" 200 30317
INFO 2026-07-26 16:19:23,995 basehttp 7124 11360 "GET /payments/select-payment/test6/?type=instant&product=%7B%22title%22%3A%22Product6%22%2C%22description%22%3A%22Product6+Details%22%2C%22id%22%3A7%2C%22cj_vid%22%3A%22%22%2C%22price%22%3A24%2C%22quantity%22%3A1%2C%22total_price%22%3A24%2C%22selected_options%22%3A%7B%22Size%22%3A%22XXL%22%2C%22color%22%3A%22red%22%7D%7D&cart_data=%7B%22items%22%3A%5B%7B%22id%22%3A7%2C%22title%22%3A%22Product6%22%2C%22description%22%3A%22Product6+Details%22%2C%22price%22%3A24%2C%22quantity%22%3A1%2C%22total_price%22%3A24%2C%22cj_vid%22%3A%22%22%2C%22selected_options%22%3A%7B%22Size%22%3A%22XXL%22%2C%22color%22%3A%22red%22%7D%7D%5D%2C%22subtotal%22%3A24%2C%22shipping_amount%22%3A5%2C%22tax_amount%22%3A1.92%2C%22total_amount%22%3A30.92%7D HTTP/1.1" 200 90081
INFO 2026-07-26 16:19:34,433 basehttp 7124 11360 "POST /builder/cart/remove/test6/ HTTP/1.1" 200 94
INFO 2026-07-26 16:19:34,805 basehttp 7124 11360 "GET /builder/cart/data/test6/ HTTP/1.1" 200 58
INFO 2026-07-26 16:19:41,612 basehttp 7124 11360 "POST /builder/cart/add/test6/ HTTP/1.1" 200 94
INFO 2026-07-26 16:19:41,946 basehttp 7124 11360 "GET /builder/cart/data/test6/ HTTP/1.1" 200 306
INFO 2026-07-26 16:19:42,468 basehttp 7124 11360 "GET /payments/select-payment/test6/?type=instant&product=%7B%22title%22%3A%22Product6%22%2C%22description%22%3A%22Product6+Details%22%2C%22id%22%3A7%2C%22cj_vid%22%3A%22%22%2C%22price%22%3A24%2C%22quantity%22%3A1%2C%22total_price%22%3A24%2C%22selected_options%22%3A%7B%22Size%22%3A%22XXL%22%2C%22color%22%3A%22red%22%7D%7D&cart_data=%7B%22items%22%3A%5B%7B%22id%22%3A7%2C%22title%22%3A%22Product6%22%2C%22description%22%3A%22Product6+Details%22%2C%22price%22%3A24%2C%22quantity%22%3A1%2C%22total_price%22%3A24%2C%22cj_vid%22%3A%22%22%2C%22selected_options%22%3A%7B%22Size%22%3A%22XXL%22%2C%22color%22%3A%22red%22%7D%7D%5D%2C%22subtotal%22%3A24%2C%22shipping_amount%22%3A5%2C%22tax_amount%22%3A1.92%2C%22total_amount%22%3A30.92%7D HTTP/1.1" 200 90081
INFO 2026-07-26 16:20:13,491 basehttp 7124 11360 "GET / HTTP/1.1" 200 113305
WARNING 2026-07-26 16:20:14,751 log 7124 18640 Not Found: /builder/wishlist/data/test6/
WARNING 2026-07-26 16:20:14,754 basehttp 7124 18640 "GET /builder/wishlist/data/test6/ HTTP/1.1" 404 78113
INFO 2026-07-26 16:20:14,754 basehttp 7124 11360 "GET /builder/cart/data/test6/ HTTP/1.1" 200 306
INFO 2026-07-26 16:20:48,649 basehttp 7124 18640 "GET /variant_images/ajax-logo_oHInHB0.jpg_QjkAM5zT2.jpg HTTP/1.1" 200 22380
INFO 2026-07-26 16:20:59,672 basehttp 7124 3532 "GET / HTTP/1.1" 200 122841
INFO 2026-07-26 16:21:00,416 basehttp 7124 3532 "GET /builder/cart/data/test5/ HTTP/1.1" 200 304
WARNING 2026-07-26 16:21:00,702 log 7124 17464 Not Found: /builder/wishlist/data/test5/
WARNING 2026-07-26 16:21:00,704 basehttp 7124 17464 "GET /builder/wishlist/data/test5/ HTTP/1.1" 404 78113
INFO 2026-07-26 16:21:00,736 basehttp 7124 3532 "GET /variant_images/bootstrap-original-wordmark-8x_BMo7CXs.png HTTP/1.1" 200 79761
INFO 2026-07-26 16:21:03,596 basehttp 7124 3532 "GET /variant_images/1024px-HTML5_logo_and_wordmark_GzMoFbS.svg.png HTTP/1.1" 200 30317
INFO 2026-07-26 16:21:10,941 basehttp 7124 3532 "POST /builder/cart/add/test5/ HTTP/1.1" 200 97
INFO 2026-07-26 16:21:11,362 basehttp 7124 3532 "GET /builder/cart/data/test5/ HTTP/1.1" 200 304
INFO 2026-07-26 16:21:11,871 basehttp 7124 3532 "GET /payments/select-payment/test5/?type=instant&product=%7B%22title%22%3A%22Product5%22%2C%22description%22%3A%22Product5+description%22%2C%22id%22%3A6%2C%22cj_vid%22%3A%22%22%2C%22price%22%3A15%2C%22quantity%22%3A1%2C%22total_price%22%3A15%2C%22selected_options%22%3A%7B%22Size%22%3A%22XL%22%2C%22color%22%3A%22purple%22%7D%7D&cart_data=%7B%22items%22%3A%5B%7B%22id%22%3A6%2C%22title%22%3A%22Product5%22%2C%22description%22%3A%22Product5+description%22%2C%22price%22%3A15%2C%22quantity%22%3A1%2C%22total_price%22%3A15%2C%22cj_vid%22%3A%22%22%2C%22selected_options%22%3A%7B%22Size%22%3A%22XL%22%2C%22color%22%3A%22purple%22%7D%7D%5D%2C%22subtotal%22%3A15%2C%22shipping_amount%22%3A5%2C%22tax_amount%22%3A1.2%2C%22total_amount%22%3A21.2%7D HTTP/1.1" 200 90081
INFO 2026-07-26 16:22:26,516 basehttp 7124 17976 "GET / HTTP/1.1" 200 87187
WARNING 2026-07-26 16:22:27,359 log 7124 17976 Not Found: /builder/wishlist/data/test7/
WARNING 2026-07-26 16:22:27,360 basehttp 7124 17976 "GET /builder/wishlist/data/test7/ HTTP/1.1" 404 78113
INFO 2026-07-26 16:22:27,658 basehttp 7124 18444 "GET /builder/cart/data/test7/ HTTP/1.1" 200 58
INFO 2026-07-26 16:22:32,033 basehttp 7124 18444 "GET /variant_images/1024px-HTML5_logo_and_wordmark_eFMeh6I.svg.png HTTP/1.1" 200 30317
WARNING 2026-07-26 16:22:35,572 log 7124 18444 Not Found: /favicon.ico
WARNING 2026-07-26 16:22:35,574 basehttp 7124 18444 "GET /favicon.ico HTTP/1.1" 404 43919
INFO 2026-07-26 16:22:36,150 basehttp 7124 18444 "GET /variant_images/11448a7a96ee808a3cdbaf0df9570976_AhO6AK5.webp HTTP/1.1" 200 8006
INFO 2026-07-26 16:22:39,681 basehttp 7124 18444 "POST /builder/cart/add/test7/ HTTP/1.1" 200 94
INFO 2026-07-26 16:22:39,794 basehttp 7124 18444 "GET /builder/cart/data/test7/ HTTP/1.1" 200 307
INFO 2026-07-26 16:22:43,090 basehttp 7124 18444 "GET /builder/cart/data/test7/ HTTP/1.1" 200 307
INFO 2026-07-26 16:22:43,374 basehttp 7124 18444 "GET /payments/select-payment/test7/ HTTP/1.1" 200 90081
INFO 2026-07-26 16:22:43,420 basehttp 7124 18444 "GET /static/accounts/js/auth.js HTTP/1.1" 200 1805
INFO 2026-07-26 16:22:43,421 basehttp 7124 17976 "GET /static/js/checkout.js HTTP/1.1" 200 4447
INFO 2026-07-26 16:23:54,996 basehttp 7124 17976 "GET / HTTP/1.1" 200 100377
WARNING 2026-07-26 16:23:55,681 log 7124 18444 Not Found: /builder/wishlist/data/test7/
WARNING 2026-07-26 16:23:55,682 basehttp 7124 18444 "GET /builder/wishlist/data/test7/ HTTP/1.1" 404 78113
INFO 2026-07-26 16:23:55,790 basehttp 7124 17976 "GET /builder/cart/data/test7/ HTTP/1.1" 200 307
INFO 2026-07-26 16:24:00,325 basehttp 7124 17976 "GET /payments/select-payment/test7/?type=instant&product=%7B%22title%22%3A%22Product7%22%2C%22description%22%3A%22Nesting+Layer%22%2C%22id%22%3A8%2C%22cj_vid%22%3A%22%22%2C%22price%22%3A9%2C%22quantity%22%3A1%2C%22total_price%22%3A9%2C%22selected_options%22%3A%7B%7D%7D&cart_data=%7B%22items%22%3A%5B%7B%22id%22%3A8%2C%22title%22%3A%22Product7%22%2C%22description%22%3A%22Nesting+Layer%22%2C%22price%22%3A9%2C%22quantity%22%3A1%2C%22total_price%22%3A9%2C%22cj_vid%22%3A%22%22%2C%22selected_options%22%3A%7B%7D%7D%5D%2C%22subtotal%22%3A9%2C%22shipping_amount%22%3A5%2C%22tax_amount%22%3A0.72%2C%22total_amount%22%3A14.72%7D HTTP/1.1" 200 90081
INFO 2026-07-26 16:24:07,651 basehttp 7124 17976 "GET /variant_images/1024px-HTML5_logo_and_wordmark_eFMeh6I.svg.png HTTP/1.1" 200 30317
WARNING 2026-07-26 16:24:35,277 log 7124 17976 Not Found: /.well-known/appspecific/com.chrome.devtools.json
WARNING 2026-07-26 16:24:35,278 basehttp 7124 17976 "GET /.well-known/appspecific/com.chrome.devtools.json HTTP/1.1" 404 44067
INFO 2026-07-26 16:24:45,788 basehttp 7124 17976 "GET /variant_images/11448a7a96ee808a3cdbaf0df9570976_AhO6AK5.webp HTTP/1.1" 200 8006
WARNING 2026-07-26 16:25:16,993 log 7124 17976 Not Found: /.well-known/appspecific/com.chrome.devtools.json
WARNING 2026-07-26 16:25:16,994 basehttp 7124 17976 "GET /.well-known/appspecific/com.chrome.devtools.json HTTP/1.1" 404 44067
INFO 2026-07-26 16:28:26,448 basehttp 7124 16452 "GET / HTTP/1.1" 200 100380
WARNING 2026-07-26 16:28:26,773 log 7124 8372 Not Found: /.well-known/appspecific/com.chrome.devtools.json
WARNING 2026-07-26 16:28:27,073 basehttp 7124 8372 "GET /.well-known/appspecific/com.chrome.devtools.json HTTP/1.1" 404 44067
INFO 2026-07-26 16:28:27,591 basehttp 7124 16452 "GET /builder/cart/data/test7/ HTTP/1.1" 200 307
WARNING 2026-07-26 16:28:27,909 log 7124 2980 Not Found: /builder/wishlist/data/test7/
WARNING 2026-07-26 16:28:27,910 basehttp 7124 2980 "GET /builder/wishlist/data/test7/ HTTP/1.1" 404 78113
INFO 2026-07-26 16:28:49,717 basehttp 7124 2980 "GET / HTTP/1.1" 200 100381
INFO 2026-07-26 16:28:50,516 basehttp 7124 2980 "GET /builder/cart/data/test7/ HTTP/1.1" 200 307
WARNING 2026-07-26 16:28:50,813 log 7124 16452 Not Found: /builder/wishlist/data/test7/
WARNING 2026-07-26 16:28:50,816 basehttp 7124 16452 "GET /builder/wishlist/data/test7/ HTTP/1.1" 404 78113
WARNING 2026-07-26 16:29:43,335 log 7124 16452 Not Found: /.well-known/appspecific/com.chrome.devtools.json
WARNING 2026-07-26 16:29:43,337 basehttp 7124 16452 "GET /.well-known/appspecific/com.chrome.devtools.json HTTP/1.1" 404 44067
INFO 2026-07-26 16:29:46,250 basehttp 7124 16452 "GET / HTTP/1.1" 200 100381
WARNING 2026-07-26 16:29:46,553 log 7124 16452 Not Found: /.well-known/appspecific/com.chrome.devtools.json
WARNING 2026-07-26 16:29:46,701 basehttp 7124 16452 "GET /.well-known/appspecific/com.chrome.devtools.json HTTP/1.1" 404 44067
WARNING 2026-07-26 16:29:47,943 log 7124 9076 Not Found: /builder/wishlist/data/test7/
WARNING 2026-07-26 16:29:47,960 basehttp 7124 9076 "GET /builder/wishlist/data/test7/ HTTP/1.1" 404 78113
INFO 2026-07-26 16:29:48,030 basehttp 7124 2980 "GET /builder/cart/data/test7/ HTTP/1.1" 200 307
INFO 2026-07-26 16:29:59,308 basehttp 7124 2980 "GET / HTTP/1.1" 200 100381
INFO 2026-07-26 16:29:59,758 basehttp 7124 2980 "GET /builder/cart/data/test7/ HTTP/1.1" 200 307
WARNING 2026-07-26 16:30:00,133 log 7124 9076 Not Found: /builder/wishlist/data/test7/
WARNING 2026-07-26 16:30:00,147 basehttp 7124 9076 "GET /builder/wishlist/data/test7/ HTTP/1.1" 404 78113
INFO 2026-07-26 16:30:16,274 basehttp 7124 9076 "GET / HTTP/1.1" 200 100377
INFO 2026-07-26 16:30:17,091 basehttp 7124 9076 "GET /builder/cart/data/test7/ HTTP/1.1" 200 307
WARNING 2026-07-26 16:30:17,390 log 7124 2980 Not Found: /builder/wishlist/data/test7/
WARNING 2026-07-26 16:30:17,393 basehttp 7124 2980 "GET /builder/wishlist/data/test7/ HTTP/1.1" 404 78113
WARNING 2026-07-26 16:30:40,724 log 7124 2980 Not Found: /.well-known/appspecific/com.chrome.devtools.json
WARNING 2026-07-26 16:30:40,726 basehttp 7124 2980 "GET /.well-known/appspecific/com.chrome.devtools.json HTTP/1.1" 404 44067
INFO 2026-07-26 16:31:38,951 basehttp 7124 9076 "GET / HTTP/1.1" 200 100408
WARNING 2026-07-26 16:31:39,148 log 7124 9076 Not Found: /.well-known/appspecific/com.chrome.devtools.json
WARNING 2026-07-26 16:31:39,172 basehttp 7124 9076 "GET /.well-known/appspecific/com.chrome.devtools.json HTTP/1.1" 404 44067
INFO 2026-07-26 16:31:40,105 basehttp 7124 16452 "GET /builder/cart/data/test7/ HTTP/1.1" 200 307
WARNING 2026-07-26 16:31:40,427 log 7124 16448 Not Found: /builder/wishlist/data/test7/
WARNING 2026-07-26 16:31:40,433 basehttp 7124 16448 "GET /builder/wishlist/data/test7/ HTTP/1.1" 404 78113
INFO 2026-07-26 16:32:02,805 basehttp 7124 16448 "GET / HTTP/1.1" 200 100408
INFO 2026-07-26 16:32:03,352 basehttp 7124 16448 "GET /builder/cart/data/test7/ HTTP/1.1" 200 307
WARNING 2026-07-26 16:32:03,698 log 7124 16452 Not Found: /builder/wishlist/data/test7/
WARNING 2026-07-26 16:32:03,699 basehttp 7124 16452 "GET /builder/wishlist/data/test7/ HTTP/1.1" 404 78113
WARNING 2026-07-26 16:32:46,982 log 7124 16452 Not Found: /.well-known/appspecific/com.chrome.devtools.json
WARNING 2026-07-26 16:32:46,997 basehttp 7124 16452 "GET /.well-known/appspecific/com.chrome.devtools.json HTTP/1.1" 404 44067
INFO 2026-07-26 16:34:33,669 basehttp 7124 16448 "GET / HTTP/1.1" 200 100415
WARNING 2026-07-26 16:34:33,862 log 7124 16448 Not Found: /.well-known/appspecific/com.chrome.devtools.json
WARNING 2026-07-26 16:34:33,911 basehttp 7124 16448 "GET /.well-known/appspecific/com.chrome.devtools.json HTTP/1.1" 404 44067
INFO 2026-07-26 16:34:34,061 basehttp 7124 1092 "GET /builder/cart/data/test7/ HTTP/1.1" 200 307
WARNING 2026-07-26 16:34:34,685 log 7124 1092 Not Found: /builder/wishlist/data/test7/
WARNING 2026-07-26 16:34:34,686 basehttp 7124 1092 "GET /builder/wishlist/data/test7/ HTTP/1.1" 404 78113
INFO 2026-07-26 16:35:16,631 basehttp 7124 1092 "GET / HTTP/1.1" 200 100420
WARNING 2026-07-26 16:35:17,296 log 7124 3648 Not Found: /.well-known/appspecific/com.chrome.devtools.json
WARNING 2026-07-26 16:35:17,344 log 7124 1092 Not Found: /builder/wishlist/data/test7/
WARNING 2026-07-26 16:35:17,345 basehttp 7124 3648 "GET /.well-known/appspecific/com.chrome.devtools.json HTTP/1.1" 404 44067
WARNING 2026-07-26 16:35:17,345 basehttp 7124 1092 "GET /builder/wishlist/data/test7/ HTTP/1.1" 404 78113
INFO 2026-07-26 16:35:17,709 basehttp 7124 7716 "GET /builder/cart/data/test7/ HTTP/1.1" 200 307
INFO 2026-07-26 16:36:57,156 basehttp 7124 7716 "GET / HTTP/1.1" 200 100260
WARNING 2026-07-26 16:36:57,881 log 7124 7716 Not Found: /builder/wishlist/data/test7/
WARNING 2026-07-26 16:36:57,886 basehttp 7124 7716 "GET /builder/wishlist/data/test7/ HTTP/1.1" 404 78113
INFO 2026-07-26 16:36:58,195 basehttp 7124 1092 "GET /builder/cart/data/test7/ HTTP/1.1" 200 307
WARNING 2026-07-26 16:37:08,638 log 7124 1092 Not Found: /.well-known/appspecific/com.chrome.devtools.json
WARNING 2026-07-26 16:37:08,642 basehttp 7124 1092 "GET /.well-known/appspecific/com.chrome.devtools.json HTTP/1.1" 404 44067
WARNING 2026-07-26 16:38:07,836 log 7124 7716 Not Found: /.well-known/appspecific/com.chrome.devtools.json
WARNING 2026-07-26 16:38:07,911 basehttp 7124 7716 "GET /.well-known/appspecific/com.chrome.devtools.json HTTP/1.1" 404 44067
INFO 2026-07-26 16:39:25,783 basehttp 7124 7716 "GET / HTTP/1.1" 200 100341
WARNING 2026-07-26 16:39:26,017 log 7124 7716 Not Found: /.well-known/appspecific/com.chrome.devtools.json
WARNING 2026-07-26 16:39:26,036 basehttp 7124 7716 "GET /.well-known/appspecific/com.chrome.devtools.json HTTP/1.1" 404 44067
WARNING 2026-07-26 16:39:26,218 log 7124 18408 Not Found: /builder/wishlist/data/test7/
WARNING 2026-07-26 16:39:26,221 basehttp 7124 18408 "GET /builder/wishlist/data/test7/ HTTP/1.1" 404 78113
INFO 2026-07-26 16:39:26,751 basehttp 7124 7716 "GET /builder/cart/data/test7/ HTTP/1.1" 200 307
INFO 2026-07-26 16:40:10,892 basehttp 7124 7716 "GET / HTTP/1.1" 200 100344
WARNING 2026-07-26 16:40:11,904 log 7124 7716 Not Found: /builder/wishlist/data/test7/
WARNING 2026-07-26 16:40:11,909 basehttp 7124 7716 "GET /builder/wishlist/data/test7/ HTTP/1.1" 404 78113
INFO 2026-07-26 16:40:11,931 basehttp 7124 18408 "GET /builder/cart/data/test7/ HTTP/1.1" 200 307
INFO 2026-07-26 16:42:18,888 basehttp 7124 18408 "GET / HTTP/1.1" 200 100379
WARNING 2026-07-26 16:42:19,355 log 7124 18408 Not Found: /builder/wishlist/data/test7/
WARNING 2026-07-26 16:42:19,366 basehttp 7124 18408 "GET /builder/wishlist/data/test7/ HTTP/1.1" 404 78113
INFO 2026-07-26 16:42:19,647 basehttp 7124 7716 "GET /builder/cart/data/test7/ HTTP/1.1" 200 307
INFO 2026-07-26 16:43:09,840 basehttp 7124 7716 "GET / HTTP/1.1" 200 100382
WARNING 2026-07-26 16:43:10,678 log 7124 7716 Not Found: /builder/wishlist/data/test7/
WARNING 2026-07-26 16:43:10,680 basehttp 7124 7716 "GET /builder/wishlist/data/test7/ HTTP/1.1" 404 78113
INFO 2026-07-26 16:43:10,983 basehttp 7124 18408 "GET /builder/cart/data/test7/ HTTP/1.1" 200 307
INFO 2026-07-26 16:43:47,031 basehttp 7124 18408 "GET / HTTP/1.1" 200 100410
INFO 2026-07-26 16:43:47,562 basehttp 7124 7716 "GET /builder/cart/data/test7/ HTTP/1.1" 200 307
WARNING 2026-07-26 16:43:47,905 log 7124 18408 Not Found: /builder/wishlist/data/test7/
WARNING 2026-07-26 16:43:47,907 basehttp 7124 18408 "GET /builder/wishlist/data/test7/ HTTP/1.1" 404 78113
INFO 2026-07-26 16:44:15,684 basehttp 7124 18408 "GET / HTTP/1.1" 200 100411
WARNING 2026-07-26 16:44:16,311 log 7124 18408 Not Found: /builder/wishlist/data/test7/
WARNING 2026-07-26 16:44:16,313 basehttp 7124 18408 "GET /builder/wishlist/data/test7/ HTTP/1.1" 404 78113
INFO 2026-07-26 16:44:16,612 basehttp 7124 7716 "GET /builder/cart/data/test7/ HTTP/1.1" 200 307
INFO 2026-07-26 16:44:34,650 basehttp 7124 7716 "GET / HTTP/1.1" 200 100412
WARNING 2026-07-26 16:44:35,234 log 7124 7716 Not Found: /builder/wishlist/data/test7/
WARNING 2026-07-26 16:44:35,238 basehttp 7124 7716 "GET /builder/wishlist/data/test7/ HTTP/1.1" 404 78113
INFO 2026-07-26 16:44:35,490 basehttp 7124 18408 "GET /builder/cart/data/test7/ HTTP/1.1" 200 307
INFO 2026-07-26 16:45:16,459 basehttp 7124 18408 "GET / HTTP/1.1" 200 100411
WARNING 2026-07-26 16:45:16,923 log 7124 18408 Not Found: /builder/wishlist/data/test7/
WARNING 2026-07-26 16:45:16,926 basehttp 7124 18408 "GET /builder/wishlist/data/test7/ HTTP/1.1" 404 78113
INFO 2026-07-26 16:45:17,209 basehttp 7124 7716 "GET /builder/cart/data/test7/ HTTP/1.1" 200 307
INFO 2026-07-26 16:45:38,671 basehttp 7124 7716 "GET / HTTP/1.1" 200 100411
WARNING 2026-07-26 16:45:39,234 log 7124 7716 Not Found: /builder/wishlist/data/test7/
WARNING 2026-07-26 16:45:39,236 basehttp 7124 7716 "GET /builder/wishlist/data/test7/ HTTP/1.1" 404 78113
INFO 2026-07-26 16:45:39,539 basehttp 7124 18408 "GET /builder/cart/data/test7/ HTTP/1.1" 200 307
INFO 2026-07-26 16:46:10,251 basehttp 7124 18408 "GET / HTTP/1.1" 200 100379
WARNING 2026-07-26 16:46:11,375 log 7124 18408 Not Found: /builder/wishlist/data/test7/
WARNING 2026-07-26 16:46:11,377 basehttp 7124 18408 "GET /builder/wishlist/data/test7/ HTTP/1.1" 404 78113
INFO 2026-07-26 16:46:11,388 basehttp 7124 7716 "GET /builder/cart/data/test7/ HTTP/1.1" 200 307
INFO 2026-07-26 16:47:03,014 basehttp 7124 7716 "GET / HTTP/1.1" 200 100379
WARNING 2026-07-26 16:47:03,928 log 7124 7716 Not Found: /builder/wishlist/data/test7/
WARNING 2026-07-26 16:47:03,944 basehttp 7124 7716 "GET /builder/wishlist/data/test7/ HTTP/1.1" 404 78113
INFO 2026-07-26 16:47:04,334 basehttp 7124 18408 "GET /builder/cart/data/test7/ HTTP/1.1" 200 307
INFO 2026-07-26 16:48:07,083 basehttp 7124 18408 "GET / HTTP/1.1" 200 100370
INFO 2026-07-26 16:48:08,044 basehttp 7124 7716 "GET /builder/cart/data/test7/ HTTP/1.1" 200 307
WARNING 2026-07-26 16:48:08,221 log 7124 18408 Not Found: /builder/wishlist/data/test7/
WARNING 2026-07-26 16:48:08,232 basehttp 7124 18408 "GET /builder/wishlist/data/test7/ HTTP/1.1" 404 78113
INFO 2026-07-26 16:49:14,507 basehttp 7124 18408 "GET / HTTP/1.1" 200 100361
WARNING 2026-07-26 16:49:15,041 log 7124 18408 Not Found: /builder/wishlist/data/test7/
WARNING 2026-07-26 16:49:15,047 basehttp 7124 18408 "GET /builder/wishlist/data/test7/ HTTP/1.1" 404 78113
INFO 2026-07-26 16:49:15,363 basehttp 7124 7716 "GET /builder/cart/data/test7/ HTTP/1.1" 200 307
INFO 2026-07-26 16:49:49,025 basehttp 7124 7716 "GET / HTTP/1.1" 200 100357
WARNING 2026-07-26 16:49:49,475 log 7124 7716 Not Found: /builder/wishlist/data/test7/
WARNING 2026-07-26 16:49:49,476 basehttp 7124 7716 "GET /builder/wishlist/data/test7/ HTTP/1.1" 404 78113
INFO 2026-07-26 16:49:49,751 basehttp 7124 18408 "GET /builder/cart/data/test7/ HTTP/1.1" 200 307
INFO 2026-07-26 16:50:58,956 basehttp 7124 18408 "GET / HTTP/1.1" 200 100167
WARNING 2026-07-26 16:50:59,823 log 7124 7716 Not Found: /builder/wishlist/data/test7/
WARNING 2026-07-26 16:50:59,827 basehttp 7124 7716 "GET /builder/wishlist/data/test7/ HTTP/1.1" 404 78113
INFO 2026-07-26 16:50:59,827 basehttp 7124 18408 "GET /builder/cart/data/test7/ HTTP/1.1" 200 307
INFO 2026-07-26 17:12:34,811 basehttp 7124 5196 "GET / HTTP/1.1" 200 100372
WARNING 2026-07-26 17:12:36,025 log 7124 248 Not Found: /builder/wishlist/data/test8/
WARNING 2026-07-26 17:12:36,026 basehttp 7124 248 "GET /builder/wishlist/data/test8/ HTTP/1.1" 404 78113
INFO 2026-07-26 17:12:36,391 basehttp 7124 5196 "GET /builder/cart/data/test8/ HTTP/1.1" 200 58
INFO 2026-07-26 17:12:41,523 basehttp 7124 5196 "GET /variant_images/1024px-HTML5_logo_and_wordmark_pEgUXoc.svg.png HTTP/1.1" 200 30317
INFO 2026-07-26 17:12:41,768 basehttp 7124 248 "GET /variant_images/11448a7a96ee808a3cdbaf0df9570976_mNlAqkQ.webp HTTP/1.1" 200 8006
WARNING 2026-07-26 17:12:42,307 log 7124 248 Not Found: /favicon.ico
WARNING 2026-07-26 17:12:42,314 basehttp 7124 248 "GET /favicon.ico HTTP/1.1" 404 43919
INFO 2026-07-26 17:12:55,981 basehttp 7124 248 "GET /variant_images/1024px-HTML5_logo_and_wordmark_KmBLqAa.svg.png HTTP/1.1" 200 30317
WARNING 2026-07-26 17:13:18,502 log 7124 13236 Not Found: /.well-known/appspecific/com.chrome.devtools.json
WARNING 2026-07-26 17:13:18,602 basehttp 7124 13236 "GET /.well-known/appspecific/com.chrome.devtools.json HTTP/1.1" 404 44067
INFO 2026-07-26 17:15:53,873 basehttp 7124 13236 "GET / HTTP/1.1" 200 100384
WARNING 2026-07-26 17:15:54,125 log 7124 14944 Not Found: /.well-known/appspecific/com.chrome.devtools.json
WARNING 2026-07-26 17:15:54,131 basehttp 7124 14944 "GET /.well-known/appspecific/com.chrome.devtools.json HTTP/1.1" 404 44067
WARNING 2026-07-26 17:15:54,588 log 7124 13236 Not Found: /builder/wishlist/data/test8/
WARNING 2026-07-26 17:15:54,591 basehttp 7124 13236 "GET /builder/wishlist/data/test8/ HTTP/1.1" 404 78113
INFO 2026-07-26 17:15:54,890 basehttp 7124 18892 "GET /builder/cart/data/test8/ HTTP/1.1" 200 58
INFO 2026-07-26 17:15:55,380 basehttp 7124 18892 "GET /variant_images/1024px-HTML5_logo_and_wordmark_pEgUXoc.svg.png HTTP/1.1" 200 30317
INFO 2026-07-26 17:16:27,914 basehttp 7124 18892 "GET / HTTP/1.1" 200 100396
WARNING 2026-07-26 17:16:28,848 log 7124 18892 Not Found: /builder/wishlist/data/test8/
INFO 2026-07-26 17:16:28,854 basehttp 7124 13236 "GET /builder/cart/data/test8/ HTTP/1.1" 200 58
WARNING 2026-07-26 17:16:28,854 basehttp 7124 18892 "GET /builder/wishlist/data/test8/ HTTP/1.1" 404 78113
WARNING 2026-07-26 17:16:28,893 log 7124 11392 Not Found: /.well-known/appspecific/com.chrome.devtools.json
WARNING 2026-07-26 17:16:28,894 basehttp 7124 11392 "GET /.well-known/appspecific/com.chrome.devtools.json HTTP/1.1" 404 44067
INFO 2026-07-26 17:18:29,514 basehttp 7124 11392 "GET / HTTP/1.1" 200 100339
WARNING 2026-07-26 17:18:29,948 log 7124 11392 Not Found: /builder/wishlist/data/test8/
WARNING 2026-07-26 17:18:29,949 basehttp 7124 11392 "GET /builder/wishlist/data/test8/ HTTP/1.1" 404 78113
INFO 2026-07-26 17:18:30,234 basehttp 7124 18892 "GET /builder/cart/data/test8/ HTTP/1.1" 200 58
INFO 2026-07-26 17:18:30,595 basehttp 7124 18892 "GET /variant_images/1024px-HTML5_logo_and_wordmark_pEgUXoc.svg.png HTTP/1.1" 200 30317
INFO 2026-07-26 17:20:45,593 basehttp 7124 18892 "GET / HTTP/1.1" 200 100332
WARNING 2026-07-26 17:20:46,048 log 7124 18892 Not Found: /builder/wishlist/data/test8/
WARNING 2026-07-26 17:20:46,049 basehttp 7124 18892 "GET /builder/wishlist/data/test8/ HTTP/1.1" 404 78113
INFO 2026-07-26 17:20:46,344 basehttp 7124 11392 "GET /builder/cart/data/test8/ HTTP/1.1" 200 58
INFO 2026-07-26 17:21:31,494 basehttp 7124 11392 "GET / HTTP/1.1" 200 100326
INFO 2026-07-26 17:21:31,932 basehttp 7124 18892 "GET /builder/cart/data/test8/ HTTP/1.1" 200 58
WARNING 2026-07-26 17:21:32,244 log 7124 11392 Not Found: /builder/wishlist/data/test8/
WARNING 2026-07-26 17:21:32,245 basehttp 7124 11392 "GET /builder/wishlist/data/test8/ HTTP/1.1" 404 78113
INFO 2026-07-26 17:22:09,504 basehttp 7124 11392 "GET / HTTP/1.1" 200 100312
WARNING 2026-07-26 17:22:10,356 log 7124 11392 Not Found: /builder/wishlist/data/test8/
WARNING 2026-07-26 17:22:10,357 basehttp 7124 11392 "GET /builder/wishlist/data/test8/ HTTP/1.1" 404 78113
INFO 2026-07-26 17:22:10,625 basehttp 7124 18892 "GET /builder/cart/data/test8/ HTTP/1.1" 200 58
INFO 2026-07-26 17:23:02,951 basehttp 7124 18892 "POST /builder/cart/add/test8/ HTTP/1.1" 200 94
INFO 2026-07-26 17:23:03,618 basehttp 7124 18892 "GET /builder/cart/data/test8/ HTTP/1.1" 200 307
INFO 2026-07-26 17:23:06,124 basehttp 7124 18892 "GET /payments/select-payment/test8/?type=instant&product=%7B%22title%22%3A%22Product8%22%2C%22description%22%3A%22%22%2C%22id%22%3A9%2C%22cj_vid%22%3A%22%22%2C%22price%22%3A23%2C%22quantity%22%3A1%2C%22total_price%22%3A23%2C%22selected_options%22%3A%7B%22Size%22%3A%22XXXL%22%2C%22color%22%3A%22red%22%7D%7D&cart_data=%7B%22items%22%3A%5B%7B%22id%22%3A9%2C%22title%22%3A%22Product8%22%2C%22description%22%3A%22%22%2C%22price%22%3A23%2C%22quantity%22%3A1%2C%22total_price%22%3A23%2C%22cj_vid%22%3A%22%22%2C%22selected_options%22%3A%7B%22Size%22%3A%22XXXL%22%2C%22color%22%3A%22red%22%7D%7D%5D%2C%22subtotal%22%3A23%2C%22shipping_amount%22%3A5%2C%22tax_amount%22%3A1.84%2C%22total_amount%22%3A29.84%7D HTTP/1.1" 200 90081
INFO 2026-07-26 17:23:06,196 basehttp 7124 18892 "GET /static/accounts/js/auth.js HTTP/1.1" 200 1805
INFO 2026-07-26 17:23:06,196 basehttp 7124 11392 "GET /static/js/checkout.js HTTP/1.1" 200 4447
INFO 2026-07-26 22:52:43,007 basehttp 7124 3956 "GET /editor/ModernEcommerce35/jimmy/ HTTP/1.1" 200 643616
INFO 2026-07-26 22:52:43,988 basehttp 7124 3956 "GET /builder/get-components/ HTTP/1.1" 200 23001
INFO 2026-07-26 22:52:44,086 basehttp 7124 18540 "GET /builder/api/color-palettes/?page_subdomain=jimmy HTTP/1.1" 200 55005
INFO 2026-07-26 22:52:44,087 basehttp 7124 3956 "GET /builder/load-template/ModernEcommerce35/?page=home&edit=jimmy HTTP/1.1" 200 82967
INFO 2026-07-26 22:52:44,210 basehttp 7124 18540 "GET /builder/api/color-palettes/?page_subdomain=jimmy HTTP/1.1" 200 55005
INFO 2026-07-26 22:52:44,210 basehttp 7124 3956 "GET /builder/api/page-palette/jimmy/ HTTP/1.1" 200 31
INFO 2026-07-26 22:52:44,707 basehttp 7124 3956 "GET /builder/api/template-color-variables/ModernEcommerce35/ HTTP/1.1" 200 1041
INFO 2026-07-26 22:52:44,732 basehttp 7124 3956 "GET /builder/api/page-palette/jimmy/ HTTP/1.1" 200 31
INFO 2026-07-26 22:53:13,590 basehttp 7124 3956 "GET /editor/ModernEcommerce27/josa/ HTTP/1.1" 200 669469
INFO 2026-07-26 22:53:13,813 basehttp 7124 3956 "GET /builder/get-components/ HTTP/1.1" 200 23001
INFO 2026-07-26 22:53:13,907 basehttp 7124 3956 "GET /builder/load-template/ModernEcommerce27/?page=home&edit=josa HTTP/1.1" 200 81617
INFO 2026-07-26 22:53:13,959 basehttp 7124 3956 "GET /builder/api/page-palette/josa/ HTTP/1.1" 200 610
INFO 2026-07-26 22:53:13,982 basehttp 7124 18540 "GET /builder/api/color-palettes/?page_subdomain=josa HTTP/1.1" 200 55064
INFO 2026-07-26 22:53:14,173 basehttp 7124 18540 "GET /builder/api/color-palettes/?page_subdomain=josa HTTP/1.1" 200 55064
INFO 2026-07-26 22:53:14,403 basehttp 7124 18540 "GET /builder/api/template-color-variables/ModernEcommerce27/ HTTP/1.1" 200 667
INFO 2026-07-26 22:53:14,510 basehttp 7124 18540 "GET /builder/api/page-palette/josa/ HTTP/1.1" 200 610
INFO 2026-07-26 22:53:24,010 basehttp 7124 18540 "GET /editor/ModernEcommerce27/test1/ HTTP/1.1" 200 668567
INFO 2026-07-26 22:53:24,215 basehttp 7124 18540 "GET /builder/get-components/ HTTP/1.1" 200 23001
INFO 2026-07-26 22:53:24,264 basehttp 7124 18540 "GET /builder/load-template/ModernEcommerce27/?page=home&edit=test1 HTTP/1.1" 200 81617
INFO 2026-07-26 22:53:24,380 basehttp 7124 18540 "GET /builder/api/page-palette/test1/ HTTP/1.1" 200 31
INFO 2026-07-26 22:53:24,434 basehttp 7124 3956 "GET /builder/api/color-palettes/?page_subdomain=test1 HTTP/1.1" 200 55005
INFO 2026-07-26 22:53:24,615 basehttp 7124 3956 "GET /builder/api/color-palettes/?page_subdomain=test1 HTTP/1.1" 200 55005
INFO 2026-07-26 22:53:24,798 basehttp 7124 3956 "GET /builder/api/template-color-variables/ModernEcommerce27/ HTTP/1.1" 200 667
INFO 2026-07-26 22:53:24,883 basehttp 7124 3956 "GET /builder/api/page-palette/test1/ HTTP/1.1" 200 31
WARNING 2026-07-26 22:54:53,345 log 7124 3956 Not Found: /.well-known/appspecific/com.chrome.devtools.json
WARNING 2026-07-26 22:54:53,347 basehttp 7124 3956 "GET /.well-known/appspecific/com.chrome.devtools.json HTTP/1.1" 404 44061
WARNING 2026-07-26 22:57:02,821 log 7124 3956 Not Found: /.well-known/appspecific/com.chrome.devtools.json
WARNING 2026-07-26 22:57:02,908 basehttp 7124 3956 "GET /.well-known/appspecific/com.chrome.devtools.json HTTP/1.1" 404 44061
WARNING 2026-07-26 22:57:03,282 log 7124 3956 Not Found: /.well-known/appspecific/com.chrome.devtools.json
WARNING 2026-07-26 22:57:03,379 basehttp 7124 3956 "GET /.well-known/appspecific/com.chrome.devtools.json HTTP/1.1" 404 44061
INFO 2026-07-26 22:57:06,099 basehttp 7124 6636 "GET / HTTP/1.1" 200 116974
INFO 2026-07-26 22:57:07,024 basehttp 7124 6636 "GET /builder/cart/data/test1/ HTTP/1.1" 200 287
WARNING 2026-07-26 22:57:07,174 log 7124 6320 Not Found: /builder/wishlist/data/test1/
WARNING 2026-07-26 22:57:07,179 basehttp 7124 6320 "GET /builder/wishlist/data/test1/ HTTP/1.1" 404 78113
INFO 2026-07-26 22:57:07,212 basehttp 7124 6636 "GET /builder/cart/data/test1/ HTTP/1.1" 200 287
INFO 2026-07-26 22:57:07,254 basehttp 7124 6636 "GET /variant_images/ajax-logo.jpg_QjkAM5zT2.jpg HTTP/1.1" 200 22380
INFO 2026-07-26 22:57:15,012 basehttp 7124 6636 "GET /builder/reviews/test1/1/ HTTP/1.1" 200 502
INFO 2026-07-26 22:57:27,536 basehttp 7124 6636 "GET /builder/reviews/test1/1/ HTTP/1.1" 200 502
INFO 2026-07-26 22:57:33,159 basehttp 7124 6636 "POST /builder/cart/add/test1/ HTTP/1.1" 200 98
INFO 2026-07-26 22:57:33,438 basehttp 7124 6636 "GET /builder/cart/data/test1/ HTTP/1.1" 200 288
INFO 2026-07-26 22:57:34,118 basehttp 7124 6636 "GET /payments/select-payment/test1/?type=instant&product=%7B%22title%22%3A%22Product+1%22%2C%22description%22%3A%22Hello+this+is+the+first+product%22%2C%22id%22%3A1%2C%22cj_vid%22%3A%22%22%2C%22price%22%3A7%2C%22quantity%22%3A1%2C%22selected_color%22%3A%22red%22%2C%22selected_size%22%3A%22Large%22%2C%22total_price%22%3A7%7D&cart_data=%7B%22items%22%3A%5B%7B%22id%22%3A1%2C%22title%22%3A%22Product+1%22%2C%22description%22%3A%22Hello+this+is+the+first+product%22%2C%22price%22%3A7%2C%22quantity%22%3A1%2C%22total_price%22%3A7%2C%22cj_vid%22%3A%22%22%2C%22selected_color%22%3A%22red%22%2C%22selected_size%22%3A%22Large%22%7D%5D%2C%22subtotal%22%3A7%2C%22shipping_amount%22%3A5%2C%22tax_amount%22%3A0.56%2C%22total_amount%22%3A12.56%7D HTTP/1.1" 200 94582
INFO 2026-07-26 22:57:41,640 basehttp 7124 6636 "POST /payments/api/tax/calculate/test1/ HTTP/1.1" 200 156
INFO 2026-07-26 22:57:56,181 basehttp 7124 6636 "POST /payments/api/tax/calculate/test1/ HTTP/1.1" 200 156
INFO 2026-07-26 22:58:00,667 basehttp 7124 6636 "GET /payments/shipping/rates/test1/?address=%7B%22full_name%22%3A%22Mfecho%20Jerase%22%2C%22address_line1%22%3A%22Mile%204%20Nkwen%22%2C%22city%22%3A%22Bamenda%22%2C%22state%22%3A%22NW%22%2C%22postal_code%22%3A%2212345%22%2C%22country_code%22%3A%22CM%22%2C%22country_name%22%3A%22Cameroon%22%2C%22email%22%3A%22mjerase92%40gmail.com%22%2C%22phone%22%3A%22680044151%22%7D&type=instant&product=%7B%22title%22%3A%22Product%201%22%2C%22description%22%3A%22Hello%20this%20is%20the%20first%20product%22%2C%22id%22%3A1%2C%22cj_vid%22%3A%22%22%2C%22price%22%3A7%2C%22quantity%22%3A1%2C%22selected_color%22%3A%22red%22%2C%22selected_size%22%3A%22Large%22%2C%22total_price%22%3A7%2C%22weight%22%3A0%2C%22requires_shipping%22%3Atrue%7D HTTP/1.1" 200 381
INFO 2026-07-26 22:58:00,740 basehttp 7124 6320 "POST /payments/api/tax/calculate/test1/ HTTP/1.1" 200 156
INFO 2026-07-26 22:58:13,736 basehttp 7124 3956 "GET /manage-products/test1/ HTTP/1.1" 200 75034
WARNING 2026-07-26 22:58:13,918 log 7124 3956 Not Found: /.well-known/appspecific/com.chrome.devtools.json
WARNING 2026-07-26 22:58:14,077 basehttp 7124 3956 "GET /.well-known/appspecific/com.chrome.devtools.json HTTP/1.1" 404 44061
INFO 2026-07-26 22:58:17,755 basehttp 7124 3956 "GET /manage-product-categories/test1/ HTTP/1.1" 200 87696
WARNING 2026-07-26 22:58:17,856 log 7124 3956 Not Found: /.well-known/appspecific/com.chrome.devtools.json
WARNING 2026-07-26 22:58:17,857 basehttp 7124 3956 "GET /.well-known/appspecific/com.chrome.devtools.json HTTP/1.1" 404 44061
INFO 2026-07-26 22:58:18,362 basehttp 7124 3956 "GET /builder/manage-product-categories/test1/ HTTP/1.1" 200 35
INFO 2026-07-26 22:58:58,081 basehttp 7124 3956 "GET /payments/orders/dashboard/test1/ HTTP/1.1" 200 62010
WARNING 2026-07-26 22:58:58,239 log 7124 3956 Not Found: /.well-known/appspecific/com.chrome.devtools.json
WARNING 2026-07-26 22:58:58,249 basehttp 7124 3956 "GET /.well-known/appspecific/com.chrome.devtools.json HTTP/1.1" 404 44061
INFO 2026-07-26 22:59:07,196 basehttp 7124 3956 "GET /currency-settings/test1/ HTTP/1.1" 200 108584
WARNING 2026-07-26 22:59:07,335 log 7124 3956 Not Found: /.well-known/appspecific/com.chrome.devtools.json
WARNING 2026-07-26 22:59:07,337 basehttp 7124 3956 "GET /.well-known/appspecific/com.chrome.devtools.json HTTP/1.1" 404 44061
INFO 2026-07-26 22:59:09,314 basehttp 7124 3956 "GET /payments/shipping/test1/ HTTP/1.1" 200 80711
WARNING 2026-07-26 22:59:09,503 log 7124 3956 Not Found: /.well-known/appspecific/com.chrome.devtools.json
WARNING 2026-07-26 22:59:09,527 basehttp 7124 3956 "GET /.well-known/appspecific/com.chrome.devtools.json HTTP/1.1" 404 44061
INFO 2026-07-26 22:59:11,198 basehttp 7124 6204 "GET /payments/tax/test1/ HTTP/1.1" 200 63263
WARNING 2026-07-26 22:59:11,303 log 7124 6204 Not Found: /.well-known/appspecific/com.chrome.devtools.json
WARNING 2026-07-26 22:59:11,307 basehttp 7124 6204 "GET /.well-known/appspecific/com.chrome.devtools.json HTTP/1.1" 404 44061
INFO 2026-07-26 22:59:13,291 basehttp 7124 6204 "GET /analytics/test1/ HTTP/1.1" 200 73982
WARNING 2026-07-26 22:59:13,389 log 7124 6204 Not Found: /.well-known/appspecific/com.chrome.devtools.json
WARNING 2026-07-26 22:59:13,390 basehttp 7124 6204 "GET /.well-known/appspecific/com.chrome.devtools.json HTTP/1.1" 404 44061
INFO 2026-07-26 22:59:14,928 basehttp 7124 6204 "GET /api/test1/?period=30d HTTP/1.1" 200 3451
INFO 2026-07-26 22:59:44,666 basehttp 7124 9972 "GET /api/test1/?metric=real-time HTTP/1.1" 200 3451
INFO 2026-07-26 23:00:14,635 basehttp 7124 9972 "GET /api/test1/?metric=real-time HTTP/1.1" 200 3451
INFO 2026-07-26 23:00:39,714 basehttp 7124 9972 "GET /templates/ HTTP/1.1" 200 66177
WARNING 2026-07-26 23:00:39,836 log 7124 9972 Not Found: /.well-known/appspecific/com.chrome.devtools.json
WARNING 2026-07-26 23:00:39,837 basehttp 7124 9972 "GET /.well-known/appspecific/com.chrome.devtools.json HTTP/1.1" 404 44061
INFO 2026-07-26 23:00:52,163 basehttp 7124 9972 "GET /onboarding/ HTTP/1.1" 200 87934
WARNING 2026-07-26 23:00:52,254 log 7124 9972 Not Found: /.well-known/appspecific/com.chrome.devtools.json
WARNING 2026-07-26 23:00:52,255 basehttp 7124 9972 "GET /.well-known/appspecific/com.chrome.devtools.json HTTP/1.1" 404 44061
INFO 2026-07-26 23:00:52,605 basehttp 7124 18108 "GET /builder/templates/api/ HTTP/1.1" 200 1183
INFO 2026-07-26 23:00:52,711 basehttp 7124 9972 "GET /builder/api/color-palettes/ HTTP/1.1" 200 55005
INFO 2026-07-26 23:01:01,252 basehttp 7124 9972 "GET /builder/api/check-subdomain/?subdomain=cr HTTP/1.1" 200 115
INFO 2026-07-26 23:01:02,456 basehttp 7124 9972 "GET /builder/api/check-subdomain/?subdomain=cra HTTP/1.1" 200 116
INFO 2026-07-26 23:01:02,853 basehttp 7124 9972 "GET /builder/api/check-subdomain/?subdomain=cray HTTP/1.1" 200 117
INFO 2026-07-26 23:01:03,668 basehttp 7124 9972 "GET /builder/api/check-subdomain/?subdomain=crayo HTTP/1.1" 200 118
INFO 2026-07-26 23:01:04,030 basehttp 7124 9972 "GET /builder/api/check-subdomain/?subdomain=crayon HTTP/1.1" 200 195
INFO 2026-07-26 23:01:04,043 basehttp 7124 9972 "GET /builder/api/check-subdomain/?subdomain=crayon-0rt HTTP/1.1" 200 123
INFO 2026-07-26 23:02:43,839 basehttp 7124 9972 "GET / HTTP/1.1" 200 52777
WARNING 2026-07-26 23:02:44,142 log 7124 9972 Not Found: /.well-known/appspecific/com.chrome.devtools.json
WARNING 2026-07-26 23:02:44,144 basehttp 7124 9972 "GET /.well-known/appspecific/com.chrome.devtools.json HTTP/1.1" 404 44061
INFO 2026-07-26 23:04:04,270 basehttp 7124 18108 "GET /dashboard/ HTTP/1.1" 200 216175
WARNING 2026-07-26 23:04:04,381 log 7124 18108 Not Found: /.well-known/appspecific/com.chrome.devtools.json
WARNING 2026-07-26 23:04:04,386 basehttp 7124 18108 "GET /.well-known/appspecific/com.chrome.devtools.json HTTP/1.1" 404 44061
INFO 2026-07-26 23:04:10,523 basehttp 7124 18108 "GET /manage-products/test1/ HTTP/1.1" 200 75034
WARNING 2026-07-26 23:04:10,655 log 7124 18108 Not Found: /.well-known/appspecific/com.chrome.devtools.json
WARNING 2026-07-26 23:04:10,687 basehttp 7124 18108 "GET /.well-known/appspecific/com.chrome.devtools.json HTTP/1.1" 404 44061
INFO 2026-07-26 23:04:22,354 basehttp 7124 18108 "GET /payments/manage-gateways/test1/ HTTP/1.1" 200 55966
WARNING 2026-07-26 23:04:22,503 log 7124 18108 Not Found: /.well-known/appspecific/com.chrome.devtools.json
WARNING 2026-07-26 23:04:22,505 basehttp 7124 18108 "GET /.well-known/appspecific/com.chrome.devtools.json HTTP/1.1" 404 44061
INFO 2026-07-27 10:17:41,573 autoreload 6556 10860 Watching for file changes with StatReloader
INFO 2026-07-27 10:18:03,881 basehttp 6556 11300 "GET / HTTP/1.1" 200 52777
WARNING 2026-07-27 10:18:06,253 log 6556 11420 Not Found: /favicon.ico
WARNING 2026-07-27 10:18:06,255 basehttp 6556 11420 "GET /favicon.ico HTTP/1.1" 404 43913
INFO 2026-07-27 10:18:09,471 basehttp 6556 11420 "GET /dashboard/ HTTP/1.1" 200 216174
INFO 2026-07-27 10:18:16,683 basehttp 6556 11420 "GET /manage-products/test1/ HTTP/1.1" 200 75034
INFO 2026-07-27 10:18:26,457 basehttp 6556 11420 "GET /product-editor/test1/1/ HTTP/1.1" 200 80888
INFO 2026-07-27 10:25:06,598 basehttp 6556 12956 "GET /product-editor/test1/1/ HTTP/1.1" 200 77786
INFO 2026-07-27 10:33:33,007 basehttp 6556 11740 "GET /product-editor/test1/1/ HTTP/1.1" 200 105602
INFO 2026-07-27 10:34:38,219 basehttp 6556 11740 "POST /product-editor/test1/1/ HTTP/1.1" 200 105602
INFO 2026-07-27 10:35:06,186 basehttp 6556 11740 "POST /update-product/test1/1/ HTTP/1.1" 200 60
INFO 2026-07-27 10:35:09,924 basehttp 6556 11740 "POST /update-product/test1/1/ HTTP/1.1" 200 60
INFO 2026-07-27 10:35:11,852 basehttp 6556 11740 "POST /update-product/test1/1/ HTTP/1.1" 200 60
INFO 2026-07-27 10:35:15,832 basehttp 6556 11740 "POST /update-product/test1/1/ HTTP/1.1" 200 60
WARNING 2026-07-27 10:35:17,316 log 6556 11740 Not Found: /builder/api/add-variant/test1/1/
WARNING 2026-07-27 10:35:17,317 basehttp 6556 11740 "POST /builder/api/add-variant/test1/1/ HTTP/1.1" 404 78124
INFO 2026-07-27 10:42:12,785 basehttp 6556 484 "POST /product-editor/test1/1/ HTTP/1.1" 200 104920
INFO 2026-07-27 10:42:29,964 basehttp 6556 484 "POST /update-product/test1/1/ HTTP/1.1" 200 60
INFO 2026-07-27 10:42:32,127 basehttp 6556 484 "POST /update-product/test1/1/ HTTP/1.1" 200 60
INFO 2026-07-27 10:42:33,938 basehttp 6556 484 "POST /update-product/test1/1/ HTTP/1.1" 200 60
INFO 2026-07-27 10:42:38,932 basehttp 6556 484 "POST /update-product/test1/1/ HTTP/1.1" 200 60
INFO 2026-07-27 10:42:40,207 basehttp 6556 484 "POST /builder/api/add-variant-simple/test1/1/ HTTP/1.1" 200 129
WARNING 2026-07-27 10:44:52,431 log 6556 484 Not Found: /.well-known/appspecific/com.chrome.devtools.json
WARNING 2026-07-27 10:44:52,433 basehttp 6556 484 "GET /.well-known/appspecific/com.chrome.devtools.json HTTP/1.1" 404 44061
INFO 2026-07-27 10:45:08,235 basehttp 6556 484 "POST /update-product/test1/1/ HTTP/1.1" 200 60
INFO 2026-07-27 10:45:10,649 basehttp 6556 484 "POST /update-product/test1/1/ HTTP/1.1" 200 60
INFO 2026-07-27 10:45:12,850 basehttp 6556 484 "POST /update-product/test1/1/ HTTP/1.1" 200 60
INFO 2026-07-27 10:45:16,452 basehttp 6556 484 "POST /update-product/test1/1/ HTTP/1.1" 200 60
INFO 2026-07-27 10:45:17,093 basehttp 6556 484 "POST /builder/api/add-variant-simple/test1/1/ HTTP/1.1" 200 59
INFO 2026-07-27 10:45:31,071 basehttp 6556 484 "POST /product-editor/test1/1/ HTTP/1.1" 200 104920
INFO 2026-07-27 11:33:39,802 basehttp 6556 504 "POST /product-editor/test1/1/ HTTP/1.1" 200 80635
INFO 2026-07-27 11:34:53,805 basehttp 6556 504 "POST /update-product/test1/1/ HTTP/1.1" 200 60
INFO 2026-07-27 11:35:08,941 basehttp 6556 504 "POST /update-product/test1/1/ HTTP/1.1" 200 60
INFO 2026-07-27 11:35:11,174 basehttp 6556 504 "POST /update-product/test1/1/ HTTP/1.1" 200 60
INFO 2026-07-27 11:35:12,155 basehttp 6556 504 "POST /update-product/test1/1/ HTTP/1.1" 200 60
INFO 2026-07-27 11:35:12,955 basehttp 6556 504 "POST /update-product/test1/1/ HTTP/1.1" 200 60
INFO 2026-07-27 11:35:14,021 basehttp 6556 504 "POST /update-product/test1/1/ HTTP/1.1" 200 60
INFO 2026-07-27 11:35:35,191 basehttp 6556 504 "GET /manage-product-categories/test1/ HTTP/1.1" 200 87696
INFO 2026-07-27 11:35:35,308 basehttp 6556 504 "GET /builder/manage-product-categories/test1/ HTTP/1.1" 200 35
ERROR 2026-07-27 11:36:41,367 log 6556 504 Internal Server Error: /variants-simple/test1/1/
Traceback (most recent call last):
  File "C:\Users\user\AppData\Roaming\Python\Python313\site-packages\django\core\handlers\exception.py", line 55, in inner
    response = get_response(request)
  File "C:\Users\user\AppData\Roaming\Python\Python313\site-packages\django\core\handlers\base.py", line 197, in _get_response
    response = wrapped_callback(request, *callback_args, **callback_kwargs)
  File "C:\Users\user\AppData\Roaming\Python\Python313\site-packages\django\contrib\auth\decorators.py", line 59, in _view_wrapper
    return view_func(request, *args, **kwargs)
  File "D:\360ExtremeBrowserDownload\Test\venv\src\builder\views.py", line 9143, in manage_variants_simple
    return render(request, 'builder/variants_simple.html', context)
  File "C:\Users\user\AppData\Roaming\Python\Python313\site-packages\django\shortcuts.py", line 25, in render
    content = loader.render_to_string(template_name, context, request, using=using)
  File "C:\Users\user\AppData\Roaming\Python\Python313\site-packages\django\template\loader.py", line 61, in render_to_string
    template = get_template(template_name, using=using)
  File "C:\Users\user\AppData\Roaming\Python\Python313\site-packages\django\template\loader.py", line 19, in get_template
    raise TemplateDoesNotExist(template_name, chain=chain)
django.template.exceptions.TemplateDoesNotExist: builder/variants_simple.html
ERROR 2026-07-27 11:36:41,377 basehttp 6556 504 "GET /variants-simple/test1/1/ HTTP/1.1" 500 100513
ERROR 2026-07-27 11:38:02,107 log 6556 504 Internal Server Error: /variants-simple/test1/1/
Traceback (most recent call last):
  File "C:\Users\user\AppData\Roaming\Python\Python313\site-packages\django\core\handlers\exception.py", line 55, in inner
    response = get_response(request)
  File "C:\Users\user\AppData\Roaming\Python\Python313\site-packages\django\core\handlers\base.py", line 197, in _get_response
    response = wrapped_callback(request, *callback_args, **callback_kwargs)
  File "C:\Users\user\AppData\Roaming\Python\Python313\site-packages\django\contrib\auth\decorators.py", line 59, in _view_wrapper
    return view_func(request, *args, **kwargs)
  File "D:\360ExtremeBrowserDownload\Test\venv\src\builder\views.py", line 9143, in manage_variants_simple
    return render(request, 'builder/variants_simple.html', context)
  File "C:\Users\user\AppData\Roaming\Python\Python313\site-packages\django\shortcuts.py", line 25, in render
    content = loader.render_to_string(template_name, context, request, using=using)
  File "C:\Users\user\AppData\Roaming\Python\Python313\site-packages\django\template\loader.py", line 61, in render_to_string
    template = get_template(template_name, using=using)
  File "C:\Users\user\AppData\Roaming\Python\Python313\site-packages\django\template\loader.py", line 19, in get_template
    raise TemplateDoesNotExist(template_name, chain=chain)
django.template.exceptions.TemplateDoesNotExist: builder/variants_simple.html
ERROR 2026-07-27 11:38:02,111 basehttp 6556 504 "GET /variants-simple/test1/1/ HTTP/1.1" 500 100650
INFO 2026-07-27 11:39:07,209 autoreload 6556 10860 D:\360ExtremeBrowserDownload\Test\venv\src\builder\views.py changed, reloading.
INFO 2026-07-27 11:39:10,341 autoreload 6852 3464 Watching for file changes with StatReloader
INFO 2026-07-27 11:39:12,979 basehttp 6852 5448 "GET /variants-simple/test1/1/ HTTP/1.1" 200 63433
INFO 2026-07-27 11:39:13,440 basehttp 6852 10740 "GET /variant_images/bootstrap-original-wordmark-8x.png HTTP/1.1" 200 79761
INFO 2026-07-27 11:39:13,450 basehttp 6852 5448 "GET /variant_images/ajax-logo.jpg_QjkAM5zT2.jpg HTTP/1.1" 200 22380
INFO 2026-07-27 11:39:13,474 basehttp 6852 9904 "GET /variant_images/17850965237492.png HTTP/1.1" 200 253421
INFO 2026-07-27 11:39:44,487 basehttp 6852 9904 "POST /builder/api/add-variant-simple/test1/1/ HTTP/1.1" 200 131
INFO 2026-07-27 11:39:45,058 basehttp 6852 9904 "GET /variants-simple/test1/1/ HTTP/1.1" 200 65132
INFO 2026-07-27 11:39:45,113 basehttp 6852 9904 "GET /variant_images/17850965237492_WzlybAr.png HTTP/1.1" 200 253421
INFO 2026-07-27 11:39:57,648 basehttp 6852 9904 "GET /product-editor/test1/1/ HTTP/1.1" 200 80642
INFO 2026-07-27 11:40:12,078 basehttp 6852 7628 "GET / HTTP/1.1" 200 117663
WARNING 2026-07-27 11:40:12,481 log 6852 11856 Not Found: /favicon.ico
WARNING 2026-07-27 11:40:12,482 basehttp 6852 11856 "GET /favicon.ico HTTP/1.1" 404 43919
INFO 2026-07-27 11:40:12,784 basehttp 6852 5516 "GET /builder/cart/data/test1/ HTTP/1.1" 200 58
INFO 2026-07-27 11:40:12,799 basehttp 6852 5516 "GET /builder/cart/data/test1/ HTTP/1.1" 200 58
WARNING 2026-07-27 11:40:13,198 log 6852 7628 Not Found: /builder/wishlist/data/test1/
WARNING 2026-07-27 11:40:13,204 basehttp 6852 7628 "GET /builder/wishlist/data/test1/ HTTP/1.1" 404 78113
INFO 2026-07-27 11:40:17,752 basehttp 6852 5516 "GET /variant_images/ajax-logo.jpg_QjkAM5zT2.jpg HTTP/1.1" 200 22380
INFO 2026-07-27 11:40:18,221 basehttp 6852 7628 "GET /builder/reviews/test1/1/ HTTP/1.1" 200 502
INFO 2026-07-27 11:40:23,738 basehttp 6852 7628 "GET /variant_images/17850965237492_WzlybAr.png HTTP/1.1" 200 253421
INFO 2026-07-27 11:40:31,762 basehttp 6852 7628 "POST /builder/cart/add/test1/ HTTP/1.1" 200 95
INFO 2026-07-27 11:40:32,136 basehttp 6852 7628 "GET /builder/cart/data/test1/ HTTP/1.1" 200 273
INFO 2026-07-27 11:40:37,400 basehttp 6852 7628 "POST /builder/cart/remove/test1/ HTTP/1.1" 200 94
INFO 2026-07-27 11:40:37,751 basehttp 6852 7628 "GET /builder/cart/data/test1/ HTTP/1.1" 200 58
INFO 2026-07-27 11:40:40,438 basehttp 6852 7628 "GET /builder/reviews/test1/1/ HTTP/1.1" 200 502
INFO 2026-07-27 11:40:51,472 basehttp 6852 7628 "GET /variant_images/bootstrap-original-wordmark-8x.png HTTP/1.1" 200 79761
INFO 2026-07-27 11:48:55,298 basehttp 6852 11824 "GET / HTTP/1.1" 200 117520
WARNING 2026-07-27 11:48:56,050 log 6852 10480 Not Found: /builder/wishlist/data/test1/
INFO 2026-07-27 11:48:56,051 basehttp 6852 11824 "GET /builder/cart/data/test1/ HTTP/1.1" 200 58
WARNING 2026-07-27 11:48:56,052 basehttp 6852 10480 "GET /builder/wishlist/data/test1/ HTTP/1.1" 404 78113
INFO 2026-07-27 11:48:56,082 basehttp 6852 11824 "GET /builder/cart/data/test1/ HTTP/1.1" 200 58
INFO 2026-07-27 11:48:57,395 basehttp 6852 11824 "GET /builder/reviews/test1/1/ HTTP/1.1" 200 502
INFO 2026-07-27 11:49:24,246 basehttp 6852 3520 "GET /product-editor/test1/1/ HTTP/1.1" 200 80642
INFO 2026-07-27 11:49:50,854 basehttp 6852 3520 "POST /update-product/test1/1/ HTTP/1.1" 200 60
INFO 2026-07-27 11:49:52,472 basehttp 6852 3520 "GET /manage-products/test1/ HTTP/1.1" 200 75034
INFO 2026-07-27 11:49:57,152 basehttp 6852 11824 "GET / HTTP/1.1" 200 117583
INFO 2026-07-27 11:49:57,513 basehttp 6852 11824 "GET /builder/cart/data/test1/ HTTP/1.1" 200 58
WARNING 2026-07-27 11:49:57,850 log 6852 10480 Not Found: /builder/wishlist/data/test1/
WARNING 2026-07-27 11:49:57,852 basehttp 6852 10480 "GET /builder/wishlist/data/test1/ HTTP/1.1" 404 78113
INFO 2026-07-27 11:49:57,873 basehttp 6852 11824 "GET /builder/cart/data/test1/ HTTP/1.1" 200 58
INFO 2026-07-27 11:49:58,438 basehttp 6852 11824 "GET /builder/reviews/test1/1/ HTTP/1.1" 200 502
INFO 2026-07-27 11:50:03,433 basehttp 6852 3520 "GET /product-editor/test1/1/ HTTP/1.1" 200 80741
INFO 2026-07-27 11:50:20,109 basehttp 6852 11824 "GET / HTTP/1.1" 200 117583
WARNING 2026-07-27 11:50:20,476 log 6852 10480 Not Found: /builder/wishlist/data/test1/
WARNING 2026-07-27 11:50:20,477 basehttp 6852 10480 "GET /builder/wishlist/data/test1/ HTTP/1.1" 404 78113
INFO 2026-07-27 11:50:20,798 basehttp 6852 11824 "GET /builder/cart/data/test1/ HTTP/1.1" 200 58
INFO 2026-07-27 11:50:20,819 basehttp 6852 11824 "GET /builder/cart/data/test1/ HTTP/1.1" 200 58
INFO 2026-07-27 11:50:21,161 basehttp 6852 11824 "GET /builder/reviews/test1/1/ HTTP/1.1" 200 502
INFO 2026-07-27 11:50:27,590 basehttp 6852 3520 "POST /update-product/test1/1/ HTTP/1.1" 200 60
INFO 2026-07-27 11:50:29,157 basehttp 6852 3520 "GET /manage-products/test1/ HTTP/1.1" 200 75034
INFO 2026-07-27 11:50:31,908 basehttp 6852 11824 "GET / HTTP/1.1" 200 117642
WARNING 2026-07-27 11:50:32,269 log 6852 10480 Not Found: /builder/wishlist/data/test1/
WARNING 2026-07-27 11:50:32,271 basehttp 6852 10480 "GET /builder/wishlist/data/test1/ HTTP/1.1" 404 78113
INFO 2026-07-27 11:50:32,621 basehttp 6852 11824 "GET /builder/cart/data/test1/ HTTP/1.1" 200 58
INFO 2026-07-27 11:50:32,652 basehttp 6852 11824 "GET /builder/cart/data/test1/ HTTP/1.1" 200 58
INFO 2026-07-27 11:50:33,341 basehttp 6852 11824 "GET /builder/reviews/test1/1/ HTTP/1.1" 200 502
INFO 2026-07-27 11:52:01,058 basehttp 6852 11824 "GET / HTTP/1.1" 200 117630
WARNING 2026-07-27 11:52:01,823 log 6852 10480 Not Found: /builder/wishlist/data/test1/
INFO 2026-07-27 11:52:01,825 basehttp 6852 11824 "GET /builder/cart/data/test1/ HTTP/1.1" 200 58
WARNING 2026-07-27 11:52:01,826 basehttp 6852 10480 "GET /builder/wishlist/data/test1/ HTTP/1.1" 404 78113
INFO 2026-07-27 11:52:01,913 basehttp 6852 11824 "GET /builder/cart/data/test1/ HTTP/1.1" 200 58
INFO 2026-07-27 11:52:02,876 basehttp 6852 11824 "GET /builder/reviews/test1/1/ HTTP/1.1" 200 502
INFO 2026-07-27 11:54:11,031 basehttp 6852 11824 "GET / HTTP/1.1" 200 117675
WARNING 2026-07-27 11:54:11,431 log 6852 10480 Not Found: /builder/wishlist/data/test1/
WARNING 2026-07-27 11:54:11,432 basehttp 6852 10480 "GET /builder/wishlist/data/test1/ HTTP/1.1" 404 78113
INFO 2026-07-27 11:54:11,723 basehttp 6852 11824 "GET /builder/cart/data/test1/ HTTP/1.1" 200 58
INFO 2026-07-27 11:54:11,748 basehttp 6852 11824 "GET /builder/cart/data/test1/ HTTP/1.1" 200 58
INFO 2026-07-27 11:54:12,429 basehttp 6852 11824 "GET /builder/reviews/test1/1/ HTTP/1.1" 200 502
INFO 2026-07-27 11:57:07,756 basehttp 6852 11824 "GET / HTTP/1.1" 200 117605
INFO 2026-07-27 11:57:08,183 basehttp 6852 11824 "GET /builder/cart/data/test1/ HTTP/1.1" 200 58
WARNING 2026-07-27 11:57:08,519 log 6852 10480 Not Found: /builder/wishlist/data/test1/
WARNING 2026-07-27 11:57:08,522 basehttp 6852 10480 "GET /builder/wishlist/data/test1/ HTTP/1.1" 404 78113
INFO 2026-07-27 11:57:08,542 basehttp 6852 11824 "GET /builder/cart/data/test1/ HTTP/1.1" 200 58
INFO 2026-07-27 11:57:09,022 basehttp 6852 11824 "GET /builder/reviews/test1/1/ HTTP/1.1" 200 502
INFO 2026-07-27 11:57:47,936 basehttp 6852 11824 "GET / HTTP/1.1" 200 117557
INFO 2026-07-27 11:57:48,453 basehttp 6852 11824 "GET /builder/cart/data/test1/ HTTP/1.1" 200 58
WARNING 2026-07-27 11:57:48,767 log 6852 10480 Not Found: /builder/wishlist/data/test1/
WARNING 2026-07-27 11:57:48,770 basehttp 6852 10480 "GET /builder/wishlist/data/test1/ HTTP/1.1" 404 78113
INFO 2026-07-27 11:57:48,796 basehttp 6852 11824 "GET /builder/cart/data/test1/ HTTP/1.1" 200 58
INFO 2026-07-27 11:57:49,248 basehttp 6852 11824 "GET /builder/reviews/test1/1/ HTTP/1.1" 200 502
INFO 2026-07-27 11:57:56,254 basehttp 6852 11824 "GET /variant_images/17850965237492_WzlybAr.png HTTP/1.1" 304 0
INFO 2026-07-27 11:58:35,913 basehttp 6852 11824 "GET / HTTP/1.1" 200 117520
WARNING 2026-07-27 11:58:36,636 log 6852 10480 Not Found: /builder/wishlist/data/test1/
WARNING 2026-07-27 11:58:36,639 basehttp 6852 10480 "GET /builder/wishlist/data/test1/ HTTP/1.1" 404 78113
INFO 2026-07-27 11:58:36,653 basehttp 6852 11824 "GET /builder/cart/data/test1/ HTTP/1.1" 200 58
INFO 2026-07-27 11:58:36,681 basehttp 6852 11824 "GET /builder/cart/data/test1/ HTTP/1.1" 200 58
INFO 2026-07-27 11:58:37,350 basehttp 6852 11824 "GET /builder/reviews/test1/1/ HTTP/1.1" 200 502
INFO 2026-07-27 12:15:59,709 basehttp 6852 12060 "GET /dashboard/ HTTP/1.1" 200 216174
INFO 2026-07-27 12:16:14,891 basehttp 6852 11536 "GET / HTTP/1.1" 200 115696
WARNING 2026-07-27 12:16:15,447 log 6852 5740 Not Found: /favicon.ico
WARNING 2026-07-27 12:16:15,499 basehttp 6852 5740 "GET /favicon.ico HTTP/1.1" 404 43919
INFO 2026-07-27 12:16:15,752 basehttp 6852 11536 "GET /builder/cart/data/test6/ HTTP/1.1" 200 58
WARNING 2026-07-27 12:16:16,115 log 6852 4708 Not Found: /builder/wishlist/data/test6/
WARNING 2026-07-27 12:16:16,117 basehttp 6852 4708 "GET /builder/wishlist/data/test6/ HTTP/1.1" 404 78113
INFO 2026-07-27 12:55:30,400 basehttp 6852 8876 "GET / HTTP/1.1" 200 114002
INFO 2026-07-27 12:55:30,861 basehttp 6852 8876 "GET /builder/cart/data/test6/ HTTP/1.1" 200 58
WARNING 2026-07-27 12:55:31,195 log 6852 14016 Not Found: /builder/wishlist/data/test6/
WARNING 2026-07-27 12:55:31,196 basehttp 6852 14016 "GET /builder/wishlist/data/test6/ HTTP/1.1" 404 78113
INFO 2026-07-27 12:55:32,444 basehttp 6852 14016 "GET /variant_images/1024px-HTML5_logo_and_wordmark_wkVocme.svg.png HTTP/1.1" 200 30317
INFO 2026-07-27 12:55:32,449 basehttp 6852 8876 "GET /variant_images/ajax-logo_oHInHB0.jpg_QjkAM5zT2.jpg HTTP/1.1" 200 22380
INFO 2026-07-27 12:57:46,233 basehttp 6852 11676 "GET / HTTP/1.1" 200 113747
INFO 2026-07-27 12:57:46,584 basehttp 6852 11676 "GET /builder/cart/data/test6/ HTTP/1.1" 200 58
WARNING 2026-07-27 12:57:46,943 log 6852 244 Not Found: /builder/wishlist/data/test6/
WARNING 2026-07-27 12:57:46,946 basehttp 6852 244 "GET /builder/wishlist/data/test6/ HTTP/1.1" 404 78113
INFO 2026-07-27 12:58:36,089 basehttp 6852 244 "POST /builder/submit-form/test6/ HTTP/1.1" 200 59
INFO 2026-07-27 12:58:51,023 basehttp 6852 4380 "GET /manage-products/test6/ HTTP/1.1" 200 75010
INFO 2026-07-27 12:59:14,528 basehttp 6852 4380 "GET /manage-products/test6/ HTTP/1.1" 200 75010
INFO 2026-07-27 12:59:25,673 basehttp 6852 4380 "GET /manage-forms/test6/ HTTP/1.1" 200 64462
INFO 2026-07-27 13:00:11,710 basehttp 6852 4380 "GET /editor/ModernEcommerce32/test6/ HTTP/1.1" 200 642512
INFO 2026-07-27 13:00:12,163 basehttp 6852 13124 "GET /builder/get-components/ HTTP/1.1" 200 23001
INFO 2026-07-27 13:00:12,221 basehttp 6852 4380 "GET /builder/api/color-palettes/?page_subdomain=test6 HTTP/1.1" 200 55005
INFO 2026-07-27 13:00:12,245 basehttp 6852 13124 "GET /builder/load-template/ModernEcommerce32/?page=home&edit=test6 HTTP/1.1" 200 64624
INFO 2026-07-27 13:00:12,333 basehttp 6852 13124 "GET /builder/api/page-palette/test6/ HTTP/1.1" 200 31
INFO 2026-07-27 13:00:12,398 basehttp 6852 4380 "GET /builder/api/color-palettes/?page_subdomain=test6 HTTP/1.1" 200 55005
INFO 2026-07-27 13:00:12,626 basehttp 6852 4380 "GET /builder/api/template-color-variables/ModernEcommerce32/ HTTP/1.1" 200 1218
INFO 2026-07-27 13:00:12,716 basehttp 6852 4380 "GET /builder/api/page-palette/test6/ HTTP/1.1" 200 31
INFO 2026-07-27 13:00:22,147 basehttp 6852 4380 "POST /builder/api/apply-color-palette/test6/ HTTP/1.1" 200 1097
INFO 2026-07-27 13:00:29,738 basehttp 6852 244 "GET / HTTP/1.1" 200 113901
INFO 2026-07-27 13:00:30,134 basehttp 6852 244 "GET /builder/cart/data/test6/ HTTP/1.1" 200 58
WARNING 2026-07-27 13:00:30,501 log 6852 11676 Not Found: /builder/wishlist/data/test6/
WARNING 2026-07-27 13:00:30,503 basehttp 6852 11676 "GET /builder/wishlist/data/test6/ HTTP/1.1" 404 78113
INFO 2026-07-27 13:04:38,848 basehttp 6852 4380 "GET /editor/ModernEcommerce33/test7/ HTTP/1.1" 200 640407
INFO 2026-07-27 13:04:39,050 basehttp 6852 4380 "GET /builder/get-components/ HTTP/1.1" 200 23001
INFO 2026-07-27 13:04:39,110 basehttp 6852 4380 "GET /builder/load-template/ModernEcommerce33/?page=home&edit=test7 HTTP/1.1" 200 63104
INFO 2026-07-27 13:04:39,166 basehttp 6852 4380 "GET /builder/api/page-palette/test7/ HTTP/1.1" 200 31
INFO 2026-07-27 13:04:39,214 basehttp 6852 13124 "GET /builder/api/color-palettes/?page_subdomain=test7 HTTP/1.1" 200 55005
INFO 2026-07-27 13:04:39,496 basehttp 6852 13124 "GET /builder/api/color-palettes/?page_subdomain=test7 HTTP/1.1" 200 55005
INFO 2026-07-27 13:04:39,827 basehttp 6852 13124 "GET /builder/api/template-color-variables/ModernEcommerce33/ HTTP/1.1" 200 1041
INFO 2026-07-27 13:04:39,929 basehttp 6852 13124 "GET /builder/api/page-palette/test7/ HTTP/1.1" 200 31
INFO 2026-07-27 13:04:43,737 basehttp 6852 5552 "GET / HTTP/1.1" 200 100167
INFO 2026-07-27 13:04:44,411 basehttp 6852 936 "GET /builder/cart/data/test7/ HTTP/1.1" 200 58
WARNING 2026-07-27 13:04:44,710 log 6852 5552 Not Found: /builder/wishlist/data/test7/
WARNING 2026-07-27 13:04:44,713 basehttp 6852 5552 "GET /builder/wishlist/data/test7/ HTTP/1.1" 404 78113
WARNING 2026-07-27 13:04:44,729 log 6852 936 Not Found: /favicon.ico
WARNING 2026-07-27 13:04:44,730 basehttp 6852 936 "GET /favicon.ico HTTP/1.1" 404 43919
INFO 2026-07-27 13:04:47,228 basehttp 6852 936 "GET /variant_images/1024px-HTML5_logo_and_wordmark_eFMeh6I.svg.png HTTP/1.1" 200 30317
INFO 2026-07-27 13:04:47,445 basehttp 6852 5552 "GET /variant_images/11448a7a96ee808a3cdbaf0df9570976_AhO6AK5.webp HTTP/1.1" 200 8006
INFO 2026-07-27 13:10:35,755 basehttp 6852 11536 "GET / HTTP/1.1" 200 103362
WARNING 2026-07-27 13:10:36,418 log 6852 9924 Not Found: /builder/wishlist/data/test7/
WARNING 2026-07-27 13:10:36,420 basehttp 6852 9924 "GET /builder/wishlist/data/test7/ HTTP/1.1" 404 78113
INFO 2026-07-27 13:10:36,427 basehttp 6852 11536 "GET /builder/cart/data/test7/ HTTP/1.1" 200 58
INFO 2026-07-27 13:11:19,580 basehttp 6852 11536 "POST /builder/cart/add/test7/ HTTP/1.1" 200 94
INFO 2026-07-27 13:11:19,945 basehttp 6852 11536 "GET /builder/cart/data/test7/ HTTP/1.1" 200 306
INFO 2026-07-27 13:11:31,204 basehttp 6852 11536 "POST /builder/wishlist/add/test7/ HTTP/1.1" 200 52
INFO 2026-07-27 13:11:43,468 basehttp 6852 11536 "GET /payments/select-payment/test7/?type=instant&product=%7B%22title%22%3A%22Product7%22%2C%22description%22%3A%22%22%2C%22id%22%3A8%2C%22cj_vid%22%3A%22%22%2C%22price%22%3A19%2C%22quantity%22%3A1%2C%22total_price%22%3A19%2C%22selected_options%22%3A%7B%22Size%22%3A%22XXL%22%2C%22color%22%3A%22red%22%7D%7D&cart_data=%7B%22items%22%3A%5B%7B%22id%22%3A8%2C%22title%22%3A%22Product7%22%2C%22description%22%3A%22%22%2C%22price%22%3A19%2C%22quantity%22%3A1%2C%22total_price%22%3A19%2C%22cj_vid%22%3A%22%22%2C%22selected_options%22%3A%7B%22Size%22%3A%22XXL%22%2C%22color%22%3A%22red%22%7D%7D%5D%2C%22subtotal%22%3A19%2C%22shipping_amount%22%3A5%2C%22tax_amount%22%3A1.52%2C%22total_amount%22%3A25.52%7D HTTP/1.1" 200 90081
INFO 2026-07-27 13:11:43,532 basehttp 6852 11536 "GET /static/accounts/js/auth.js HTTP/1.1" 200 1805
INFO 2026-07-27 13:11:43,537 basehttp 6852 9924 "GET /static/js/checkout.js HTTP/1.1" 200 4447
INFO 2026-07-27 13:38:55,665 autoreload 6852 3464 D:\360ExtremeBrowserDownload\Test\venv\src\builder\views.py changed, reloading.
INFO 2026-07-27 13:38:58,832 autoreload 13428 8668 Watching for file changes with StatReloader
INFO 2026-07-27 13:39:13,805 basehttp 13428 8460 "GET /dashboard/ HTTP/1.1" 200 216174
INFO 2026-07-27 13:40:50,770 basehttp 13428 8460 "GET /editor/ModernEcommerce33/test7/ HTTP/1.1" 200 640407
INFO 2026-07-27 13:40:51,009 basehttp 13428 8460 "GET /builder/get-components/ HTTP/1.1" 200 23001
INFO 2026-07-27 13:40:51,064 basehttp 13428 8460 "GET /builder/load-template/ModernEcommerce33/?page=home&edit=test7 HTTP/1.1" 200 63105
INFO 2026-07-27 13:40:51,130 basehttp 13428 8460 "GET /builder/api/page-palette/test7/ HTTP/1.1" 200 31
INFO 2026-07-27 13:40:51,162 basehttp 13428 8232 "GET /builder/api/color-palettes/?page_subdomain=test7 HTTP/1.1" 200 55005
INFO 2026-07-27 13:40:51,423 basehttp 13428 8232 "GET /builder/api/color-palettes/?page_subdomain=test7 HTTP/1.1" 200 55005
INFO 2026-07-27 13:40:51,478 basehttp 13428 8232 "GET /builder/api/template-color-variables/ModernEcommerce33/ HTTP/1.1" 200 1041
INFO 2026-07-27 13:40:51,507 basehttp 13428 8232 "GET /builder/api/page-palette/test7/ HTTP/1.1" 200 31
INFO 2026-07-27 13:41:12,348 basehttp 13428 8232 "GET /editor/ModernEcommerce33/test7/ HTTP/1.1" 200 640407
INFO 2026-07-27 13:41:12,513 basehttp 13428 8232 "GET /builder/get-components/ HTTP/1.1" 200 23001
INFO 2026-07-27 13:41:12,592 basehttp 13428 8232 "GET /builder/load-template/ModernEcommerce33/?page=home&edit=test7 HTTP/1.1" 200 63109
INFO 2026-07-27 13:41:12,634 basehttp 13428 8232 "GET /builder/api/page-palette/test7/ HTTP/1.1" 200 31
INFO 2026-07-27 13:41:12,730 basehttp 13428 8460 "GET /builder/api/color-palettes/?page_subdomain=test7 HTTP/1.1" 200 55005
INFO 2026-07-27 13:41:12,922 basehttp 13428 8460 "GET /builder/api/color-palettes/?page_subdomain=test7 HTTP/1.1" 200 55005
INFO 2026-07-27 13:41:12,967 basehttp 13428 8460 "GET /builder/api/template-color-variables/ModernEcommerce33/ HTTP/1.1" 200 1041
INFO 2026-07-27 13:41:12,988 basehttp 13428 8460 "GET /builder/api/page-palette/test7/ HTTP/1.1" 200 31
INFO 2026-07-27 13:41:59,638 basehttp 13428 8460 "GET /editor/ModernEcommerce33/test7/ HTTP/1.1" 200 640407
INFO 2026-07-27 13:41:59,809 basehttp 13428 8460 "GET /builder/get-components/ HTTP/1.1" 200 23001
INFO 2026-07-27 13:41:59,860 basehttp 13428 8460 "GET /builder/load-template/ModernEcommerce33/?page=home&edit=test7 HTTP/1.1" 200 63124
INFO 2026-07-27 13:41:59,930 basehttp 13428 8460 "GET /builder/api/page-palette/test7/ HTTP/1.1" 200 31
INFO 2026-07-27 13:41:59,981 basehttp 13428 8232 "GET /builder/api/color-palettes/?page_subdomain=test7 HTTP/1.1" 200 55005
INFO 2026-07-27 13:42:00,230 basehttp 13428 8232 "GET /builder/api/color-palettes/?page_subdomain=test7 HTTP/1.1" 200 55005
INFO 2026-07-27 13:42:00,273 basehttp 13428 8232 "GET /builder/api/template-color-variables/ModernEcommerce33/ HTTP/1.1" 200 1041
INFO 2026-07-27 13:42:00,294 basehttp 13428 8232 "GET /builder/api/page-palette/test7/ HTTP/1.1" 200 31
INFO 2026-07-27 13:44:57,176 basehttp 13428 8232 "GET /editor/ModernEcommerce33/test7/ HTTP/1.1" 200 640407
INFO 2026-07-27 13:44:57,349 basehttp 13428 8232 "GET /builder/get-components/ HTTP/1.1" 200 23001
INFO 2026-07-27 13:44:57,398 basehttp 13428 8232 "GET /builder/load-template/ModernEcommerce33/?page=home&edit=test7 HTTP/1.1" 200 63124
INFO 2026-07-27 13:44:57,460 basehttp 13428 8232 "GET /builder/api/page-palette/test7/ HTTP/1.1" 200 31
INFO 2026-07-27 13:44:57,533 basehttp 13428 8460 "GET /builder/api/color-palettes/?page_subdomain=test7 HTTP/1.1" 200 55005
INFO 2026-07-27 13:44:57,766 basehttp 13428 8460 "GET /builder/api/color-palettes/?page_subdomain=test7 HTTP/1.1" 200 55005
INFO 2026-07-27 13:44:57,809 basehttp 13428 8460 "GET /builder/api/template-color-variables/ModernEcommerce33/ HTTP/1.1" 200 1041
INFO 2026-07-27 13:44:57,833 basehttp 13428 8460 "GET /builder/api/page-palette/test7/ HTTP/1.1" 200 31
INFO 2026-07-27 13:47:53,365 basehttp 13428 8460 "GET /editor/ModernEcommerce33/test7/ HTTP/1.1" 200 640407
INFO 2026-07-27 13:47:53,545 basehttp 13428 8460 "GET /builder/get-components/ HTTP/1.1" 200 23001
INFO 2026-07-27 13:47:53,597 basehttp 13428 8460 "GET /builder/load-template/ModernEcommerce33/?page=home&edit=test7 HTTP/1.1" 200 63128
INFO 2026-07-27 13:47:53,644 basehttp 13428 8460 "GET /builder/api/page-palette/test7/ HTTP/1.1" 200 31
INFO 2026-07-27 13:47:53,744 basehttp 13428 8232 "GET /builder/api/color-palettes/?page_subdomain=test7 HTTP/1.1" 200 55005
INFO 2026-07-27 13:47:54,027 basehttp 13428 8460 "GET /builder/api/color-palettes/?page_subdomain=test7 HTTP/1.1" 200 55005
INFO 2026-07-27 13:47:54,068 basehttp 13428 8460 "GET /builder/api/template-color-variables/ModernEcommerce33/ HTTP/1.1" 200 1041
INFO 2026-07-27 13:47:54,091 basehttp 13428 8460 "GET /builder/api/page-palette/test7/ HTTP/1.1" 200 31
INFO 2026-07-27 13:49:18,203 autoreload 13428 8668 D:\360ExtremeBrowserDownload\Test\venv\src\builder\views.py changed, reloading.
INFO 2026-07-27 13:49:20,520 autoreload 9332 2620 Watching for file changes with StatReloader
INFO 2026-07-27 13:49:33,060 autoreload 9332 2620 D:\360ExtremeBrowserDownload\Test\venv\src\builder\views.py changed, reloading.
INFO 2026-07-27 13:49:35,544 autoreload 12120 12144 Watching for file changes with StatReloader
INFO 2026-07-27 13:49:43,727 basehttp 12120 13424 "GET /editor/ModernEcommerce33/test7/ HTTP/1.1" 200 640407
INFO 2026-07-27 13:49:43,889 basehttp 12120 13424 "GET /builder/get-components/ HTTP/1.1" 200 23001
INFO 2026-07-27 13:49:43,963 basehttp 12120 13424 "GET /builder/load-template/ModernEcommerce33/?page=home&edit=test7 HTTP/1.1" 200 63128
INFO 2026-07-27 13:49:44,011 basehttp 12120 13424 "GET /builder/api/page-palette/test7/ HTTP/1.1" 200 31
INFO 2026-07-27 13:49:44,096 basehttp 12120 648 "GET /builder/api/color-palettes/?page_subdomain=test7 HTTP/1.1" 200 55005
INFO 2026-07-27 13:49:44,299 basehttp 12120 13424 "GET /builder/api/color-palettes/?page_subdomain=test7 HTTP/1.1" 200 55005
INFO 2026-07-27 13:49:44,358 basehttp 12120 13424 "GET /builder/api/template-color-variables/ModernEcommerce33/ HTTP/1.1" 200 1041
INFO 2026-07-27 13:49:44,380 basehttp 12120 13424 "GET /builder/api/page-palette/test7/ HTTP/1.1" 200 31
INFO 2026-07-27 13:58:34,115 basehttp 12120 12228 "GET /editor/ModernEcommerce33/test7/ HTTP/1.1" 200 640407
INFO 2026-07-27 13:58:34,387 basehttp 12120 12228 "GET /builder/get-components/ HTTP/1.1" 200 23001
INFO 2026-07-27 13:58:34,477 basehttp 12120 12228 "GET /builder/load-template/ModernEcommerce33/?page=home&edit=test7 HTTP/1.1" 200 63359
INFO 2026-07-27 13:58:34,520 basehttp 12120 12228 "GET /builder/api/page-palette/test7/ HTTP/1.1" 200 31
INFO 2026-07-27 13:58:34,560 basehttp 12120 12068 "GET /builder/api/color-palettes/?page_subdomain=test7 HTTP/1.1" 200 55005
INFO 2026-07-27 13:58:34,785 basehttp 12120 12228 "GET /builder/api/color-palettes/?page_subdomain=test7 HTTP/1.1" 200 55005
INFO 2026-07-27 13:58:34,819 basehttp 12120 12228 "GET /builder/api/template-color-variables/ModernEcommerce33/ HTTP/1.1" 200 1041
INFO 2026-07-27 13:58:34,835 basehttp 12120 12228 "GET /builder/api/page-palette/test7/ HTTP/1.1" 200 31
INFO 2026-07-27 14:08:47,149 autoreload 12120 12144 D:\360ExtremeBrowserDownload\Test\venv\src\builder\views.py changed, reloading.
INFO 2026-07-27 14:08:50,064 autoreload 15204 4316 Watching for file changes with StatReloader
INFO 2026-07-27 14:09:36,734 autoreload 15204 4316 D:\360ExtremeBrowserDownload\Test\venv\src\builder\views.py changed, reloading.
INFO 2026-07-27 14:09:38,976 autoreload 13528 8096 Watching for file changes with StatReloader
INFO 2026-07-27 14:09:58,312 basehttp 13528 12816 "GET /editor/ModernEcommerce33/test7/ HTTP/1.1" 200 640407
INFO 2026-07-27 14:09:58,495 basehttp 13528 12816 "GET /builder/get-components/ HTTP/1.1" 200 23001
WARNING 2026-07-27 14:09:58,593 log 13528 12816 Not Found: /builder/load-template/ModernEcommerce33/
WARNING 2026-07-27 14:09:58,596 basehttp 13528 12816 "GET /builder/load-template/ModernEcommerce33/?page=home&edit=test7 HTTP/1.1" 404 18
INFO 2026-07-27 14:09:58,630 basehttp 13528 12816 "GET /builder/api/page-palette/test7/ HTTP/1.1" 200 31
INFO 2026-07-27 14:09:58,641 basehttp 13528 5780 "GET /builder/api/color-palettes/?page_subdomain=test7 HTTP/1.1" 200 55005
INFO 2026-07-27 14:09:58,735 basehttp 13528 5780 "GET /builder/api/color-palettes/?page_subdomain=test7 HTTP/1.1" 200 55005
INFO 2026-07-27 14:09:58,763 basehttp 13528 5780 "GET /builder/api/template-color-variables/ModernEcommerce33/ HTTP/1.1" 200 1041
INFO 2026-07-27 14:09:58,779 basehttp 13528 5780 "GET /builder/api/page-palette/test7/ HTTP/1.1" 200 31
INFO 2026-07-27 14:10:32,197 autoreload 13528 8096 D:\360ExtremeBrowserDownload\Test\venv\src\builder\views.py changed, reloading.
INFO 2026-07-27 14:10:34,795 autoreload 11740 8140 Watching for file changes with StatReloader
INFO 2026-07-27 14:10:37,108 basehttp 11740 6356 "GET /editor/ModernEcommerce33/test7/ HTTP/1.1" 200 640407
INFO 2026-07-27 14:10:37,333 basehttp 11740 6356 "GET /builder/get-components/ HTTP/1.1" 200 23001
WARNING 2026-07-27 14:10:37,470 log 11740 6356 Not Found: /builder/load-template/ModernEcommerce33/
WARNING 2026-07-27 14:10:37,472 basehttp 11740 6356 "GET /builder/load-template/ModernEcommerce33/?page=home&edit=test7 HTTP/1.1" 404 18
INFO 2026-07-27 14:10:37,490 basehttp 11740 4044 "GET /builder/api/color-palettes/?page_subdomain=test7 HTTP/1.1" 200 55005
INFO 2026-07-27 14:10:37,508 basehttp 11740 6356 "GET /builder/api/page-palette/test7/ HTTP/1.1" 200 31
INFO 2026-07-27 14:10:37,624 basehttp 11740 4044 "GET /builder/api/color-palettes/?page_subdomain=test7 HTTP/1.1" 200 55005
INFO 2026-07-27 14:10:37,658 basehttp 11740 4044 "GET /builder/api/template-color-variables/ModernEcommerce33/ HTTP/1.1" 200 1041
INFO 2026-07-27 14:10:37,675 basehttp 11740 4044 "GET /builder/api/page-palette/test7/ HTTP/1.1" 200 31
INFO 2026-07-27 14:10:38,790 basehttp 11740 4044 "GET /editor/ModernEcommerce33/test7/ HTTP/1.1" 200 640407
INFO 2026-07-27 14:10:38,972 basehttp 11740 4044 "GET /builder/get-components/ HTTP/1.1" 200 23001
WARNING 2026-07-27 14:10:39,077 log 11740 4044 Not Found: /builder/load-template/ModernEcommerce33/
WARNING 2026-07-27 14:10:39,085 basehttp 11740 4044 "GET /builder/load-template/ModernEcommerce33/?page=home&edit=test7 HTTP/1.1" 404 18
INFO 2026-07-27 14:10:39,128 basehttp 11740 4044 "GET /builder/api/page-palette/test7/ HTTP/1.1" 200 31
INFO 2026-07-27 14:10:39,164 basehttp 11740 6356 "GET /builder/api/color-palettes/?page_subdomain=test7 HTTP/1.1" 200 55005
INFO 2026-07-27 14:10:39,308 basehttp 11740 4044 "GET /builder/api/color-palettes/?page_subdomain=test7 HTTP/1.1" 200 55005
INFO 2026-07-27 14:10:39,356 basehttp 11740 4044 "GET /builder/api/template-color-variables/ModernEcommerce33/ HTTP/1.1" 200 1041
INFO 2026-07-27 14:10:39,385 basehttp 11740 4044 "GET /builder/api/page-palette/test7/ HTTP/1.1" 200 31
INFO 2026-07-27 14:11:02,506 basehttp 11740 4044 "GET /editor/ModernEcommerce33/test7/ HTTP/1.1" 200 640407
INFO 2026-07-27 14:11:02,699 basehttp 11740 4044 "GET /builder/get-components/ HTTP/1.1" 200 23001
INFO 2026-07-27 14:11:02,830 basehttp 11740 6356 "GET /builder/api/color-palettes/?page_subdomain=test7 HTTP/1.1" 200 55005
WARNING 2026-07-27 14:11:02,832 log 11740 4044 Not Found: /builder/load-template/ModernEcommerce33/
WARNING 2026-07-27 14:11:02,833 basehttp 11740 4044 "GET /builder/load-template/ModernEcommerce33/?page=home&edit=test7 HTTP/1.1" 404 18
INFO 2026-07-27 14:11:02,887 basehttp 11740 4044 "GET /builder/api/page-palette/test7/ HTTP/1.1" 200 31
INFO 2026-07-27 14:11:03,009 basehttp 11740 6356 "GET /builder/api/color-palettes/?page_subdomain=test7 HTTP/1.1" 200 55005
INFO 2026-07-27 14:11:03,046 basehttp 11740 6356 "GET /builder/api/template-color-variables/ModernEcommerce33/ HTTP/1.1" 200 1041
INFO 2026-07-27 14:11:03,067 basehttp 11740 6356 "GET /builder/api/page-palette/test7/ HTTP/1.1" 200 31
INFO 2026-07-27 14:11:16,272 autoreload 11740 8140 D:\360ExtremeBrowserDownload\Test\venv\src\builder\views.py changed, reloading.
INFO 2026-07-27 14:11:18,741 autoreload 13788 1152 Watching for file changes with StatReloader
INFO 2026-07-27 14:11:21,346 basehttp 13788 13500 "GET /editor/ModernEcommerce33/test7/ HTTP/1.1" 200 640407
INFO 2026-07-27 14:11:21,473 basehttp 13788 13500 "GET /builder/get-components/ HTTP/1.1" 200 23001
INFO 2026-07-27 14:11:21,534 basehttp 13788 13500 "GET /builder/load-template/ModernEcommerce33/?page=home&edit=test7 HTTP/1.1" 200 63359
INFO 2026-07-27 14:11:21,584 basehttp 13788 13500 "GET /builder/api/page-palette/test7/ HTTP/1.1" 200 31
INFO 2026-07-27 14:11:21,671 basehttp 13788 10108 "GET /builder/api/color-palettes/?page_subdomain=test7 HTTP/1.1" 200 55005
INFO 2026-07-27 14:11:21,826 basehttp 13788 10108 "GET /builder/api/color-palettes/?page_subdomain=test7 HTTP/1.1" 200 55005
INFO 2026-07-27 14:11:21,855 basehttp 13788 10108 "GET /builder/api/template-color-variables/ModernEcommerce33/ HTTP/1.1" 200 1041
INFO 2026-07-27 14:11:21,874 basehttp 13788 10108 "GET /builder/api/page-palette/test7/ HTTP/1.1" 200 31
INFO 2026-07-27 14:12:45,989 basehttp 13788 10108 "GET /editor/ModernEcommerce33/test7/ HTTP/1.1" 200 640407
INFO 2026-07-27 14:12:46,128 basehttp 13788 10108 "GET /builder/get-components/ HTTP/1.1" 200 23001
INFO 2026-07-27 14:12:46,184 basehttp 13788 10108 "GET /builder/load-template/ModernEcommerce33/?page=home&edit=test7 HTTP/1.1" 200 63359
INFO 2026-07-27 14:12:46,239 basehttp 13788 10108 "GET /builder/api/page-palette/test7/ HTTP/1.1" 200 31
INFO 2026-07-27 14:12:46,306 basehttp 13788 13500 "GET /builder/api/color-palettes/?page_subdomain=test7 HTTP/1.1" 200 55005
INFO 2026-07-27 14:12:46,473 basehttp 13788 13500 "GET /builder/api/color-palettes/?page_subdomain=test7 HTTP/1.1" 200 55005
INFO 2026-07-27 14:12:46,505 basehttp 13788 13500 "GET /builder/api/template-color-variables/ModernEcommerce33/ HTTP/1.1" 200 1041
INFO 2026-07-27 14:12:46,523 basehttp 13788 13500 "GET /builder/api/page-palette/test7/ HTTP/1.1" 200 31
INFO 2026-07-27 14:18:31,193 autoreload 13788 1152 D:\360ExtremeBrowserDownload\Test\venv\src\builder\views.py changed, reloading.
INFO 2026-07-27 14:18:34,891 autoreload 8108 12168 Watching for file changes with StatReloader
INFO 2026-07-27 14:18:40,286 basehttp 8108 12052 "GET /editor/ModernEcommerce33/test7/ HTTP/1.1" 200 640407
INFO 2026-07-27 14:18:40,492 basehttp 8108 12052 "GET /builder/get-components/ HTTP/1.1" 200 23001
WARNING 2026-07-27 14:18:40,679 log 8108 12052 Not Found: /builder/load-template/ModernEcommerce33/
WARNING 2026-07-27 14:18:40,685 basehttp 8108 12052 "GET /builder/load-template/ModernEcommerce33/?page=home&edit=test7 HTTP/1.1" 404 18
INFO 2026-07-27 14:18:40,731 basehttp 8108 12052 "GET /builder/api/page-palette/test7/ HTTP/1.1" 200 31
INFO 2026-07-27 14:18:40,731 basehttp 8108 1132 "GET /builder/api/color-palettes/?page_subdomain=test7 HTTP/1.1" 200 55005
INFO 2026-07-27 14:18:40,893 basehttp 8108 1132 "GET /builder/api/color-palettes/?page_subdomain=test7 HTTP/1.1" 200 55005
INFO 2026-07-27 14:18:40,986 basehttp 8108 1132 "GET /builder/api/template-color-variables/ModernEcommerce33/ HTTP/1.1" 200 1041
INFO 2026-07-27 14:18:41,019 basehttp 8108 1132 "GET /builder/api/page-palette/test7/ HTTP/1.1" 200 31
INFO 2026-07-27 14:18:55,294 autoreload 8108 12168 D:\360ExtremeBrowserDownload\Test\venv\src\builder\views.py changed, reloading.
INFO 2026-07-27 14:18:57,511 autoreload 14528 11932 Watching for file changes with StatReloader
INFO 2026-07-27 14:20:05,023 basehttp 14528 4544 "GET /editor/ModernEcommerce33/test7/ HTTP/1.1" 200 640407
INFO 2026-07-27 14:20:05,134 basehttp 14528 4544 "GET /builder/get-components/ HTTP/1.1" 200 23001
INFO 2026-07-27 14:20:05,209 basehttp 14528 4544 "GET /builder/load-template/ModernEcommerce33/?page=home&edit=test7 HTTP/1.1" 200 63359
INFO 2026-07-27 14:20:05,262 basehttp 14528 4544 "GET /builder/api/page-palette/test7/ HTTP/1.1" 200 31
INFO 2026-07-27 14:20:05,321 basehttp 14528 11496 "GET /builder/api/color-palettes/?page_subdomain=test7 HTTP/1.1" 200 55005
INFO 2026-07-27 14:20:05,494 basehttp 14528 11496 "GET /builder/api/color-palettes/?page_subdomain=test7 HTTP/1.1" 200 55005
INFO 2026-07-27 14:20:05,527 basehttp 14528 11496 "GET /builder/api/template-color-variables/ModernEcommerce33/ HTTP/1.1" 200 1041
INFO 2026-07-27 14:20:05,554 basehttp 14528 11496 "GET /builder/api/page-palette/test7/ HTTP/1.1" 200 31
INFO 2026-07-27 14:30:47,463 autoreload 14528 11932 D:\360ExtremeBrowserDownload\Test\venv\src\builder\context_processors.py changed, reloading.
INFO 2026-07-27 14:30:49,360 autoreload 15040 4380 Watching for file changes with StatReloader
INFO 2026-07-27 14:31:56,586 autoreload 15040 4380 D:\360ExtremeBrowserDownload\Test\venv\src\src\settings.py changed, reloading.
INFO 2026-07-27 14:31:58,317 autoreload 13740 13988 Watching for file changes with StatReloader
ERROR 2026-07-27 14:32:02,783 log 13740 14008 Internal Server Error: /editor/ModernEcommerce33/test7/
Traceback (most recent call last):
  File "C:\Users\user\AppData\Roaming\Python\Python313\site-packages\django\core\handlers\exception.py", line 55, in inner
    response = get_response(request)
TypeError: 'dict' object is not callable
ERROR 2026-07-27 14:32:02,785 basehttp 13740 14008 "GET /editor/ModernEcommerce33/test7/ HTTP/1.1" 500 67637
ERROR 2026-07-27 14:32:40,360 log 13740 14008 Internal Server Error: /editor/ModernEcommerce33/test7/
Traceback (most recent call last):
  File "C:\Users\user\AppData\Roaming\Python\Python313\site-packages\django\core\handlers\exception.py", line 55, in inner
    response = get_response(request)
TypeError: 'dict' object is not callable
ERROR 2026-07-27 14:32:40,362 basehttp 13740 14008 "GET /editor/ModernEcommerce33/test7/ HTTP/1.1" 500 67637
ERROR 2026-07-27 14:32:41,312 log 13740 14008 Internal Server Error: /editor/ModernEcommerce33/test7/
Traceback (most recent call last):
  File "C:\Users\user\AppData\Roaming\Python\Python313\site-packages\django\core\handlers\exception.py", line 55, in inner
    response = get_response(request)
TypeError: 'dict' object is not callable
ERROR 2026-07-27 14:32:41,314 basehttp 13740 14008 "GET /editor/ModernEcommerce33/test7/ HTTP/1.1" 500 67637
ERROR 2026-07-27 14:32:55,931 log 13740 14008 Internal Server Error: /editor/ModernEcommerce33/test7/
Traceback (most recent call last):
  File "C:\Users\user\AppData\Roaming\Python\Python313\site-packages\django\core\handlers\exception.py", line 55, in inner
    response = get_response(request)
TypeError: 'dict' object is not callable
ERROR 2026-07-27 14:32:55,932 basehttp 13740 14008 "GET /editor/ModernEcommerce33/test7/ HTTP/1.1" 500 67637
INFO 2026-07-27 14:34:27,281 autoreload 13740 13988 D:\360ExtremeBrowserDownload\Test\venv\src\builder\context_processors.py changed, reloading.
INFO 2026-07-27 14:34:29,118 autoreload 12232 11848 Watching for file changes with StatReloader
INFO 2026-07-27 14:36:32,546 autoreload 12232 11848 D:\360ExtremeBrowserDownload\Test\venv\src\src\settings.py changed, reloading.
INFO 2026-07-27 14:36:34,416 autoreload 2580 1028 Watching for file changes with StatReloader
INFO 2026-07-27 14:36:38,233 basehttp 2580 14152 "GET /editor/ModernEcommerce33/test7/ HTTP/1.1" 200 640407
INFO 2026-07-27 14:36:38,425 basehttp 2580 14152 "GET /builder/get-components/ HTTP/1.1" 200 23001
INFO 2026-07-27 14:36:38,498 basehttp 2580 14152 "GET /builder/load-template/ModernEcommerce33/?page=home&edit=test7 HTTP/1.1" 200 63120
INFO 2026-07-27 14:36:38,548 basehttp 2580 14152 "GET /builder/api/page-palette/test7/ HTTP/1.1" 200 31
INFO 2026-07-27 14:36:38,616 basehttp 2580 15076 "GET /builder/api/color-palettes/?page_subdomain=test7 HTTP/1.1" 200 55005
INFO 2026-07-27 14:36:38,846 basehttp 2580 15076 "GET /builder/api/color-palettes/?page_subdomain=test7 HTTP/1.1" 200 55005
INFO 2026-07-27 14:36:38,918 basehttp 2580 15076 "GET /builder/api/template-color-variables/ModernEcommerce33/ HTTP/1.1" 200 1041
INFO 2026-07-27 14:36:38,943 basehttp 2580 15076 "GET /builder/api/page-palette/test7/ HTTP/1.1" 200 31
INFO 2026-07-27 14:37:01,098 basehttp 2580 15076 "GET /editor/ModernEcommerce33/test7/ HTTP/1.1" 200 640407
INFO 2026-07-27 14:37:01,393 basehttp 2580 15076 "GET /builder/get-components/ HTTP/1.1" 200 23001
INFO 2026-07-27 14:37:01,489 basehttp 2580 15076 "GET /builder/load-template/ModernEcommerce33/?page=home&edit=test7 HTTP/1.1" 200 63359
INFO 2026-07-27 14:37:01,522 basehttp 2580 14152 "GET /builder/api/color-palettes/?page_subdomain=test7 HTTP/1.1" 200 55005
INFO 2026-07-27 14:37:01,559 basehttp 2580 15076 "GET /builder/api/page-palette/test7/ HTTP/1.1" 200 31
INFO 2026-07-27 14:37:01,868 basehttp 2580 14152 "GET /builder/api/color-palettes/?page_subdomain=test7 HTTP/1.1" 200 55005
INFO 2026-07-27 14:37:01,927 basehttp 2580 14152 "GET /builder/api/template-color-variables/ModernEcommerce33/ HTTP/1.1" 200 1041
INFO 2026-07-27 14:37:01,973 basehttp 2580 14152 "GET /builder/api/page-palette/test7/ HTTP/1.1" 200 31
INFO 2026-07-27 14:37:28,941 autoreload 2580 1028 D:\360ExtremeBrowserDownload\Test\venv\src\builder\context_processors.py changed, reloading.
INFO 2026-07-27 14:37:30,920 autoreload 2144 13356 Watching for file changes with StatReloader
INFO 2026-07-27 14:39:14,782 autoreload 2144 13356 D:\360ExtremeBrowserDownload\Test\venv\src\src\settings.py changed, reloading.
INFO 2026-07-27 14:39:17,127 autoreload 4764 5768 Watching for file changes with StatReloader
INFO 2026-07-27 14:41:31,113 autoreload 10032 11060 Watching for file changes with StatReloader
INFO 2026-07-27 14:41:36,598 basehttp 10032 8320 "GET /editor/ModernEcommerce33/test7/ HTTP/1.1" 200 640407
INFO 2026-07-27 14:41:36,929 basehttp 10032 8320 "GET /builder/get-components/ HTTP/1.1" 200 23001
INFO 2026-07-27 14:41:37,046 basehttp 10032 8320 "GET /builder/load-template/ModernEcommerce33/?page=home&edit=test7 HTTP/1.1" 200 63245
INFO 2026-07-27 14:41:37,097 basehttp 10032 12252 "GET /builder/api/color-palettes/?page_subdomain=test7 HTTP/1.1" 200 55005
INFO 2026-07-27 14:41:37,286 basehttp 10032 8320 "GET /builder/api/page-palette/test7/ HTTP/1.1" 200 31
INFO 2026-07-27 14:41:37,853 basehttp 10032 9248 "GET /builder/api/color-palettes/?page_subdomain=test7 HTTP/1.1" 200 55005
INFO 2026-07-27 14:41:38,445 basehttp 10032 9248 "GET /builder/api/template-color-variables/ModernEcommerce33/ HTTP/1.1" 200 1041
INFO 2026-07-27 14:41:38,478 basehttp 10032 9248 "GET /builder/api/page-palette/test7/ HTTP/1.1" 200 31
INFO 2026-07-27 14:45:14,869 autoreload 10032 11060 D:\360ExtremeBrowserDownload\Test\venv\src\src\settings.py changed, reloading.
INFO 2026-07-27 14:45:16,740 autoreload 15056 2472 Watching for file changes with StatReloader
INFO 2026-07-27 14:45:33,384 basehttp 15056 13320 "GET /editor/ModernEcommerce33/test7/ HTTP/1.1" 200 640407
INFO 2026-07-27 14:45:33,622 basehttp 15056 13320 "GET /builder/get-components/ HTTP/1.1" 200 23001
INFO 2026-07-27 14:45:33,721 basehttp 15056 13320 "GET /builder/load-template/ModernEcommerce33/?page=home&edit=test7 HTTP/1.1" 200 63245
INFO 2026-07-27 14:45:33,780 basehttp 15056 13320 "GET /builder/api/page-palette/test7/ HTTP/1.1" 200 31
INFO 2026-07-27 14:45:33,909 basehttp 15056 13472 "GET /builder/api/color-palettes/?page_subdomain=test7 HTTP/1.1" 200 55005
INFO 2026-07-27 14:45:34,150 basehttp 15056 13472 "GET /builder/api/color-palettes/?page_subdomain=test7 HTTP/1.1" 200 55005
INFO 2026-07-27 14:45:34,225 basehttp 15056 13472 "GET /builder/api/template-color-variables/ModernEcommerce33/ HTTP/1.1" 200 1041
INFO 2026-07-27 14:45:34,263 basehttp 15056 13472 "GET /builder/api/page-palette/test7/ HTTP/1.1" 200 31
INFO 2026-07-27 14:51:46,306 autoreload 15056 2472 D:\360ExtremeBrowserDownload\Test\venv\src\builder\templatetags\brand_tags.py changed, reloading.
INFO 2026-07-27 14:51:48,497 autoreload 1272 11416 Watching for file changes with StatReloader
INFO 2026-07-27 14:51:53,929 basehttp 1272 14260 "GET /editor/ModernEcommerce33/test7/ HTTP/1.1" 200 640407
INFO 2026-07-27 14:51:54,097 basehttp 1272 14260 "GET /builder/get-components/ HTTP/1.1" 200 23001
INFO 2026-07-27 14:51:54,159 basehttp 1272 14260 "GET /builder/load-template/ModernEcommerce33/?page=home&edit=test7 HTTP/1.1" 200 63245
INFO 2026-07-27 14:51:54,208 basehttp 1272 14260 "GET /builder/api/page-palette/test7/ HTTP/1.1" 200 31
INFO 2026-07-27 14:51:54,342 basehttp 1272 8704 "GET /builder/api/color-palettes/?page_subdomain=test7 HTTP/1.1" 200 55005
INFO 2026-07-27 14:51:54,532 basehttp 1272 8704 "GET /builder/api/color-palettes/?page_subdomain=test7 HTTP/1.1" 200 55005
INFO 2026-07-27 14:51:54,594 basehttp 1272 8704 "GET /builder/api/template-color-variables/ModernEcommerce33/ HTTP/1.1" 200 1041
INFO 2026-07-27 14:51:54,615 basehttp 1272 8704 "GET /builder/api/page-palette/test7/ HTTP/1.1" 200 31
INFO 2026-07-27 14:52:09,953 autoreload 13956 1460 Watching for file changes with StatReloader
INFO 2026-07-27 14:52:13,413 basehttp 13956 14096 "GET /editor/ModernEcommerce33/test7/ HTTP/1.1" 200 640407
INFO 2026-07-27 14:52:13,579 basehttp 13956 14096 "GET /builder/get-components/ HTTP/1.1" 200 23001
INFO 2026-07-27 14:52:13,650 basehttp 13956 14096 "GET /builder/load-template/ModernEcommerce33/?page=home&edit=test7 HTTP/1.1" 200 63245
INFO 2026-07-27 14:52:13,704 basehttp 13956 14096 "GET /builder/api/page-palette/test7/ HTTP/1.1" 200 31
INFO 2026-07-27 14:52:13,787 basehttp 13956 12252 "GET /builder/api/color-palettes/?page_subdomain=test7 HTTP/1.1" 200 55005
INFO 2026-07-27 14:52:14,116 basehttp 13956 12252 "GET /builder/api/color-palettes/?page_subdomain=test7 HTTP/1.1" 200 55005
INFO 2026-07-27 14:52:14,200 basehttp 13956 12252 "GET /builder/api/template-color-variables/ModernEcommerce33/ HTTP/1.1" 200 1041
INFO 2026-07-27 14:52:14,222 basehttp 13956 12252 "GET /builder/api/page-palette/test7/ HTTP/1.1" 200 31
INFO 2026-07-27 14:52:40,525 autoreload 13956 1460 D:\360ExtremeBrowserDownload\Test\venv\src\builder\templatetags\brand_tags.py changed, reloading.
INFO 2026-07-27 14:52:42,709 autoreload 12892 1028 Watching for file changes with StatReloader
INFO 2026-07-27 14:52:45,938 basehttp 12892 14392 "GET /editor/ModernEcommerce33/test7/ HTTP/1.1" 200 640407
INFO 2026-07-27 14:52:46,135 basehttp 12892 14392 "GET /builder/get-components/ HTTP/1.1" 200 23001
INFO 2026-07-27 14:52:46,213 basehttp 12892 14392 "GET /builder/load-template/ModernEcommerce33/?page=home&edit=test7 HTTP/1.1" 200 63244
INFO 2026-07-27 14:52:46,274 basehttp 12892 14392 "GET /builder/api/page-palette/test7/ HTTP/1.1" 200 31
INFO 2026-07-27 14:52:46,469 basehttp 12892 8152 "GET /builder/api/color-palettes/?page_subdomain=test7 HTTP/1.1" 200 55005
INFO 2026-07-27 14:52:46,705 basehttp 12892 14392 "GET /builder/api/color-palettes/?page_subdomain=test7 HTTP/1.1" 200 55005
INFO 2026-07-27 14:52:46,787 basehttp 12892 14392 "GET /builder/api/template-color-variables/ModernEcommerce33/ HTTP/1.1" 200 1041
INFO 2026-07-27 14:52:46,826 basehttp 12892 14392 "GET /builder/api/page-palette/test7/ HTTP/1.1" 200 31
INFO 2026-07-27 14:54:02,718 autoreload 12892 1028 D:\360ExtremeBrowserDownload\Test\venv\src\builder\templatetags\brand_tags.py changed, reloading.
INFO 2026-07-27 14:54:04,652 autoreload 12808 5076 Watching for file changes with StatReloader
INFO 2026-07-27 14:54:13,616 autoreload 2620 9472 Watching for file changes with StatReloader
INFO 2026-07-27 14:54:16,852 basehttp 2620 4764 "GET /editor/ModernEcommerce33/test7/ HTTP/1.1" 200 640407
INFO 2026-07-27 14:54:17,047 basehttp 2620 4764 "GET /builder/get-components/ HTTP/1.1" 200 23001
WARNING 2026-07-27 14:54:17,176 log 2620 4764 Not Found: /builder/load-template/ModernEcommerce33/
WARNING 2026-07-27 14:54:17,179 basehttp 2620 4764 "GET /builder/load-template/ModernEcommerce33/?page=home&edit=test7 HTTP/1.1" 404 18
INFO 2026-07-27 14:54:17,214 basehttp 2620 15196 "GET /builder/api/color-palettes/?page_subdomain=test7 HTTP/1.1" 200 55005
INFO 2026-07-27 14:54:17,224 basehttp 2620 4764 "GET /builder/api/page-palette/test7/ HTTP/1.1" 200 31
INFO 2026-07-27 14:54:17,327 basehttp 2620 15196 "GET /builder/api/color-palettes/?page_subdomain=test7 HTTP/1.1" 200 55005
INFO 2026-07-27 14:54:17,363 basehttp 2620 15196 "GET /builder/api/template-color-variables/ModernEcommerce33/ HTTP/1.1" 200 1041
INFO 2026-07-27 14:54:17,385 basehttp 2620 15196 "GET /builder/api/page-palette/test7/ HTTP/1.1" 200 31
INFO 2026-07-27 14:54:39,195 autoreload 2620 9472 D:\360ExtremeBrowserDownload\Test\venv\src\builder\templatetags\brand_tags.py changed, reloading.
INFO 2026-07-27 14:54:41,002 autoreload 12916 6184 Watching for file changes with StatReloader
INFO 2026-07-27 14:54:46,014 basehttp 12916 14836 "GET /editor/ModernEcommerce33/test7/ HTTP/1.1" 200 640407
INFO 2026-07-27 14:54:46,215 basehttp 12916 14836 "GET /builder/get-components/ HTTP/1.1" 200 23001
INFO 2026-07-27 14:54:46,279 basehttp 12916 14836 "GET /builder/load-template/ModernEcommerce33/?page=home&edit=test7 HTTP/1.1" 200 63244
INFO 2026-07-27 14:54:46,324 basehttp 12916 14836 "GET /builder/api/page-palette/test7/ HTTP/1.1" 200 31
INFO 2026-07-27 14:54:46,431 basehttp 12916 14976 "GET /builder/api/color-palettes/?page_subdomain=test7 HTTP/1.1" 200 55005
INFO 2026-07-27 14:54:46,689 basehttp 12916 14836 "GET /builder/api/color-palettes/?page_subdomain=test7 HTTP/1.1" 200 55005
INFO 2026-07-27 14:54:46,762 basehttp 12916 14836 "GET /builder/api/template-color-variables/ModernEcommerce33/ HTTP/1.1" 200 1041
INFO 2026-07-27 14:54:46,794 basehttp 12916 14836 "GET /builder/api/page-palette/test7/ HTTP/1.1" 200 31
INFO 2026-07-27 14:58:57,365 autoreload 12916 6184 D:\360ExtremeBrowserDownload\Test\venv\src\builder\views.py changed, reloading.
INFO 2026-07-27 14:59:00,804 autoreload 13456 11616 Watching for file changes with StatReloader
INFO 2026-07-27 14:59:04,785 basehttp 13456 5552 "GET /editor/ModernEcommerce33/test7/ HTTP/1.1" 200 640407
INFO 2026-07-27 14:59:05,110 basehttp 13456 5552 "GET /builder/get-components/ HTTP/1.1" 200 23001
INFO 2026-07-27 14:59:05,216 basehttp 13456 13724 "GET /builder/api/color-palettes/?page_subdomain=test7 HTTP/1.1" 200 55005
INFO 2026-07-27 14:59:05,340 basehttp 13456 5552 "GET /builder/load-template/ModernEcommerce33/?page=home&edit=test7 HTTP/1.1" 200 100942
INFO 2026-07-27 14:59:05,416 basehttp 13456 5552 "GET /builder/api/page-palette/test7/ HTTP/1.1" 200 31
INFO 2026-07-27 14:59:05,567 basehttp 13456 12804 "GET /builder/api/color-palettes/?page_subdomain=test7 HTTP/1.1" 200 55005
INFO 2026-07-27 14:59:05,742 basehttp 13456 12804 "GET /builder/api/template-color-variables/ModernEcommerce33/ HTTP/1.1" 200 1041
INFO 2026-07-27 14:59:05,802 basehttp 13456 12804 "GET /builder/api/page-palette/test7/ HTTP/1.1" 200 31
INFO 2026-07-27 15:00:29,149 autoreload 13456 11616 D:\360ExtremeBrowserDownload\Test\venv\src\builder\views.py changed, reloading.
INFO 2026-07-27 15:00:31,808 autoreload 12104 14108 Watching for file changes with StatReloader
INFO 2026-07-27 15:00:34,939 basehttp 12104 9760 "GET /editor/ModernEcommerce33/test7/ HTTP/1.1" 200 640407
INFO 2026-07-27 15:00:35,160 basehttp 12104 9760 "GET /builder/get-components/ HTTP/1.1" 200 23001
INFO 2026-07-27 15:00:35,254 basehttp 12104 9760 "GET /builder/load-template/ModernEcommerce33/?page=home&edit=test7 HTTP/1.1" 200 63244
INFO 2026-07-27 15:00:35,307 basehttp 12104 9760 "GET /builder/api/page-palette/test7/ HTTP/1.1" 200 31
INFO 2026-07-27 15:00:35,382 basehttp 12104 13992 "GET /builder/api/color-palettes/?page_subdomain=test7 HTTP/1.1" 200 55005
INFO 2026-07-27 15:00:35,600 basehttp 12104 13992 "GET /builder/api/color-palettes/?page_subdomain=test7 HTTP/1.1" 200 55005
INFO 2026-07-27 15:00:35,644 basehttp 12104 13992 "GET /builder/api/template-color-variables/ModernEcommerce33/ HTTP/1.1" 200 1041
INFO 2026-07-27 15:00:35,670 basehttp 12104 13992 "GET /builder/api/page-palette/test7/ HTTP/1.1" 200 31
INFO 2026-07-27 15:06:01,781 autoreload 12104 14108 D:\360ExtremeBrowserDownload\Test\venv\src\builder\templatetags\brand_tags.py changed, reloading.
INFO 2026-07-27 15:06:03,945 autoreload 5192 10012 Watching for file changes with StatReloader
INFO 2026-07-27 15:06:23,853 basehttp 5192 12608 "GET /editor/ModernEcommerce33/test7/ HTTP/1.1" 200 640407
INFO 2026-07-27 15:06:24,032 basehttp 5192 12608 "GET /builder/get-components/ HTTP/1.1" 200 23001
INFO 2026-07-27 15:06:24,104 basehttp 5192 12608 "GET /builder/load-template/ModernEcommerce33/?page=home&edit=test7 HTTP/1.1" 200 63245
INFO 2026-07-27 15:06:24,170 basehttp 5192 12608 "GET /builder/api/page-palette/test7/ HTTP/1.1" 200 31
INFO 2026-07-27 15:06:24,299 basehttp 5192 13188 "GET /builder/api/color-palettes/?page_subdomain=test7 HTTP/1.1" 200 55005
INFO 2026-07-27 15:06:24,483 basehttp 5192 13188 "GET /builder/api/color-palettes/?page_subdomain=test7 HTTP/1.1" 200 55005
INFO 2026-07-27 15:06:24,535 basehttp 5192 13188 "GET /builder/api/template-color-variables/ModernEcommerce33/ HTTP/1.1" 200 1041
INFO 2026-07-27 15:06:24,558 basehttp 5192 13188 "GET /builder/api/page-palette/test7/ HTTP/1.1" 200 31
INFO 2026-07-27 15:06:51,530 basehttp 5192 13188 "GET /editor/ModernEcommerce33/test7/ HTTP/1.1" 200 640407
INFO 2026-07-27 15:06:51,738 basehttp 5192 13188 "GET /builder/get-components/ HTTP/1.1" 200 23001
INFO 2026-07-27 15:06:51,787 basehttp 5192 13188 "GET /builder/load-template/ModernEcommerce33/?page=home&edit=test7 HTTP/1.1" 200 63237
INFO 2026-07-27 15:06:51,824 basehttp 5192 13188 "GET /builder/api/page-palette/test7/ HTTP/1.1" 200 31
INFO 2026-07-27 15:06:51,920 basehttp 5192 12608 "GET /builder/api/color-palettes/?page_subdomain=test7 HTTP/1.1" 200 55005
INFO 2026-07-27 15:06:52,186 basehttp 5192 12608 "GET /builder/api/color-palettes/?page_subdomain=test7 HTTP/1.1" 200 55005
INFO 2026-07-27 15:06:52,236 basehttp 5192 12608 "GET /builder/api/template-color-variables/ModernEcommerce33/ HTTP/1.1" 200 1041
INFO 2026-07-27 15:06:52,270 basehttp 5192 12608 "GET /builder/api/page-palette/test7/ HTTP/1.1" 200 31
INFO 2026-07-27 15:07:15,429 autoreload 5192 10012 D:\360ExtremeBrowserDownload\Test\venv\src\builder\templatetags\brand_tags.py changed, reloading.
INFO 2026-07-27 15:07:17,260 autoreload 6472 7108 Watching for file changes with StatReloader
INFO 2026-07-27 15:07:19,807 basehttp 6472 13864 "GET /editor/ModernEcommerce33/test7/ HTTP/1.1" 200 640407
INFO 2026-07-27 15:07:19,965 basehttp 6472 13864 "GET /builder/get-components/ HTTP/1.1" 200 23001
INFO 2026-07-27 15:07:20,022 basehttp 6472 13864 "GET /builder/load-template/ModernEcommerce33/?page=home&edit=test7 HTTP/1.1" 200 63237
INFO 2026-07-27 15:07:20,066 basehttp 6472 13864 "GET /builder/api/page-palette/test7/ HTTP/1.1" 200 31
INFO 2026-07-27 15:07:20,172 basehttp 6472 6476 "GET /builder/api/color-palettes/?page_subdomain=test7 HTTP/1.1" 200 55005
INFO 2026-07-27 15:07:20,320 basehttp 6472 6476 "GET /builder/api/color-palettes/?page_subdomain=test7 HTTP/1.1" 200 55005
INFO 2026-07-27 15:07:20,358 basehttp 6472 6476 "GET /builder/api/template-color-variables/ModernEcommerce33/ HTTP/1.1" 200 1041
INFO 2026-07-27 15:07:20,376 basehttp 6472 6476 "GET /builder/api/page-palette/test7/ HTTP/1.1" 200 31
INFO 2026-07-27 15:08:02,571 basehttp 6472 6476 "GET /editor/ModernEcommerce33/test7/ HTTP/1.1" 200 640407
INFO 2026-07-27 15:08:02,819 basehttp 6472 6476 "GET /builder/get-components/ HTTP/1.1" 200 23001
INFO 2026-07-27 15:08:03,049 basehttp 6472 13864 "GET /builder/api/color-palettes/?page_subdomain=test7 HTTP/1.1" 200 55005
WARNING 2026-07-27 15:08:03,064 log 6472 6476 Not Found: /builder/load-template/ModernEcommerce33/
WARNING 2026-07-27 15:08:03,071 basehttp 6472 6476 "GET /builder/load-template/ModernEcommerce33/?page=home&edit=test7 HTTP/1.1" 404 18
INFO 2026-07-27 15:08:03,140 basehttp 6472 6476 "GET /builder/api/page-palette/test7/ HTTP/1.1" 200 31
INFO 2026-07-27 15:08:03,220 basehttp 6472 13864 "GET /builder/api/color-palettes/?page_subdomain=test7 HTTP/1.1" 200 55005
INFO 2026-07-27 15:08:03,282 basehttp 6472 13864 "GET /builder/api/template-color-variables/ModernEcommerce33/ HTTP/1.1" 200 1041
INFO 2026-07-27 15:08:03,312 basehttp 6472 13864 "GET /builder/api/page-palette/test7/ HTTP/1.1" 200 31
INFO 2026-07-27 15:08:38,660 basehttp 6472 13864 "GET /editor/ModernEcommerce33/test7/ HTTP/1.1" 200 640407
INFO 2026-07-27 15:08:38,829 basehttp 6472 13864 "GET /builder/get-components/ HTTP/1.1" 200 23001
WARNING 2026-07-27 15:08:38,913 log 6472 13864 Not Found: /builder/load-template/ModernEcommerce33/
WARNING 2026-07-27 15:08:38,915 basehttp 6472 13864 "GET /builder/load-template/ModernEcommerce33/?page=home&edit=test7 HTTP/1.1" 404 18
INFO 2026-07-27 15:08:38,948 basehttp 6472 13864 "GET /builder/api/page-palette/test7/ HTTP/1.1" 200 31
INFO 2026-07-27 15:08:38,963 basehttp 6472 6476 "GET /builder/api/color-palettes/?page_subdomain=test7 HTTP/1.1" 200 55005
INFO 2026-07-27 15:08:39,086 basehttp 6472 6476 "GET /builder/api/color-palettes/?page_subdomain=test7 HTTP/1.1" 200 55005
INFO 2026-07-27 15:08:39,118 basehttp 6472 6476 "GET /builder/api/template-color-variables/ModernEcommerce33/ HTTP/1.1" 200 1041
INFO 2026-07-27 15:08:39,137 basehttp 6472 6476 "GET /builder/api/page-palette/test7/ HTTP/1.1" 200 31
INFO 2026-07-27 15:09:42,629 basehttp 6472 13876 "GET /editor/ModernEcommerce33/test7/ HTTP/1.1" 200 640407
INFO 2026-07-27 15:09:42,798 basehttp 6472 13876 "GET /builder/get-components/ HTTP/1.1" 200 23001
WARNING 2026-07-27 15:09:42,894 log 6472 13876 Not Found: /builder/load-template/ModernEcommerce33/
WARNING 2026-07-27 15:09:42,896 basehttp 6472 13876 "GET /builder/load-template/ModernEcommerce33/?page=home&edit=test7 HTTP/1.1" 404 18
INFO 2026-07-27 15:09:42,934 basehttp 6472 12208 "GET /builder/api/color-palettes/?page_subdomain=test7 HTTP/1.1" 200 55005
INFO 2026-07-27 15:09:42,934 basehttp 6472 13876 "GET /builder/api/page-palette/test7/ HTTP/1.1" 200 31
INFO 2026-07-27 15:09:43,080 basehttp 6472 13876 "GET /builder/api/color-palettes/?page_subdomain=test7 HTTP/1.1" 200 55005
INFO 2026-07-27 15:09:43,112 basehttp 6472 13876 "GET /builder/api/template-color-variables/ModernEcommerce33/ HTTP/1.1" 200 1041
INFO 2026-07-27 15:09:43,134 basehttp 6472 13876 "GET /builder/api/page-palette/test7/ HTTP/1.1" 200 31
INFO 2026-07-27 15:09:43,781 basehttp 6472 13876 "GET /editor/ModernEcommerce33/test7/ HTTP/1.1" 200 640407
INFO 2026-07-27 15:09:43,971 basehttp 6472 13876 "GET /builder/get-components/ HTTP/1.1" 200 23001
WARNING 2026-07-27 15:09:44,062 log 6472 13876 Not Found: /builder/load-template/ModernEcommerce33/
WARNING 2026-07-27 15:09:44,064 basehttp 6472 13876 "GET /builder/load-template/ModernEcommerce33/?page=home&edit=test7 HTTP/1.1" 404 18
INFO 2026-07-27 15:09:44,101 basehttp 6472 13876 "GET /builder/api/page-palette/test7/ HTTP/1.1" 200 31
INFO 2026-07-27 15:09:44,102 basehttp 6472 12208 "GET /builder/api/color-palettes/?page_subdomain=test7 HTTP/1.1" 200 55005
INFO 2026-07-27 15:09:44,212 basehttp 6472 13876 "GET /builder/api/color-palettes/?page_subdomain=test7 HTTP/1.1" 200 55005
INFO 2026-07-27 15:09:44,243 basehttp 6472 13876 "GET /builder/api/template-color-variables/ModernEcommerce33/ HTTP/1.1" 200 1041
INFO 2026-07-27 15:09:44,265 basehttp 6472 13876 "GET /builder/api/page-palette/test7/ HTTP/1.1" 200 31
INFO 2026-07-27 15:10:26,397 autoreload 6472 7108 D:\360ExtremeBrowserDownload\Test\venv\src\builder\templatetags\brand_tags.py changed, reloading.
INFO 2026-07-27 15:10:28,205 autoreload 7788 5276 Watching for file changes with StatReloader
INFO 2026-07-27 15:11:30,611 autoreload 7788 5276 D:\360ExtremeBrowserDownload\Test\venv\src\builder\templatetags\brand_tags.py changed, reloading.
INFO 2026-07-27 15:11:32,485 autoreload 5176 12700 Watching for file changes with StatReloader
INFO 2026-07-27 15:11:36,513 basehttp 5176 5768 "GET /editor/ModernEcommerce33/test7/ HTTP/1.1" 200 640407
INFO 2026-07-27 15:11:36,693 basehttp 5176 5768 "GET /builder/get-components/ HTTP/1.1" 200 23001
INFO 2026-07-27 15:11:36,808 basehttp 5176 7448 "GET /builder/api/color-palettes/?page_subdomain=test7 HTTP/1.1" 200 55005
WARNING 2026-07-27 15:11:36,809 log 5176 5768 Not Found: /builder/load-template/ModernEcommerce33/
WARNING 2026-07-27 15:11:36,810 basehttp 5176 5768 "GET /builder/load-template/ModernEcommerce33/?page=home&edit=test7 HTTP/1.1" 404 18
INFO 2026-07-27 15:11:36,898 basehttp 5176 5768 "GET /builder/api/page-palette/test7/ HTTP/1.1" 200 31
INFO 2026-07-27 15:11:36,950 basehttp 5176 7448 "GET /builder/api/color-palettes/?page_subdomain=test7 HTTP/1.1" 200 55005
INFO 2026-07-27 15:11:36,987 basehttp 5176 7448 "GET /builder/api/template-color-variables/ModernEcommerce33/ HTTP/1.1" 200 1041
INFO 2026-07-27 15:11:37,006 basehttp 5176 7448 "GET /builder/api/page-palette/test7/ HTTP/1.1" 200 31
INFO 2026-07-27 15:12:21,703 basehttp 5176 7448 "GET /editor/ModernEcommerce33/test7/ HTTP/1.1" 200 640407
INFO 2026-07-27 15:12:21,889 basehttp 5176 7448 "GET /builder/get-components/ HTTP/1.1" 200 23001
INFO 2026-07-27 15:12:22,138 basehttp 5176 5768 "GET /builder/api/color-palettes/?page_subdomain=test7 HTTP/1.1" 200 55005
INFO 2026-07-27 15:12:22,160 basehttp 5176 7448 "GET /builder/load-template/ModernEcommerce33/?page=home&edit=test7 HTTP/1.1" 200 63244
INFO 2026-07-27 15:12:22,251 basehttp 5176 7448 "GET /builder/api/page-palette/test7/ HTTP/1.1" 200 31
INFO 2026-07-27 15:12:22,406 basehttp 5176 5768 "GET /builder/api/color-palettes/?page_subdomain=test7 HTTP/1.1" 200 55005
INFO 2026-07-27 15:12:22,522 basehttp 5176 5768 "GET /builder/api/template-color-variables/ModernEcommerce33/ HTTP/1.1" 200 1041
INFO 2026-07-27 15:12:22,588 basehttp 5176 5768 "GET /builder/api/page-palette/test7/ HTTP/1.1" 200 31
INFO 2026-07-27 15:12:22,867 basehttp 5176 5768 "GET /editor/ModernEcommerce33/test7/ HTTP/1.1" 200 640407
INFO 2026-07-27 15:12:23,039 basehttp 5176 5768 "GET /builder/get-components/ HTTP/1.1" 200 23001
INFO 2026-07-27 15:12:23,126 basehttp 5176 5768 "GET /builder/load-template/ModernEcommerce33/?page=home&edit=test7 HTTP/1.1" 200 63244
INFO 2026-07-27 15:12:23,176 basehttp 5176 5768 "GET /builder/api/page-palette/test7/ HTTP/1.1" 200 31
INFO 2026-07-27 15:12:23,228 basehttp 5176 7448 "GET /builder/api/color-palettes/?page_subdomain=test7 HTTP/1.1" 200 55005
INFO 2026-07-27 15:12:23,421 basehttp 5176 7448 "GET /builder/api/color-palettes/?page_subdomain=test7 HTTP/1.1" 200 55005
INFO 2026-07-27 15:12:23,463 basehttp 5176 7448 "GET /builder/api/template-color-variables/ModernEcommerce33/ HTTP/1.1" 200 1041
INFO 2026-07-27 15:12:23,486 basehttp 5176 7448 "GET /builder/api/page-palette/test7/ HTTP/1.1" 200 31
INFO 2026-07-27 15:13:22,222 autoreload 5176 12700 D:\360ExtremeBrowserDownload\Test\venv\src\builder\templatetags\brand_tags.py changed, reloading.
INFO 2026-07-27 15:13:24,949 autoreload 8512 13476 Watching for file changes with StatReloader
INFO 2026-07-27 15:13:26,035 basehttp 8512 13120 "GET /editor/ModernEcommerce33/test7/ HTTP/1.1" 200 640407
INFO 2026-07-27 15:13:26,182 basehttp 8512 13120 "GET /builder/get-components/ HTTP/1.1" 200 23001
WARNING 2026-07-27 15:13:26,294 log 8512 13120 Not Found: /builder/load-template/ModernEcommerce33/
WARNING 2026-07-27 15:13:26,301 basehttp 8512 13120 "GET /builder/load-template/ModernEcommerce33/?page=home&edit=test7 HTTP/1.1" 404 18
INFO 2026-07-27 15:13:26,334 basehttp 8512 13120 "GET /builder/api/page-palette/test7/ HTTP/1.1" 200 31
INFO 2026-07-27 15:13:26,334 basehttp 8512 9268 "GET /builder/api/color-palettes/?page_subdomain=test7 HTTP/1.1" 200 55005
INFO 2026-07-27 15:13:26,457 basehttp 8512 13120 "GET /builder/api/color-palettes/?page_subdomain=test7 HTTP/1.1" 200 55005
INFO 2026-07-27 15:13:26,501 basehttp 8512 13120 "GET /builder/api/template-color-variables/ModernEcommerce33/ HTTP/1.1" 200 1041
INFO 2026-07-27 15:13:26,520 basehttp 8512 13120 "GET /builder/api/page-palette/test7/ HTTP/1.1" 200 31
INFO 2026-07-27 15:13:54,898 basehttp 8512 13120 "GET /editor/ModernEcommerce33/test7/ HTTP/1.1" 200 640407
INFO 2026-07-27 15:13:55,043 basehttp 8512 13120 "GET /builder/get-components/ HTTP/1.1" 200 23001
INFO 2026-07-27 15:13:55,103 basehttp 8512 13120 "GET /builder/load-template/ModernEcommerce33/?page=home&edit=test7 HTTP/1.1" 200 63244
INFO 2026-07-27 15:13:55,143 basehttp 8512 13120 "GET /builder/api/page-palette/test7/ HTTP/1.1" 200 31
INFO 2026-07-27 15:13:55,206 basehttp 8512 9268 "GET /builder/api/color-palettes/?page_subdomain=test7 HTTP/1.1" 200 55005
INFO 2026-07-27 15:13:55,423 basehttp 8512 9268 "GET /builder/api/color-palettes/?page_subdomain=test7 HTTP/1.1" 200 55005
INFO 2026-07-27 15:13:55,473 basehttp 8512 9268 "GET /builder/api/template-color-variables/ModernEcommerce33/ HTTP/1.1" 200 1041
INFO 2026-07-27 15:13:55,493 basehttp 8512 9268 "GET /builder/api/page-palette/test7/ HTTP/1.1" 200 31
INFO 2026-07-27 15:14:20,057 basehttp 8512 9268 "GET /editor/ModernEcommerce33/test7/ HTTP/1.1" 200 640407
INFO 2026-07-27 15:14:20,212 basehttp 8512 9268 "GET /builder/get-components/ HTTP/1.1" 200 23001
INFO 2026-07-27 15:14:20,278 basehttp 8512 9268 "GET /builder/load-template/ModernEcommerce33/?page=home&edit=test7 HTTP/1.1" 200 63244
INFO 2026-07-27 15:14:20,321 basehttp 8512 9268 "GET /builder/api/page-palette/test7/ HTTP/1.1" 200 31
INFO 2026-07-27 15:14:20,436 basehttp 8512 13120 "GET /builder/api/color-palettes/?page_subdomain=test7 HTTP/1.1" 200 55005
INFO 2026-07-27 15:14:20,778 basehttp 8512 9268 "GET /builder/api/color-palettes/?page_subdomain=test7 HTTP/1.1" 200 55005
INFO 2026-07-27 15:14:20,852 basehttp 8512 9268 "GET /builder/api/template-color-variables/ModernEcommerce33/ HTTP/1.1" 200 1041
INFO 2026-07-27 15:14:20,876 basehttp 8512 9268 "GET /builder/api/page-palette/test7/ HTTP/1.1" 200 31
INFO 2026-07-27 15:25:12,405 basehttp 8512 11972 "GET /editor/ModernEcommerce33/test7/ HTTP/1.1" 200 641492
INFO 2026-07-27 15:25:12,572 basehttp 8512 11972 "GET /builder/get-components/ HTTP/1.1" 200 23001
INFO 2026-07-27 15:25:12,628 basehttp 8512 11972 "GET /builder/load-template/ModernEcommerce33/?page=home&edit=test7 HTTP/1.1" 200 63243
INFO 2026-07-27 15:25:12,680 basehttp 8512 11972 "GET /builder/api/page-palette/test7/ HTTP/1.1" 200 31
INFO 2026-07-27 15:25:12,821 basehttp 8512 11788 "GET /builder/api/color-palettes/?page_subdomain=test7 HTTP/1.1" 200 55005
INFO 2026-07-27 15:25:13,071 basehttp 8512 11972 "GET /builder/api/color-palettes/?page_subdomain=test7 HTTP/1.1" 200 55005
INFO 2026-07-27 15:25:13,130 basehttp 8512 11972 "GET /builder/api/template-color-variables/ModernEcommerce33/ HTTP/1.1" 200 1041
INFO 2026-07-27 15:25:13,159 basehttp 8512 11972 "GET /builder/api/page-palette/test7/ HTTP/1.1" 200 31
INFO 2026-07-27 15:30:23,100 autoreload 8512 13476 D:\360ExtremeBrowserDownload\Test\venv\src\builder\views.py changed, reloading.
INFO 2026-07-27 15:30:26,246 autoreload 14220 14372 Watching for file changes with StatReloader
INFO 2026-07-27 15:30:28,115 basehttp 14220 6360 "GET /editor/ModernEcommerce33/test7/ HTTP/1.1" 200 641492
INFO 2026-07-27 15:30:28,307 basehttp 14220 6360 "GET /builder/get-components/ HTTP/1.1" 200 23001
WARNING 2026-07-27 15:30:28,403 log 14220 6360 Not Found: /builder/load-template/ModernEcommerce33/
WARNING 2026-07-27 15:30:28,409 basehttp 14220 6360 "GET /builder/load-template/ModernEcommerce33/?page=home&edit=test7 HTTP/1.1" 404 18
INFO 2026-07-27 15:30:28,451 basehttp 14220 6360 "GET /builder/api/page-palette/test7/ HTTP/1.1" 200 31
INFO 2026-07-27 15:30:28,466 basehttp 14220 940 "GET /builder/api/color-palettes/?page_subdomain=test7 HTTP/1.1" 200 55005
INFO 2026-07-27 15:30:28,628 basehttp 14220 940 "GET /builder/api/color-palettes/?page_subdomain=test7 HTTP/1.1" 200 55005
INFO 2026-07-27 15:30:28,703 basehttp 14220 940 "GET /builder/api/template-color-variables/ModernEcommerce33/ HTTP/1.1" 200 1041
INFO 2026-07-27 15:30:28,745 basehttp 14220 940 "GET /builder/api/page-palette/test7/ HTTP/1.1" 200 31
INFO 2026-07-27 15:30:45,545 autoreload 14220 14372 D:\360ExtremeBrowserDownload\Test\venv\src\builder\views.py changed, reloading.
INFO 2026-07-27 15:30:48,323 autoreload 5624 4384 Watching for file changes with StatReloader
INFO 2026-07-27 15:30:50,138 basehttp 5624 4424 "GET /editor/ModernEcommerce33/test7/ HTTP/1.1" 200 641492
INFO 2026-07-27 15:30:50,271 basehttp 5624 4424 "GET /builder/get-components/ HTTP/1.1" 200 23001
WARNING 2026-07-27 15:30:50,336 log 5624 4424 Not Found: /builder/load-template/ModernEcommerce33/
WARNING 2026-07-27 15:30:50,339 basehttp 5624 4424 "GET /builder/load-template/ModernEcommerce33/?page=home&edit=test7 HTTP/1.1" 404 18
INFO 2026-07-27 15:30:50,376 basehttp 5624 4424 "GET /builder/api/page-palette/test7/ HTTP/1.1" 200 31
INFO 2026-07-27 15:30:50,394 basehttp 5624 6940 "GET /builder/api/color-palettes/?page_subdomain=test7 HTTP/1.1" 200 55005
INFO 2026-07-27 15:30:50,519 basehttp 5624 6940 "GET /builder/api/color-palettes/?page_subdomain=test7 HTTP/1.1" 200 55005
INFO 2026-07-27 15:30:50,559 basehttp 5624 6940 "GET /builder/api/template-color-variables/ModernEcommerce33/ HTTP/1.1" 200 1041
INFO 2026-07-27 15:30:50,582 basehttp 5624 6940 "GET /builder/api/page-palette/test7/ HTTP/1.1" 200 31
INFO 2026-07-27 15:30:51,477 basehttp 5624 6940 "GET /editor/ModernEcommerce33/test7/ HTTP/1.1" 200 641492
INFO 2026-07-27 15:30:51,612 basehttp 5624 6940 "GET /builder/get-components/ HTTP/1.1" 200 23001
WARNING 2026-07-27 15:30:51,659 log 5624 6940 Not Found: /builder/load-template/ModernEcommerce33/
WARNING 2026-07-27 15:30:51,663 basehttp 5624 6940 "GET /builder/load-template/ModernEcommerce33/?page=home&edit=test7 HTTP/1.1" 404 18
INFO 2026-07-27 15:30:51,704 basehttp 5624 6940 "GET /builder/api/page-palette/test7/ HTTP/1.1" 200 31
INFO 2026-07-27 15:30:51,726 basehttp 5624 4424 "GET /builder/api/color-palettes/?page_subdomain=test7 HTTP/1.1" 200 55005
INFO 2026-07-27 15:30:51,813 basehttp 5624 4424 "GET /builder/api/color-palettes/?page_subdomain=test7 HTTP/1.1" 200 55005
INFO 2026-07-27 15:30:51,846 basehttp 5624 4424 "GET /builder/api/template-color-variables/ModernEcommerce33/ HTTP/1.1" 200 1041
INFO 2026-07-27 15:30:51,863 basehttp 5624 4424 "GET /builder/api/page-palette/test7/ HTTP/1.1" 200 31
INFO 2026-07-27 15:31:03,220 autoreload 5624 4384 D:\360ExtremeBrowserDownload\Test\venv\src\builder\views.py changed, reloading.
INFO 2026-07-27 15:31:05,750 autoreload 508 32 Watching for file changes with StatReloader
INFO 2026-07-27 15:33:33,173 autoreload 508 32 D:\360ExtremeBrowserDownload\Test\venv\src\builder\views.py changed, reloading.
INFO 2026-07-27 15:33:35,717 autoreload 11808 15116 Watching for file changes with StatReloader
INFO 2026-07-27 15:33:37,738 basehttp 11808 1204 "GET /editor/ModernEcommerce33/test7/ HTTP/1.1" 200 641492
INFO 2026-07-27 15:33:37,932 basehttp 11808 1204 "GET /builder/get-components/ HTTP/1.1" 200 23001
INFO 2026-07-27 15:33:38,010 basehttp 11808 1204 "GET /builder/load-template/ModernEcommerce33/?page=home&edit=test7 HTTP/1.1" 200 63243
INFO 2026-07-27 15:33:38,040 basehttp 11808 15188 "GET /builder/api/color-palettes/?page_subdomain=test7 HTTP/1.1" 200 55005
INFO 2026-07-27 15:33:38,057 basehttp 11808 1204 "GET /builder/api/page-palette/test7/ HTTP/1.1" 200 31
INFO 2026-07-27 15:33:38,337 basehttp 11808 15188 "GET /builder/api/color-palettes/?page_subdomain=test7 HTTP/1.1" 200 55005
INFO 2026-07-27 15:33:38,495 basehttp 11808 15188 "GET /builder/api/template-color-variables/ModernEcommerce33/ HTTP/1.1" 200 1041
INFO 2026-07-27 15:33:38,529 basehttp 11808 15188 "GET /builder/api/page-palette/test7/ HTTP/1.1" 200 31
INFO 2026-07-27 15:34:17,024 autoreload 11808 15116 D:\360ExtremeBrowserDownload\Test\venv\src\builder\views.py changed, reloading.
INFO 2026-07-27 15:34:20,335 autoreload 14216 12936 Watching for file changes with StatReloader
INFO 2026-07-27 15:34:22,791 basehttp 14216 15344 "GET /editor/ModernEcommerce33/test7/ HTTP/1.1" 200 641492
INFO 2026-07-27 15:34:22,982 basehttp 14216 15344 "GET /builder/get-components/ HTTP/1.1" 200 23001
INFO 2026-07-27 15:34:23,059 basehttp 14216 15344 "GET /builder/load-template/ModernEcommerce33/?page=home&edit=test7 HTTP/1.1" 200 63241
INFO 2026-07-27 15:34:23,130 basehttp 14216 15344 "GET /builder/api/page-palette/test7/ HTTP/1.1" 200 31
INFO 2026-07-27 15:34:23,236 basehttp 14216 14816 "GET /builder/api/color-palettes/?page_subdomain=test7 HTTP/1.1" 200 55005
INFO 2026-07-27 15:34:23,654 basehttp 14216 14816 "GET /builder/api/color-palettes/?page_subdomain=test7 HTTP/1.1" 200 55005
INFO 2026-07-27 15:34:23,720 basehttp 14216 14816 "GET /builder/api/template-color-variables/ModernEcommerce33/ HTTP/1.1" 200 1041
INFO 2026-07-27 15:34:23,755 basehttp 14216 14816 "GET /builder/api/page-palette/test7/ HTTP/1.1" 200 31
INFO 2026-07-27 19:07:09,421 basehttp 14216 14860 "GET /editor/ModernEcommerce27/josa/ HTTP/1.1" 200 670554
INFO 2026-07-27 19:07:09,690 basehttp 14216 14860 "GET /builder/get-components/ HTTP/1.1" 200 23001
INFO 2026-07-27 19:07:09,750 basehttp 14216 14860 "GET /builder/load-template/ModernEcommerce27/?page=home&edit=josa HTTP/1.1" 200 81565
INFO 2026-07-27 19:07:09,804 basehttp 14216 14240 "GET /builder/api/color-palettes/?page_subdomain=josa HTTP/1.1" 200 55064
INFO 2026-07-27 19:07:09,821 basehttp 14216 14860 "GET /builder/api/page-palette/josa/ HTTP/1.1" 200 610
INFO 2026-07-27 19:07:10,024 basehttp 14216 14240 "GET /builder/api/color-palettes/?page_subdomain=josa HTTP/1.1" 200 55064
INFO 2026-07-27 19:07:10,222 basehttp 14216 14240 "GET /builder/api/template-color-variables/ModernEcommerce27/ HTTP/1.1" 200 667
INFO 2026-07-27 19:07:10,323 basehttp 14216 14240 "GET /builder/api/page-palette/josa/ HTTP/1.1" 200 610
INFO 2026-07-27 19:09:10,850 basehttp 14216 14240 "GET /editor/ModernEcommerce27/josa/ HTTP/1.1" 200 670554
INFO 2026-07-27 19:09:11,019 basehttp 14216 14240 "GET /builder/get-components/ HTTP/1.1" 200 23001
INFO 2026-07-27 19:09:11,116 basehttp 14216 14240 "GET /builder/load-template/ModernEcommerce27/?page=home&edit=josa HTTP/1.1" 200 81576
INFO 2026-07-27 19:09:11,185 basehttp 14216 14240 "GET /builder/api/page-palette/josa/ HTTP/1.1" 200 610
INFO 2026-07-27 19:09:11,217 basehttp 14216 14860 "GET /builder/api/color-palettes/?page_subdomain=josa HTTP/1.1" 200 55064
INFO 2026-07-27 19:09:11,450 basehttp 14216 14860 "GET /builder/api/color-palettes/?page_subdomain=josa HTTP/1.1" 200 55064
INFO 2026-07-27 19:09:11,739 basehttp 14216 14860 "GET /builder/api/template-color-variables/ModernEcommerce27/ HTTP/1.1" 200 667
INFO 2026-07-27 19:09:11,832 basehttp 14216 14860 "GET /builder/api/page-palette/josa/ HTTP/1.1" 200 610
INFO 2026-07-27 19:09:50,478 basehttp 14216 14860 "GET /editor/ModernEcommerce27/josa/ HTTP/1.1" 200 670554
INFO 2026-07-27 19:09:50,659 basehttp 14216 14860 "GET /builder/get-components/ HTTP/1.1" 200 23001
INFO 2026-07-27 19:09:50,747 basehttp 14216 14860 "GET /builder/load-template/ModernEcommerce27/?page=home&edit=josa HTTP/1.1" 200 81565
INFO 2026-07-27 19:09:50,829 basehttp 14216 14860 "GET /builder/api/page-palette/josa/ HTTP/1.1" 200 610
INFO 2026-07-27 19:09:50,847 basehttp 14216 14240 "GET /builder/api/color-palettes/?page_subdomain=josa HTTP/1.1" 200 55064
INFO 2026-07-27 19:09:51,088 basehttp 14216 14240 "GET /builder/api/color-palettes/?page_subdomain=josa HTTP/1.1" 200 55064
INFO 2026-07-27 19:09:51,457 basehttp 14216 14240 "GET /builder/api/template-color-variables/ModernEcommerce27/ HTTP/1.1" 200 667
INFO 2026-07-27 19:09:51,580 basehttp 14216 14240 "GET /builder/api/page-palette/josa/ HTTP/1.1" 200 610
INFO 2026-07-27 19:18:02,962 basehttp 14216 5736 "GET /onboarding/ HTTP/1.1" 200 87934
INFO 2026-07-27 19:18:03,031 basehttp 14216 12116 "GET /builder/templates/api/ HTTP/1.1" 200 1183
INFO 2026-07-27 19:18:03,150 basehttp 14216 5736 "GET /builder/api/color-palettes/ HTTP/1.1" 200 55005
INFO 2026-07-27 19:18:11,904 basehttp 14216 5736 "GET /builder/api/check-subdomain/?subdomain=je HTTP/1.1" 200 115
INFO 2026-07-27 19:18:12,108 basehttp 14216 5736 "GET /builder/api/check-subdomain/?subdomain=jer HTTP/1.1" 200 116
INFO 2026-07-27 19:18:12,270 basehttp 14216 5736 "GET /builder/api/check-subdomain/?subdomain=jerr HTTP/1.1" 200 117
INFO 2026-07-27 19:18:13,098 basehttp 14216 5736 "GET /builder/api/check-subdomain/?subdomain=jerry HTTP/1.1" 200 118
INFO 2026-07-27 19:19:06,465 basehttp 14216 5736 "POST /builder/onboarding/launch-editor/ HTTP/1.1" 200 267
INFO 2026-07-27 19:19:07,550 basehttp 14216 5736 "GET /editor/ModernEcommerce34/jerry/?onboarding=true&brand=Jerry HTTP/1.1" 200 595996
INFO 2026-07-27 19:19:07,732 basehttp 14216 5736 "GET /builder/get-components/ HTTP/1.1" 200 23001
INFO 2026-07-27 19:19:07,787 basehttp 14216 5736 "GET /builder/load-template/ModernEcommerce34/?page=home&edit=jerry HTTP/1.1" 200 76792
INFO 2026-07-27 19:19:07,840 basehttp 14216 5736 "GET /builder/api/page-palette/jerry/ HTTP/1.1" 200 788
INFO 2026-07-27 19:19:07,865 basehttp 14216 12116 "GET /builder/api/color-palettes/?page_subdomain=jerry HTTP/1.1" 200 55058
INFO 2026-07-27 19:19:08,075 basehttp 14216 12116 "GET /builder/api/color-palettes/?page_subdomain=jerry HTTP/1.1" 200 55058
INFO 2026-07-27 19:19:08,161 basehttp 14216 12116 "GET /builder/api/template-color-variables/ModernEcommerce34/ HTTP/1.1" 200 1041
INFO 2026-07-27 19:19:08,205 basehttp 14216 12116 "GET /builder/api/page-palette/jerry/ HTTP/1.1" 200 788
INFO 2026-07-27 19:20:32,455 basehttp 14216 12116 "GET /editor/ModernEcommerce34/jerry/?onboarding=true&brand=Jerry HTTP/1.1" 200 595996
INFO 2026-07-27 19:20:32,633 basehttp 14216 12116 "GET /builder/get-components/ HTTP/1.1" 200 23001
INFO 2026-07-27 19:20:32,683 basehttp 14216 12116 "GET /builder/load-template/ModernEcommerce34/?page=home&edit=jerry HTTP/1.1" 200 76792
INFO 2026-07-27 19:20:32,730 basehttp 14216 12116 "GET /builder/api/page-palette/jerry/ HTTP/1.1" 200 788
INFO 2026-07-27 19:20:32,833 basehttp 14216 5736 "GET /builder/api/color-palettes/?page_subdomain=jerry HTTP/1.1" 200 55058
INFO 2026-07-27 19:20:33,033 basehttp 14216 5736 "GET /builder/api/color-palettes/?page_subdomain=jerry HTTP/1.1" 200 55058
INFO 2026-07-27 19:20:33,069 basehttp 14216 5736 "GET /builder/api/template-color-variables/ModernEcommerce34/ HTTP/1.1" 200 1041
INFO 2026-07-27 19:20:33,100 basehttp 14216 5736 "GET /builder/api/page-palette/jerry/ HTTP/1.1" 200 788
INFO 2026-07-27 19:26:47,263 basehttp 14216 14196 "POST /builder/publish/ HTTP/1.1" 200 214
INFO 2026-07-27 19:26:49,344 basehttp 14216 14196 "GET /builder/dashboard/ HTTP/1.1" 200 220454
INFO 2026-07-27 19:26:54,621 basehttp 14216 8468 "GET / HTTP/1.1" 200 99619
INFO 2026-07-27 19:26:55,192 basehttp 14216 8468 "GET /builder/cart/data/jerry/ HTTP/1.1" 200 58
WARNING 2026-07-27 19:26:55,218 log 14216 2376 Not Found: /favicon.ico
WARNING 2026-07-27 19:26:55,220 basehttp 14216 2376 "GET /favicon.ico HTTP/1.1" 404 43919
WARNING 2026-07-27 19:26:55,483 log 14216 2588 Not Found: /builder/wishlist/data/jerry/
WARNING 2026-07-27 19:26:55,485 basehttp 14216 2588 "GET /builder/wishlist/data/jerry/ HTTP/1.1" 404 78113
INFO 2026-07-27 19:27:14,183 basehttp 14216 14196 "GET /editor/ModernEcommerce34/jerry/ HTTP/1.1" 200 652221
INFO 2026-07-27 19:27:14,363 basehttp 14216 14196 "GET /builder/get-components/ HTTP/1.1" 200 23001
INFO 2026-07-27 19:27:14,416 basehttp 14216 14196 "GET /builder/load-template/ModernEcommerce34/?page=home&edit=jerry HTTP/1.1" 200 76792
INFO 2026-07-27 19:27:14,467 basehttp 14216 14196 "GET /builder/api/page-palette/jerry/ HTTP/1.1" 200 788
INFO 2026-07-27 19:27:14,619 basehttp 14216 6640 "GET /builder/api/color-palettes/?page_subdomain=jerry HTTP/1.1" 200 55058
INFO 2026-07-27 19:27:14,829 basehttp 14216 6640 "GET /builder/api/color-palettes/?page_subdomain=jerry HTTP/1.1" 200 55058
INFO 2026-07-27 19:27:14,857 basehttp 14216 6640 "GET /builder/api/template-color-variables/ModernEcommerce34/ HTTP/1.1" 200 1041
INFO 2026-07-27 19:27:14,877 basehttp 14216 6640 "GET /builder/api/page-palette/jerry/ HTTP/1.1" 200 788
WARNING 2026-07-27 19:35:38,886 log 14216 12164 Not Found: /.well-known/appspecific/com.chrome.devtools.json
WARNING 2026-07-27 19:35:38,888 basehttp 14216 12164 "GET /.well-known/appspecific/com.chrome.devtools.json HTTP/1.1" 404 44067
INFO 2026-07-27 19:37:35,781 basehttp 14216 13328 "POST /builder/api/apply-color-palette/jerry/ HTTP/1.1" 200 950
INFO 2026-07-27 19:37:48,506 basehttp 14216 13328 "POST /builder/publish/ HTTP/1.1" 200 214
INFO 2026-07-27 19:37:50,419 basehttp 14216 13328 "GET /builder/dashboard/ HTTP/1.1" 200 221410
INFO 2026-07-27 19:37:55,043 basehttp 14216 12164 "GET / HTTP/1.1" 200 99619
WARNING 2026-07-27 19:37:55,489 log 14216 8584 Not Found: /builder/wishlist/data/jerry/
WARNING 2026-07-27 19:37:55,532 basehttp 14216 8584 "GET /builder/wishlist/data/jerry/ HTTP/1.1" 404 78113
WARNING 2026-07-27 19:37:55,790 log 14216 5780 Not Found: /.well-known/appspecific/com.chrome.devtools.json
WARNING 2026-07-27 19:37:55,794 basehttp 14216 5780 "GET /.well-known/appspecific/com.chrome.devtools.json HTTP/1.1" 404 44067
INFO 2026-07-27 19:37:55,796 basehttp 14216 12164 "GET /builder/cart/data/jerry/ HTTP/1.1" 200 58
INFO 2026-07-27 19:39:09,041 basehttp 14216 13328 "GET /editor/ModernEcommerce34/jerry/ HTTP/1.1" 200 652221
INFO 2026-07-27 19:39:09,208 basehttp 14216 13328 "GET /builder/get-components/ HTTP/1.1" 200 23001
INFO 2026-07-27 19:39:09,268 basehttp 14216 13328 "GET /builder/load-template/ModernEcommerce34/?page=home&edit=jerry HTTP/1.1" 200 76798
INFO 2026-07-27 19:39:09,380 basehttp 14216 13328 "GET /builder/api/page-palette/jerry/ HTTP/1.1" 200 933
INFO 2026-07-27 19:39:09,433 basehttp 14216 14212 "GET /builder/api/color-palettes/?page_subdomain=jerry HTTP/1.1" 200 55056
INFO 2026-07-27 19:39:09,774 basehttp 14216 14212 "GET /builder/api/color-palettes/?page_subdomain=jerry HTTP/1.1" 200 55056
INFO 2026-07-27 19:39:09,908 basehttp 14216 14212 "GET /builder/api/template-color-variables/ModernEcommerce34/ HTTP/1.1" 200 1041
INFO 2026-07-27 19:39:09,949 basehttp 14216 14212 "GET /builder/api/page-palette/jerry/ HTTP/1.1" 200 933
INFO 2026-07-27 19:41:25,709 basehttp 14216 12164 "GET / HTTP/1.1" 200 99625
WARNING 2026-07-27 19:41:25,954 log 14216 12164 Not Found: /.well-known/appspecific/com.chrome.devtools.json
WARNING 2026-07-27 19:41:26,001 basehttp 14216 12164 "GET /.well-known/appspecific/com.chrome.devtools.json HTTP/1.1" 404 44067
INFO 2026-07-27 19:41:26,408 basehttp 14216 8584 "GET /builder/cart/data/jerry/ HTTP/1.1" 200 58
WARNING 2026-07-27 19:41:26,851 log 14216 12164 Not Found: /builder/wishlist/data/jerry/
WARNING 2026-07-27 19:41:26,855 basehttp 14216 12164 "GET /builder/wishlist/data/jerry/ HTTP/1.1" 404 78113
INFO 2026-07-27 19:41:41,545 basehttp 14216 14212 "POST /builder/publish/ HTTP/1.1" 200 214
INFO 2026-07-27 19:41:43,464 basehttp 14216 14212 "GET /builder/dashboard/ HTTP/1.1" 200 221408
INFO 2026-07-27 19:41:45,199 basehttp 14216 12164 "GET / HTTP/1.1" 200 99625
INFO 2026-07-27 19:41:45,576 basehttp 14216 12164 "GET /builder/cart/data/jerry/ HTTP/1.1" 200 58
WARNING 2026-07-27 19:41:45,979 log 14216 8584 Not Found: /builder/wishlist/data/jerry/
WARNING 2026-07-27 19:41:45,980 basehttp 14216 8584 "GET /builder/wishlist/data/jerry/ HTTP/1.1" 404 78113
INFO 2026-07-27 19:47:13,986 basehttp 14216 2684 "GET /editor/ModernEcommerce34/jerry/ HTTP/1.1" 200 652221
INFO 2026-07-27 19:47:14,194 basehttp 14216 2684 "GET /builder/get-components/ HTTP/1.1" 200 23001
INFO 2026-07-27 19:47:14,253 basehttp 14216 2684 "GET /builder/load-template/ModernEcommerce34/?page=home&edit=jerry HTTP/1.1" 200 76798
INFO 2026-07-27 19:47:14,313 basehttp 14216 2684 "GET /builder/api/page-palette/jerry/ HTTP/1.1" 200 933
INFO 2026-07-27 19:47:14,366 basehttp 14216 14628 "GET /builder/api/color-palettes/?page_subdomain=jerry HTTP/1.1" 200 55056
INFO 2026-07-27 19:47:14,615 basehttp 14216 14628 "GET /builder/api/color-palettes/?page_subdomain=jerry HTTP/1.1" 200 55056
INFO 2026-07-27 19:47:14,736 basehttp 14216 14628 "GET /builder/api/template-color-variables/ModernEcommerce34/ HTTP/1.1" 200 1041
INFO 2026-07-27 19:47:14,809 basehttp 14216 14628 "GET /builder/api/page-palette/jerry/ HTTP/1.1" 200 933
INFO 2026-07-27 19:47:31,298 basehttp 14216 14628 "POST /builder/api/apply-color-palette/jerry/ HTTP/1.1" 200 940
INFO 2026-07-27 19:47:35,167 basehttp 14216 14628 "POST /builder/publish/ HTTP/1.1" 200 214
INFO 2026-07-27 19:47:37,142 basehttp 14216 14628 "GET /builder/dashboard/ HTTP/1.1" 200 221408
INFO 2026-07-27 19:47:43,423 basehttp 14216 3612 "GET / HTTP/1.1" 200 99625
INFO 2026-07-27 19:47:44,037 basehttp 14216 3612 "GET /builder/cart/data/jerry/ HTTP/1.1" 200 58
WARNING 2026-07-27 19:47:44,290 log 14216 2916 Not Found: /builder/wishlist/data/jerry/
WARNING 2026-07-27 19:47:44,291 basehttp 14216 2916 "GET /builder/wishlist/data/jerry/ HTTP/1.1" 404 78113
INFO 2026-07-27 19:59:47,976 basehttp 14216 14536 "GET /editor/ModernEcommerce34/jerry/ HTTP/1.1" 200 652221
INFO 2026-07-27 19:59:48,201 basehttp 14216 14536 "GET /builder/get-components/ HTTP/1.1" 200 23001
INFO 2026-07-27 19:59:48,271 basehttp 14216 14536 "GET /builder/load-template/ModernEcommerce34/?page=home&edit=jerry HTTP/1.1" 200 76798
INFO 2026-07-27 19:59:48,345 basehttp 14216 14536 "GET /builder/api/page-palette/jerry/ HTTP/1.1" 200 919
INFO 2026-07-27 19:59:48,419 basehttp 14216 7024 "GET /builder/api/color-palettes/?page_subdomain=jerry HTTP/1.1" 200 55064
INFO 2026-07-27 19:59:48,682 basehttp 14216 7024 "GET /builder/api/color-palettes/?page_subdomain=jerry HTTP/1.1" 200 55064
INFO 2026-07-27 19:59:48,782 basehttp 14216 7024 "GET /builder/api/template-color-variables/ModernEcommerce34/ HTTP/1.1" 200 1041
INFO 2026-07-27 19:59:48,818 basehttp 14216 7024 "GET /builder/api/page-palette/jerry/ HTTP/1.1" 200 919
INFO 2026-07-27 20:18:08,195 basehttp 14216 15320 "GET / HTTP/1.1" 200 99107
INFO 2026-07-27 20:18:08,647 basehttp 14216 15320 "GET /builder/cart/data/jerry/ HTTP/1.1" 200 58
WARNING 2026-07-27 20:18:08,925 log 14216 12912 Not Found: /builder/wishlist/data/jerry/
WARNING 2026-07-27 20:18:08,926 basehttp 14216 12912 "GET /builder/wishlist/data/jerry/ HTTP/1.1" 404 78113
INFO 2026-07-28 05:52:37,578 autoreload 9208 1032 Watching for file changes with StatReloader
INFO 2026-07-28 05:53:04,313 basehttp 9208 10920 "GET / HTTP/1.1" 200 52777
WARNING 2026-07-28 05:53:05,150 log 9208 10920 Not Found: /favicon.ico
WARNING 2026-07-28 05:53:05,151 basehttp 9208 10920 "GET /favicon.ico HTTP/1.1" 404 43913
INFO 2026-07-28 05:53:34,126 basehttp 9208 10920 "GET /dashboard/ HTTP/1.1" 200 221408
INFO 2026-07-28 06:31:40,130 autoreload 9208 1032 D:\360ExtremeBrowserDownload\Test\venv\src\payments\views.py changed, reloading.
INFO 2026-07-28 06:31:42,981 autoreload 9672 11144 Watching for file changes with StatReloader
INFO 2026-07-28 06:38:30,016 basehttp 9672 11508 "GET / HTTP/1.1" 200 123636
INFO 2026-07-28 06:38:30,928 basehttp 9672 11508 "GET /builder/cart/data/test2/ HTTP/1.1" 200 58
WARNING 2026-07-28 06:38:31,228 log 9672 7356 Not Found: /builder/wishlist/data/test2/
WARNING 2026-07-28 06:38:31,252 log 9672 11508 Not Found: /favicon.ico
WARNING 2026-07-28 06:38:31,254 basehttp 9672 7356 "GET /builder/wishlist/data/test2/ HTTP/1.1" 404 78113
WARNING 2026-07-28 06:38:31,259 basehttp 9672 11508 "GET /favicon.ico HTTP/1.1" 404 43919
INFO 2026-07-28 06:38:37,394 basehttp 9672 7356 "GET /variant_images/11448a7a96ee808a3cdbaf0df9570976.webp HTTP/1.1" 200 8006
INFO 2026-07-28 06:38:37,399 basehttp 9672 11508 "GET /builder/reviews/test2/2/ HTTP/1.1" 200 314
INFO 2026-07-28 06:38:38,885 basehttp 9672 11508 "GET /variant_images/css-logo.png HTTP/1.1" 200 44108
INFO 2026-07-28 06:38:46,279 basehttp 9672 11508 "POST /builder/cart/add/test2/ HTTP/1.1" 200 94
INFO 2026-07-28 06:38:46,661 basehttp 9672 11508 "GET /builder/cart/data/test2/ HTTP/1.1" 200 273
ERROR 2026-07-28 06:38:50,319 log 9672 11508 Internal Server Error: /payments/select-payment/test2/
Traceback (most recent call last):
  File "C:\Users\user\AppData\Roaming\Python\Python313\site-packages\django\core\handlers\exception.py", line 55, in inner
    response = get_response(request)
  File "C:\Users\user\AppData\Roaming\Python\Python313\site-packages\django\core\handlers\base.py", line 197, in _get_response
    response = wrapped_callback(request, *callback_args, **callback_kwargs)
  File "D:\360ExtremeBrowserDownload\Test\venv\src\payments\views.py", line 534, in payment_selection
    encoded_message = quote(order_message)
                      ^^^^^
NameError: name 'quote' is not defined. Did you mean: 'quit'?
ERROR 2026-07-28 06:38:50,344 basehttp 9672 11508 "GET /payments/select-payment/test2/?type=instant&product=%7B%22title%22%3A%22product1%22%2C%22description%22%3A%22product1+description%22%2C%22id%22%3A2%2C%22cj_vid%22%3A%22%22%2C%22price%22%3A9%2C%22quantity%22%3A1%2C%22selected_color%22%3A%22green%22%2C%22selected_size%22%3A%22small%22%2C%22total_price%22%3A9%7D&cart_data=%7B%22items%22%3A%5B%7B%22id%22%3A2%2C%22title%22%3A%22product1%22%2C%22description%22%3A%22product1+description%22%2C%22price%22%3A9%2C%22quantity%22%3A1%2C%22total_price%22%3A9%2C%22cj_vid%22%3A%22%22%2C%22selected_color%22%3A%22green%22%2C%22selected_size%22%3A%22small%22%7D%5D%2C%22subtotal%22%3A9%2C%22shipping_amount%22%3A5%2C%22tax_amount%22%3A0.72%2C%22total_amount%22%3A14.72%7D HTTP/1.1" 500 84218
INFO 2026-07-28 06:40:30,730 autoreload 9672 11144 D:\360ExtremeBrowserDownload\Test\venv\src\payments\views.py changed, reloading.
INFO 2026-07-28 06:40:33,479 autoreload 364 10632 Watching for file changes with StatReloader
INFO 2026-07-28 06:40:38,127 basehttp 364 11808 "GET /payments/select-payment/test2/?type=instant&product=%7B%22title%22%3A%22product1%22%2C%22description%22%3A%22product1+description%22%2C%22id%22%3A2%2C%22cj_vid%22%3A%22%22%2C%22price%22%3A9%2C%22quantity%22%3A1%2C%22selected_color%22%3A%22green%22%2C%22selected_size%22%3A%22small%22%2C%22total_price%22%3A9%7D&cart_data=%7B%22items%22%3A%5B%7B%22id%22%3A2%2C%22title%22%3A%22product1%22%2C%22description%22%3A%22product1+description%22%2C%22price%22%3A9%2C%22quantity%22%3A1%2C%22total_price%22%3A9%2C%22cj_vid%22%3A%22%22%2C%22selected_color%22%3A%22green%22%2C%22selected_size%22%3A%22small%22%7D%5D%2C%22subtotal%22%3A9%2C%22shipping_amount%22%3A5%2C%22tax_amount%22%3A0.72%2C%22total_amount%22%3A14.72%7D HTTP/1.1" 200 105103
INFO 2026-07-28 06:40:38,785 basehttp 364 11808 "GET /static/accounts/js/auth.js HTTP/1.1" 200 1805
INFO 2026-07-28 06:40:38,812 basehttp 364 10572 "GET /static/js/checkout.js HTTP/1.1" 200 4447
INFO 2026-07-28 06:40:48,293 basehttp 364 10572 "POST /payments/api/tax/calculate/test2/ HTTP/1.1" 200 156
INFO 2026-07-28 06:40:56,984 basehttp 364 10572 "POST /payments/api/tax/calculate/test2/ HTTP/1.1" 200 156
INFO 2026-07-28 06:41:01,035 basehttp 364 10572 "GET /payments/shipping/rates/test2/?address=%7B%22full_name%22%3A%22Mfecho%20Jerase%22%2C%22address_line1%22%3A%22Mile%204%20Nkwen%22%2C%22city%22%3A%22Bamenda%22%2C%22state%22%3A%22NW%22%2C%22postal_code%22%3A%2212345%22%2C%22country_code%22%3A%22CM%22%2C%22country_name%22%3A%22Cameroon%22%2C%22email%22%3A%22mjerase92%40gmail.com%22%2C%22phone%22%3A%22680044151%22%7D&type=instant&product=%7B%22title%22%3A%22product1%22%2C%22description%22%3A%22product1%20description%22%2C%22id%22%3A2%2C%22cj_vid%22%3A%22%22%2C%22price%22%3A9%2C%22quantity%22%3A1%2C%22selected_color%22%3A%22green%22%2C%22selected_size%22%3A%22small%22%2C%22total_price%22%3A9%2C%22weight%22%3A0%2C%22requires_shipping%22%3Atrue%7D HTTP/1.1" 200 381
INFO 2026-07-28 06:41:01,139 basehttp 364 10572 "POST /payments/api/tax/calculate/test2/ HTTP/1.1" 200 156
INFO 2026-07-28 06:41:36,325 basehttp 364 10572 "POST /payments/process-payment/test2/ HTTP/1.1" 200 6042
INFO 2026-07-28 06:41:36,704 basehttp 364 10572 "GET /payments/social-media-success/test2/ HTTP/1.1" 200 37467
INFO 2026-07-28 07:03:47,636 autoreload 364 10632 D:\360ExtremeBrowserDownload\Test\venv\src\payments\views.py changed, reloading.
INFO 2026-07-28 07:03:50,496 autoreload 7176 13412 Watching for file changes with StatReloader
INFO 2026-07-28 07:04:26,602 autoreload 7176 13412 D:\360ExtremeBrowserDownload\Test\venv\src\payments\urls.py changed, reloading.
INFO 2026-07-28 07:04:29,012 autoreload 10480 11964 Watching for file changes with StatReloader
INFO 2026-07-28 07:04:32,058 basehttp 10480 12452 "GET /payments/select-payment/test2/?type=instant&product=%7B%22title%22%3A%22product1%22%2C%22description%22%3A%22product1+description%22%2C%22id%22%3A2%2C%22cj_vid%22%3A%22%22%2C%22price%22%3A9%2C%22quantity%22%3A1%2C%22selected_color%22%3A%22green%22%2C%22selected_size%22%3A%22small%22%2C%22total_price%22%3A9%7D&cart_data=%7B%22items%22%3A%5B%7B%22id%22%3A2%2C%22title%22%3A%22product1%22%2C%22description%22%3A%22product1+description%22%2C%22price%22%3A9%2C%22quantity%22%3A1%2C%22total_price%22%3A9%2C%22cj_vid%22%3A%22%22%2C%22selected_color%22%3A%22green%22%2C%22selected_size%22%3A%22small%22%7D%5D%2C%22subtotal%22%3A9%2C%22shipping_amount%22%3A5%2C%22tax_amount%22%3A0.72%2C%22total_amount%22%3A14.72%7D HTTP/1.1" 200 111001
INFO 2026-07-28 07:04:41,925 basehttp 10480 12452 "POST /payments/api/tax/calculate/test2/ HTTP/1.1" 200 156
INFO 2026-07-28 07:04:45,204 basehttp 10480 12452 "POST /payments/api/tax/calculate/test2/ HTTP/1.1" 200 156
INFO 2026-07-28 07:04:45,904 basehttp 10480 12452 "POST /payments/api/tax/calculate/test2/ HTTP/1.1" 200 156
INFO 2026-07-28 07:04:46,897 basehttp 10480 12452 "POST /payments/api/tax/calculate/test2/ HTTP/1.1" 200 156
INFO 2026-07-28 07:04:50,044 basehttp 10480 12452 "GET /payments/shipping/rates/test2/?address=%7B%22full_name%22%3A%22Mfecho%20Jerase%22%2C%22address_line1%22%3A%22Mile%204%20Nkwen%22%2C%22city%22%3A%22Bamenda%22%2C%22state%22%3A%22NW%22%2C%22postal_code%22%3A%2212345%22%2C%22country_code%22%3A%22CM%22%2C%22country_name%22%3A%22Cameroon%22%2C%22email%22%3A%22mjerase92%40gmail.com%22%2C%22phone%22%3A%22237680044%22%7D&type=instant&product=%7B%22title%22%3A%22product1%22%2C%22description%22%3A%22product1%20description%22%2C%22id%22%3A2%2C%22cj_vid%22%3A%22%22%2C%22price%22%3A9%2C%22quantity%22%3A1%2C%22selected_color%22%3A%22green%22%2C%22selected_size%22%3A%22small%22%2C%22total_price%22%3A9%2C%22weight%22%3A0%2C%22requires_shipping%22%3Atrue%7D HTTP/1.1" 200 381
INFO 2026-07-28 07:04:50,096 basehttp 10480 12452 "POST /payments/api/tax/calculate/test2/ HTTP/1.1" 200 156
INFO 2026-07-28 07:04:59,033 basehttp 10480 12452 "POST /payments/create-chat-order/test2/ HTTP/1.1" 200 70
INFO 2026-07-28 07:16:14,111 basehttp 10480 12892 "GET /payments/select-payment/test2/?type=instant&product=%7B%22title%22%3A%22product1%22%2C%22description%22%3A%22product1+description%22%2C%22id%22%3A2%2C%22cj_vid%22%3A%22%22%2C%22price%22%3A9%2C%22quantity%22%3A1%2C%22selected_color%22%3A%22green%22%2C%22selected_size%22%3A%22small%22%2C%22total_price%22%3A9%7D&cart_data=%7B%22items%22%3A%5B%7B%22id%22%3A2%2C%22title%22%3A%22product1%22%2C%22description%22%3A%22product1+description%22%2C%22price%22%3A9%2C%22quantity%22%3A1%2C%22total_price%22%3A9%2C%22cj_vid%22%3A%22%22%2C%22selected_color%22%3A%22green%22%2C%22selected_size%22%3A%22small%22%7D%5D%2C%22subtotal%22%3A9%2C%22shipping_amount%22%3A5%2C%22tax_amount%22%3A0.72%2C%22total_amount%22%3A14.72%7D HTTP/1.1" 200 105494
INFO 2026-07-28 07:16:19,321 basehttp 10480 1604 "POST /payments/api/tax/calculate/test2/ HTTP/1.1" 200 156
INFO 2026-07-28 07:16:23,255 basehttp 10480 1604 "POST /payments/api/tax/calculate/test2/ HTTP/1.1" 200 156
INFO 2026-07-28 07:16:24,203 basehttp 10480 1604 "POST /payments/api/tax/calculate/test2/ HTTP/1.1" 200 156
INFO 2026-07-28 07:16:25,135 basehttp 10480 1604 "POST /payments/api/tax/calculate/test2/ HTTP/1.1" 200 156
INFO 2026-07-28 07:16:26,219 basehttp 10480 1604 "GET /payments/shipping/rates/test2/?address=%7B%22full_name%22%3A%22Mfecho%20Jerase%22%2C%22address_line1%22%3A%22Mile%204%20Nkwen%22%2C%22city%22%3A%22Bamenda%22%2C%22state%22%3A%22NW%22%2C%22postal_code%22%3A%2212345%22%2C%22country_code%22%3A%22CM%22%2C%22country_name%22%3A%22Cameroon%22%2C%22email%22%3A%22mjerase92%40gmail.com%22%2C%22phone%22%3A%22680044151%22%7D&type=instant&product=%7B%22title%22%3A%22product1%22%2C%22description%22%3A%22product1%20description%22%2C%22id%22%3A2%2C%22cj_vid%22%3A%22%22%2C%22price%22%3A9%2C%22quantity%22%3A1%2C%22selected_color%22%3A%22green%22%2C%22selected_size%22%3A%22small%22%2C%22total_price%22%3A9%2C%22weight%22%3A0%2C%22requires_shipping%22%3Atrue%7D HTTP/1.1" 200 381
INFO 2026-07-28 07:16:26,268 basehttp 10480 1604 "POST /payments/api/tax/calculate/test2/ HTTP/1.1" 200 156
INFO 2026-07-28 07:16:29,537 basehttp 10480 1604 "POST /payments/create-chat-order/test2/ HTTP/1.1" 200 70
INFO 2026-07-28 07:16:33,975 basehttp 10480 1604 "POST /payments/create-chat-order/test2/ HTTP/1.1" 200 70
WARNING 2026-07-28 07:17:06,041 log 10480 1604 Not Found: /.well-known/appspecific/com.chrome.devtools.json
WARNING 2026-07-28 07:17:06,045 basehttp 10480 1604 "GET /.well-known/appspecific/com.chrome.devtools.json HTTP/1.1" 404 44067
INFO 2026-07-28 14:24:08,785 autoreload 10480 11964 D:\360ExtremeBrowserDownload\Test\venv\src\payments\views.py changed, reloading.
INFO 2026-07-28 14:24:13,400 autoreload 320 13576 Watching for file changes with StatReloader
INFO 2026-07-28 14:25:25,606 autoreload 320 13576 D:\360ExtremeBrowserDownload\Test\venv\src\payments\views.py changed, reloading.
INFO 2026-07-28 14:25:28,191 autoreload 12064 14180 Watching for file changes with StatReloader
INFO 2026-07-28 14:26:22,881 autoreload 12064 14180 D:\360ExtremeBrowserDownload\Test\venv\src\payments\views.py changed, reloading.
INFO 2026-07-28 14:26:24,904 autoreload 11288 14364 Watching for file changes with StatReloader
INFO 2026-07-28 14:26:51,714 basehttp 11288 11936 "GET /payments/select-payment/test2/?type=instant&product=%7B%22title%22%3A%22product1%22%2C%22description%22%3A%22product1+description%22%2C%22id%22%3A2%2C%22cj_vid%22%3A%22%22%2C%22price%22%3A9%2C%22quantity%22%3A1%2C%22selected_color%22%3A%22green%22%2C%22selected_size%22%3A%22small%22%2C%22total_price%22%3A9%7D&cart_data=%7B%22items%22%3A%5B%7B%22id%22%3A2%2C%22title%22%3A%22product1%22%2C%22description%22%3A%22product1+description%22%2C%22price%22%3A9%2C%22quantity%22%3A1%2C%22total_price%22%3A9%2C%22cj_vid%22%3A%22%22%2C%22selected_color%22%3A%22green%22%2C%22selected_size%22%3A%22small%22%7D%5D%2C%22subtotal%22%3A9%2C%22shipping_amount%22%3A5%2C%22tax_amount%22%3A0.72%2C%22total_amount%22%3A14.72%7D HTTP/1.1" 200 105494
WARNING 2026-07-28 14:26:51,915 log 11288 11936 Not Found: /.well-known/appspecific/com.chrome.devtools.json
WARNING 2026-07-28 14:26:51,918 basehttp 11288 11936 "GET /.well-known/appspecific/com.chrome.devtools.json HTTP/1.1" 404 44067
INFO 2026-07-28 14:26:56,033 basehttp 11288 11936 "POST /payments/api/tax/calculate/test2/ HTTP/1.1" 200 156
INFO 2026-07-28 14:27:03,114 basehttp 11288 11936 "POST /payments/api/tax/calculate/test2/ HTTP/1.1" 200 156
INFO 2026-07-28 14:27:08,199 basehttp 11288 11936 "GET /payments/shipping/rates/test2/?address=%7B%22full_name%22%3A%22Mfecho%20Jerase%22%2C%22address_line1%22%3A%22Mile%204%20Nkwen%22%2C%22city%22%3A%22Bamenda%22%2C%22state%22%3A%22NW%22%2C%22postal_code%22%3A%2212345%22%2C%22country_code%22%3A%22CM%22%2C%22country_name%22%3A%22Cameroon%22%2C%22email%22%3A%22mjerase92%40gmail.com%22%2C%22phone%22%3A%22237680044%22%7D&type=instant&product=%7B%22title%22%3A%22product1%22%2C%22description%22%3A%22product1%20description%22%2C%22id%22%3A2%2C%22cj_vid%22%3A%22%22%2C%22price%22%3A9%2C%22quantity%22%3A1%2C%22selected_color%22%3A%22green%22%2C%22selected_size%22%3A%22small%22%2C%22total_price%22%3A9%2C%22weight%22%3A0%2C%22requires_shipping%22%3Atrue%7D HTTP/1.1" 200 381
INFO 2026-07-28 14:27:08,387 basehttp 11288 11936 "POST /payments/api/tax/calculate/test2/ HTTP/1.1" 200 156
INFO 2026-07-28 14:27:12,276 basehttp 11288 11936 "POST /payments/create-chat-order/test2/ HTTP/1.1" 200 64
INFO 2026-07-28 14:28:26,926 basehttp 11288 11936 "GET / HTTP/1.1" 200 123636
INFO 2026-07-28 14:28:27,368 basehttp 11288 11936 "GET /builder/cart/data/test2/ HTTP/1.1" 200 273
WARNING 2026-07-28 14:28:27,666 log 11288 6256 Not Found: /builder/wishlist/data/test2/
WARNING 2026-07-28 14:28:27,672 basehttp 11288 6256 "GET /builder/wishlist/data/test2/ HTTP/1.1" 404 78113
INFO 2026-07-28 14:28:27,905 basehttp 11288 11936 "GET /variant_images/css-logo.png HTTP/1.1" 200 44108
INFO 2026-07-28 14:28:32,904 basehttp 11288 6256 "GET /variant_images/11448a7a96ee808a3cdbaf0df9570976.webp HTTP/1.1" 200 8006
INFO 2026-07-28 14:28:33,013 basehttp 11288 11936 "GET /builder/reviews/test2/2/ HTTP/1.1" 200 314
INFO 2026-07-28 14:28:38,969 basehttp 11288 11936 "POST /builder/cart/add/test2/ HTTP/1.1" 200 97
INFO 2026-07-28 14:28:39,323 basehttp 11288 11936 "GET /builder/cart/data/test2/ HTTP/1.1" 200 274
INFO 2026-07-28 14:28:39,937 basehttp 11288 11936 "GET /payments/select-payment/test2/?type=instant&product=%7B%22title%22%3A%22product1%22%2C%22description%22%3A%22product1+description%22%2C%22id%22%3A2%2C%22cj_vid%22%3A%22%22%2C%22price%22%3A9%2C%22quantity%22%3A1%2C%22selected_color%22%3A%22green%22%2C%22selected_size%22%3A%22small%22%2C%22total_price%22%3A9%7D&cart_data=%7B%22items%22%3A%5B%7B%22id%22%3A2%2C%22title%22%3A%22product1%22%2C%22description%22%3A%22product1+description%22%2C%22price%22%3A9%2C%22quantity%22%3A1%2C%22total_price%22%3A9%2C%22cj_vid%22%3A%22%22%2C%22selected_color%22%3A%22green%22%2C%22selected_size%22%3A%22small%22%7D%5D%2C%22subtotal%22%3A9%2C%22shipping_amount%22%3A5%2C%22tax_amount%22%3A0.72%2C%22total_amount%22%3A14.72%7D HTTP/1.1" 200 105494
INFO 2026-07-28 14:28:44,714 basehttp 11288 11936 "POST /payments/api/tax/calculate/test2/ HTTP/1.1" 200 156
INFO 2026-07-28 14:28:47,549 basehttp 11288 11936 "POST /payments/api/tax/calculate/test2/ HTTP/1.1" 200 156
INFO 2026-07-28 14:28:48,528 basehttp 11288 11936 "POST /payments/api/tax/calculate/test2/ HTTP/1.1" 200 156
INFO 2026-07-28 14:28:49,739 basehttp 11288 11936 "POST /payments/api/tax/calculate/test2/ HTTP/1.1" 200 156
INFO 2026-07-28 14:28:53,039 basehttp 11288 11936 "GET /payments/shipping/rates/test2/?address=%7B%22full_name%22%3A%22Mfecho%20Jerase%22%2C%22address_line1%22%3A%22Mile%204%20Nkwen%22%2C%22city%22%3A%22Bamenda%22%2C%22state%22%3A%22NW%22%2C%22postal_code%22%3A%2212345%22%2C%22country_code%22%3A%22CM%22%2C%22country_name%22%3A%22Cameroon%22%2C%22email%22%3A%22mjerase92%40gmail.com%22%2C%22phone%22%3A%22237680044%22%7D&type=instant&product=%7B%22title%22%3A%22product1%22%2C%22description%22%3A%22product1%20description%22%2C%22id%22%3A2%2C%22cj_vid%22%3A%22%22%2C%22price%22%3A9%2C%22quantity%22%3A1%2C%22selected_color%22%3A%22green%22%2C%22selected_size%22%3A%22small%22%2C%22total_price%22%3A9%2C%22weight%22%3A0%2C%22requires_shipping%22%3Atrue%7D HTTP/1.1" 200 381
INFO 2026-07-28 14:28:53,048 basehttp 11288 6256 "POST /payments/api/tax/calculate/test2/ HTTP/1.1" 200 156
WARNING 2026-07-28 14:29:50,349 log 11288 6256 Not Found: /.well-known/appspecific/com.chrome.devtools.json
WARNING 2026-07-28 14:29:50,350 basehttp 11288 6256 "GET /.well-known/appspecific/com.chrome.devtools.json HTTP/1.1" 404 44067
INFO 2026-07-28 14:39:53,405 basehttp 11288 13308 "GET /payments/select-payment/test2/?type=instant&product=%7B%22title%22%3A%22product1%22%2C%22description%22%3A%22product1+description%22%2C%22id%22%3A2%2C%22cj_vid%22%3A%22%22%2C%22price%22%3A9%2C%22quantity%22%3A1%2C%22selected_color%22%3A%22green%22%2C%22selected_size%22%3A%22small%22%2C%22total_price%22%3A9%7D&cart_data=%7B%22items%22%3A%5B%7B%22id%22%3A2%2C%22title%22%3A%22product1%22%2C%22description%22%3A%22product1+description%22%2C%22price%22%3A9%2C%22quantity%22%3A1%2C%22total_price%22%3A9%2C%22cj_vid%22%3A%22%22%2C%22selected_color%22%3A%22green%22%2C%22selected_size%22%3A%22small%22%7D%5D%2C%22subtotal%22%3A9%2C%22shipping_amount%22%3A5%2C%22tax_amount%22%3A0.72%2C%22total_amount%22%3A14.72%7D HTTP/1.1" 200 102908
WARNING 2026-07-28 14:39:53,601 log 11288 13308 Not Found: /.well-known/appspecific/com.chrome.devtools.json
WARNING 2026-07-28 14:39:53,611 basehttp 11288 13308 "GET /.well-known/appspecific/com.chrome.devtools.json HTTP/1.1" 404 44067
INFO 2026-07-28 14:39:58,615 basehttp 11288 13308 "POST /payments/api/tax/calculate/test2/ HTTP/1.1" 200 156
INFO 2026-07-28 14:40:07,048 basehttp 11288 13308 "POST /payments/api/tax/calculate/test2/ HTTP/1.1" 200 156
INFO 2026-07-28 14:40:08,082 basehttp 11288 13308 "POST /payments/api/tax/calculate/test2/ HTTP/1.1" 200 156
INFO 2026-07-28 14:40:09,247 basehttp 11288 13308 "POST /payments/api/tax/calculate/test2/ HTTP/1.1" 200 156
INFO 2026-07-28 14:40:12,334 basehttp 11288 13308 "GET /payments/shipping/rates/test2/?address=%7B%22full_name%22%3A%22Mfecho%20Jerase%22%2C%22address_line1%22%3A%22Mile%204%20Nkwen%22%2C%22city%22%3A%22Bamenda%22%2C%22state%22%3A%22NW%22%2C%22postal_code%22%3A%2212345%22%2C%22country_code%22%3A%22CM%22%2C%22country_name%22%3A%22Cameroon%22%2C%22email%22%3A%22mjerase92%40gmail.com%22%2C%22phone%22%3A%22237680044%22%7D&type=instant&product=%7B%22title%22%3A%22product1%22%2C%22description%22%3A%22product1%20description%22%2C%22id%22%3A2%2C%22cj_vid%22%3A%22%22%2C%22price%22%3A9%2C%22quantity%22%3A1%2C%22selected_color%22%3A%22green%22%2C%22selected_size%22%3A%22small%22%2C%22total_price%22%3A9%2C%22weight%22%3A0%2C%22requires_shipping%22%3Atrue%7D HTTP/1.1" 200 381
INFO 2026-07-28 14:40:12,372 basehttp 11288 13308 "POST /payments/api/tax/calculate/test2/ HTTP/1.1" 200 156
INFO 2026-07-28 14:40:33,617 basehttp 11288 13308 "POST /payments/create-chat-order/test2/ HTTP/1.1" 200 64
INFO 2026-07-28 14:44:28,774 basehttp 11288 13308 "GET / HTTP/1.1" 200 123636
WARNING 2026-07-28 14:44:29,761 log 11288 10960 Not Found: /builder/wishlist/data/test2/
WARNING 2026-07-28 14:44:29,769 basehttp 11288 10960 "GET /builder/wishlist/data/test2/ HTTP/1.1" 404 78113
INFO 2026-07-28 14:44:29,774 basehttp 11288 13308 "GET /builder/cart/data/test2/ HTTP/1.1" 200 274
WARNING 2026-07-28 17:29:54,553 log 11288 11316 Not Found: /.well-known/appspecific/com.chrome.devtools.json
WARNING 2026-07-28 17:29:54,560 basehttp 11288 11316 "GET /.well-known/appspecific/com.chrome.devtools.json HTTP/1.1" 404 44067
WARNING 2026-07-28 17:30:50,567 log 11288 7688 Not Found: /.well-known/appspecific/com.chrome.devtools.json
WARNING 2026-07-28 17:30:50,568 basehttp 11288 7688 "GET /.well-known/appspecific/com.chrome.devtools.json HTTP/1.1" 404 44067
INFO 2026-07-28 17:31:07,133 basehttp 11288 7688 "GET / HTTP/1.1" 200 123636
WARNING 2026-07-28 17:31:07,469 log 11288 7688 Not Found: /.well-known/appspecific/com.chrome.devtools.json
WARNING 2026-07-28 17:31:07,476 basehttp 11288 7688 "GET /.well-known/appspecific/com.chrome.devtools.json HTTP/1.1" 404 44067
INFO 2026-07-28 17:31:07,885 basehttp 11288 14756 "GET /builder/cart/data/test2/ HTTP/1.1" 200 274
WARNING 2026-07-28 17:31:07,961 log 11288 7688 Not Found: /builder/wishlist/data/test2/
WARNING 2026-07-28 17:31:07,964 basehttp 11288 7688 "GET /builder/wishlist/data/test2/ HTTP/1.1" 404 78113
WARNING 2026-07-28 17:31:16,328 log 11288 7688 Not Found: /.well-known/appspecific/com.chrome.devtools.json
WARNING 2026-07-28 17:31:16,329 basehttp 11288 7688 "GET /.well-known/appspecific/com.chrome.devtools.json HTTP/1.1" 404 44067
INFO 2026-07-28 17:36:07,929 basehttp 11288 14756 "POST /builder/cart/remove/test2/ HTTP/1.1" 200 94
INFO 2026-07-28 17:36:08,319 basehttp 11288 14756 "GET /builder/cart/data/test2/ HTTP/1.1" 200 58
WARNING 2026-07-28 17:36:13,647 log 11288 14756 Not Found: /.well-known/appspecific/com.chrome.devtools.json
WARNING 2026-07-28 17:36:13,648 basehttp 11288 14756 "GET /.well-known/appspecific/com.chrome.devtools.json HTTP/1.1" 404 44067
WARNING 2026-07-28 17:36:46,666 log 11288 7468 Not Found: /.well-known/appspecific/com.chrome.devtools.json
WARNING 2026-07-28 17:36:46,675 basehttp 11288 7468 "GET /.well-known/appspecific/com.chrome.devtools.json HTTP/1.1" 404 44067
INFO 2026-07-28 18:03:35,615 basehttp 11288 4372 "GET / HTTP/1.1" 200 135763
WARNING 2026-07-28 18:03:35,743 log 11288 4372 Not Found: /.well-known/appspecific/com.chrome.devtools.json
WARNING 2026-07-28 18:03:35,822 basehttp 11288 4372 "GET /.well-known/appspecific/com.chrome.devtools.json HTTP/1.1" 404 44067
INFO 2026-07-28 18:03:36,800 basehttp 11288 4372 "GET /builder/cart/data/test2/ HTTP/1.1" 200 58
WARNING 2026-07-28 18:03:36,855 log 11288 5788 Not Found: /builder/wishlist/data/test2/
WARNING 2026-07-28 18:03:36,857 basehttp 11288 5788 "GET /builder/wishlist/data/test2/ HTTP/1.1" 404 78113
INFO 2026-07-29 07:39:15,690 autoreload 13040 14640 Watching for file changes with StatReloader
INFO 2026-07-29 07:39:40,742 basehttp 13040 10224 "GET /admin/ HTTP/1.1" 301 0
INFO 2026-07-29 07:39:40,774 basehttp 13040 11212 code 400, message Bad request version ('êê\x13\x01\x13\x02\x13\x03À+À/À,À0Ì©Ì¨À\x13À\x14\x00\x9c\x00\x9d\x00/\x005\x01\x00\x06S')
ERROR 2026-07-29 07:39:40,775 basehttp 13040 11212 You're accessing the development server over HTTPS, but it only supports HTTP.
INFO 2026-07-29 07:39:40,778 basehttp 13040 1464 code 400, message Bad request version ('\x00\x02\x01\x00\x00')
ERROR 2026-07-29 07:39:40,779 basehttp 13040 1464 You're accessing the development server over HTTPS, but it only supports HTTP.
INFO 2026-07-29 07:41:11,091 autoreload 13040 14640 D:\360ExtremeBrowserDownload\Test\venv\src\src\settings.py changed, reloading.
INFO 2026-07-29 07:41:13,810 autoreload 15148 11768 Watching for file changes with StatReloader
INFO 2026-07-29 07:41:47,817 basehttp 15148 12824 code 400, message Bad request version ('\x00\x12\x00\x10\x04\x03\x08\x04\x04\x01\x05\x03\x08\x05\x05\x01\x08\x06\x06\x01ÿ\x01\x00\x01\x00\x00\x1b\x00\x03\x02\x00\x02\x00')
ERROR 2026-07-29 07:41:47,819 basehttp 15148 12824 You're accessing the development server over HTTPS, but it only supports HTTP.
INFO 2026-07-29 07:41:47,822 basehttp 15148 9540 code 400, message Bad request version ('WÚ0Å\x06\x9c©¥hó0ó\x04¬L\x04½\x08~¸ëp½¾\x9aë|*,7×½²½')
ERROR 2026-07-29 07:41:47,832 basehttp 15148 9540 You're accessing the development server over HTTPS, but it only supports HTTP.
INFO 2026-07-29 07:41:47,856 basehttp 15148 12284 code 400, message Bad request version ('U¦\x9efÄ¥9ªf\x15ÇÅ0Øw\x03\x97È¡ør`ÑQø2GlIF©;eê\x13Cùyp¥\x06\x14¡¹¼rQOÊ\x1a\x84ª8e´³¢î\x02¨ÉKOØ\x8b\x9b\x92Æ`b\x01rç\x11Ïï,Âñ\x15\x95\x95Ø\x94Çð')
ERROR 2026-07-29 07:41:47,857 basehttp 15148 12284 You're accessing the development server over HTTPS, but it only supports HTTP.
INFO 2026-07-29 07:41:47,857 basehttp 15148 14040 code 400, message Bad request version ('\x93¸[kì\x1b\x06ÎË\xad}\x10¥ð6¤n³(Òå\x88VìlË;\x81\x82¡ÄÑ×Z\x83\x1a³\x9bk[e¡YF\x97|&é\x18\x82\x12v´\x05g¿é:xÉ½+\x82x\x02è\x897w')
ERROR 2026-07-29 07:41:47,858 basehttp 15148 14040 You're accessing the development server over HTTPS, but it only supports HTTP.
INFO 2026-07-29 07:41:49,148 basehttp 15148 11916 code 400, message Bad request syntax ('\x16\x03\x01\x06À\x01\x00\x06¼\x03\x03')
ERROR 2026-07-29 07:41:49,149 basehttp 15148 11916 You're accessing the development server over HTTPS, but it only supports HTTP.
INFO 2026-07-29 07:41:49,174 basehttp 15148 14668 code 400, message Bad request version ('\x00\x12\x00\x10\x04\x03\x08\x04\x04\x01\x05\x03\x08\x05\x05\x01\x08\x06\x06\x01\x00')
ERROR 2026-07-29 07:41:49,177 basehttp 15148 14668 You're accessing the development server over HTTPS, but it only supports HTTP.
INFO 2026-07-29 07:41:49,182 basehttp 15148 792 code 400, message Bad request version ('Æ¯SJÎ\x87úôw\x95êIÍÄÿzä2Ï³ö\x88\x14ãZb;\x00')
INFO 2026-07-29 07:41:49,182 basehttp 15148 8412 code 400, message Bad request version ('\x8a\x8a\x13\x01\x13\x02\x13\x03À+À/À,À0Ì©Ì¨À\x13À\x14\x00\x9c\x00\x9d\x00/\x005\x01\x00\x06s')
ERROR 2026-07-29 07:41:49,187 basehttp 15148 792 You're accessing the development server over HTTPS, but it only supports HTTP.
ERROR 2026-07-29 07:41:49,203 basehttp 15148 8412 You're accessing the development server over HTTPS, but it only supports HTTP.
INFO 2026-07-29 07:41:50,050 basehttp 15148 11584 code 400, message Bad request version ('8µÌtªe#\x00')
ERROR 2026-07-29 07:41:50,050 basehttp 15148 11584 You're accessing the development server over HTTPS, but it only supports HTTP.
INFO 2026-07-29 07:41:50,073 basehttp 15148 14184 code 400, message Bad request version ('JJ\x13\x01\x13\x02\x13\x03À+À/À,À0Ì©Ì¨À\x13À\x14\x00\x9c\x00\x9d\x00/\x005\x01\x00\x063êê\x00\x00\x00')
ERROR 2026-07-29 07:41:50,074 basehttp 15148 14184 You're accessing the development server over HTTPS, but it only supports HTTP.
INFO 2026-07-29 07:41:50,074 basehttp 15148 10696 code 400, message Bad request version ('JJ\x13\x01\x13\x02\x13\x03À+À/À,À0Ì©Ì¨À\x13À\x14\x00\x9c\x00\x9d\x00/\x005\x01\x00\x06\x93')
ERROR 2026-07-29 07:41:50,075 basehttp 15148 10696 You're accessing the development server over HTTPS, but it only supports HTTP.
INFO 2026-07-29 07:41:50,085 basehttp 15148 13332 code 400, message Bad request version ('\x9a\x9a\x13\x01\x13\x02\x13\x03À+À/À,À0Ì©Ì¨À\x13À\x14\x00\x9c\x00\x9d\x00/\x005\x01\x00\x06SJJ\x00\x00\x003\x04ï\x04íjj\x00\x01\x00\x11ì\x04À\x7f\x07\x84.">!2`\x17Ë\x05C\x90³c\x08CC')
ERROR 2026-07-29 07:41:50,088 basehttp 15148 13332 You're accessing the development server over HTTPS, but it only supports HTTP.
INFO 2026-07-29 07:41:50,699 basehttp 15148 8512 code 400, message Bad request version ('\x00\x02\x01\x00\x00')
ERROR 2026-07-29 07:41:50,702 basehttp 15148 8512 You're accessing the development server over HTTPS, but it only supports HTTP.
INFO 2026-07-29 07:41:50,705 basehttp 15148 12008 code 400, message Bad request version ('\x02h2\x08http/1.1\x00+\x00\x07\x06')
ERROR 2026-07-29 07:41:50,712 basehttp 15148 12008 You're accessing the development server over HTTPS, but it only supports HTTP.
INFO 2026-07-29 07:41:50,718 basehttp 15148 11200 code 400, message Bad request version ('r\x92\x9b\\Bù')
ERROR 2026-07-29 07:41:50,719 basehttp 15148 11200 You're accessing the development server over HTTPS, but it only supports HTTP.
INFO 2026-07-29 07:41:50,720 basehttp 15148 5772 code 400, message Bad request version ('îSrt÷ç\x8d~?kTã\x05ÌB')
ERROR 2026-07-29 07:41:50,722 basehttp 15148 5772 You're accessing the development server over HTTPS, but it only supports HTTP.
INFO 2026-07-29 07:42:30,606 basehttp 15148 13532 "GET /dashboard/ HTTP/1.1" 200 221409
INFO 2026-07-29 07:42:32,654 basehttp 15148 13532 "GET /dashboard/ HTTP/1.1" 200 221409
INFO 2026-07-29 07:42:38,077 basehttp 15148 12280 code 400, message Bad request version ('$\x05ué')
ERROR 2026-07-29 07:42:38,078 basehttp 15148 12280 You're accessing the development server over HTTPS, but it only supports HTTP.
INFO 2026-07-29 07:42:38,080 basehttp 15148 7276 code 400, message Bad request syntax ('\x16\x03\x01\x06À\x01\x00\x06¼\x03\x03¥²\x17ªí')
ERROR 2026-07-29 07:42:38,081 basehttp 15148 7276 You're accessing the development server over HTTPS, but it only supports HTTP.
INFO 2026-07-29 07:42:48,158 basehttp 15148 13532 "GET /dashboard/ HTTP/1.1" 200 221409
INFO 2026-07-29 07:43:05,416 basehttp 15148 13532 "GET /dashboard/ HTTP/1.1" 200 221409
INFO 2026-07-29 07:43:11,036 basehttp 15148 10912 code 400, message Bad request version ('ªª\x13\x01\x13\x02\x13\x03À+À/À,À0Ì©Ì¨À\x13À\x14\x00\x9c\x00\x9d\x00/\x005\x01\x00\x06Sêê\x00\x00\x00')
ERROR 2026-07-29 07:43:11,036 basehttp 15148 10912 You're accessing the development server over HTTPS, but it only supports HTTP.
INFO 2026-07-29 07:43:11,038 basehttp 15148 3420 code 400, message Bad request version ('\x00\x02\x01\x00\x00\x05\x00\x05\x01\x00\x00\x00\x00\x00#\x00\x00\x00\x17\x00\x00\x00')
ERROR 2026-07-29 07:43:11,038 basehttp 15148 3420 You're accessing the development server over HTTPS, but it only supports HTTP.
INFO 2026-07-29 07:43:26,242 basehttp 15148 13240 code 400, message Bad request version ('zz\x13\x01\x13\x02\x13\x03À+À/À,À0Ì©Ì¨À\x13À\x14\x00\x9c\x00\x9d\x00/\x005\x01\x00\x063')
ERROR 2026-07-29 07:43:26,242 basehttp 15148 13240 You're accessing the development server over HTTPS, but it only supports HTTP.
INFO 2026-07-29 07:43:26,244 basehttp 15148 10448 code 400, message Bad HTTP/0.9 request type ('\x16\x03\x01\x06')
ERROR 2026-07-29 07:43:26,245 basehttp 15148 10448 You're accessing the development server over HTTPS, but it only supports HTTP.
INFO 2026-07-29 07:43:36,048 basehttp 15148 14676 code 400, message Bad request version ('ÊÊ\x13\x01\x13\x02\x13\x03À+À/À,À0Ì©Ì¨À\x13À\x14\x00\x9c\x00\x9d\x00/\x005\x01\x00\x06\x93ÊÊ\x00\x00\x00\x12\x00\x00\x00\x1b\x00\x03\x02\x00\x02\x00+\x00\x07\x06\x9a\x9a\x03\x04\x03\x03\x00')
ERROR 2026-07-29 07:43:36,049 basehttp 15148 14676 You're accessing the development server over HTTPS, but it only supports HTTP.
INFO 2026-07-29 07:43:36,051 basehttp 15148 2660 code 400, message Bad request version ('1Iæ¡l\x92\x19<ó\x9e\x1bMnD\x7f£\x0e+²wØ\x83é\x80%Á\x9f\x91\xadÙ\x81Éý\x0fæþ_¶LËÉè\x87')
ERROR 2026-07-29 07:43:36,052 basehttp 15148 2660 You're accessing the development server over HTTPS, but it only supports HTTP.
INFO 2026-07-29 07:43:57,998 basehttp 15148 13204 "GET /admin/ HTTP/1.1" 302 0
INFO 2026-07-29 07:43:58,042 basehttp 15148 13204 "GET /admin/login/?next=/admin/ HTTP/1.1" 200 4173
INFO 2026-07-29 07:43:58,546 basehttp 15148 12860 "GET /static/admin/css/dark_mode.css HTTP/1.1" 200 2808
INFO 2026-07-29 07:43:58,589 basehttp 15148 11236 "GET /static/admin/js/theme.js HTTP/1.1" 200 1653
INFO 2026-07-29 07:43:58,591 basehttp 15148 13204 "GET /static/admin/css/base.css HTTP/1.1" 200 22120
INFO 2026-07-29 07:43:58,612 basehttp 15148 8328 "GET /static/admin/css/nav_sidebar.css HTTP/1.1" 200 2810
INFO 2026-07-29 07:43:58,618 basehttp 15148 11912 "GET /static/admin/css/responsive.css HTTP/1.1" 200 16565
INFO 2026-07-29 07:43:58,634 basehttp 15148 11912 "GET /static/admin/js/nav_sidebar.js HTTP/1.1" 200 3063
INFO 2026-07-29 07:43:58,644 basehttp 15148 124 "GET /static/admin/css/login.css HTTP/1.1" 200 951
WARNING 2026-07-29 07:43:58,745 log 15148 124 Not Found: /favicon.ico
WARNING 2026-07-29 07:43:58,747 basehttp 15148 124 "GET /favicon.ico HTTP/1.1" 404 43913
INFO 2026-07-29 07:44:02,946 basehttp 15148 124 "POST /admin/login/?next=/admin/ HTTP/1.1" 302 0
INFO 2026-07-29 07:44:03,094 basehttp 15148 124 "GET /admin/ HTTP/1.1" 200 55002
INFO 2026-07-29 07:44:03,125 basehttp 15148 124 "GET /static/admin/css/dashboard.css HTTP/1.1" 200 441
INFO 2026-07-29 07:44:03,147 basehttp 15148 11912 "GET /static/admin/img/icon-changelink.svg HTTP/1.1" 200 380
INFO 2026-07-29 07:44:03,149 basehttp 15148 124 "GET /static/admin/img/icon-addlink.svg HTTP/1.1" 200 331
INFO 2026-07-29 07:44:03,150 basehttp 15148 8328 "GET /static/admin/img/icon-deletelink.svg HTTP/1.1" 200 392
INFO 2026-07-29 07:44:29,265 basehttp 15148 8328 "GET /admin/builder/template/ HTTP/1.1" 200 44272
INFO 2026-07-29 07:44:29,298 basehttp 15148 8328 "GET /static/admin/css/changelists.css HTTP/1.1" 200 6878
INFO 2026-07-29 07:44:29,311 basehttp 15148 11236 "GET /static/admin/js/core.js HTTP/1.1" 200 6208
INFO 2026-07-29 07:44:29,312 basehttp 15148 8328 "GET /static/admin/js/actions.js HTTP/1.1" 200 8076
INFO 2026-07-29 07:44:29,313 basehttp 15148 12860 "GET /static/admin/js/admin/RelatedObjectLookups.js HTTP/1.1" 200 9777
INFO 2026-07-29 07:44:29,326 basehttp 15148 124 "GET /admin/jsi18n/ HTTP/1.1" 200 3342
INFO 2026-07-29 07:44:29,331 basehttp 15148 11236 "GET /static/admin/js/urlify.js HTTP/1.1" 200 7887
INFO 2026-07-29 07:44:29,332 basehttp 15148 11912 "GET /static/admin/js/vendor/jquery/jquery.js HTTP/1.1" 200 285314
INFO 2026-07-29 07:44:29,332 basehttp 15148 8328 "GET /static/admin/js/prepopulate.js HTTP/1.1" 200 1531
INFO 2026-07-29 07:44:29,335 basehttp 15148 13204 "GET /static/admin/js/jquery.init.js HTTP/1.1" 200 347
INFO 2026-07-29 07:44:29,358 basehttp 15148 12860 "GET /static/admin/js/vendor/xregexp/xregexp.js HTTP/1.1" 200 325171
INFO 2026-07-29 07:44:29,392 basehttp 15148 12860 "GET /static/admin/js/filters.js HTTP/1.1" 200 978
INFO 2026-07-29 07:44:29,423 basehttp 15148 12860 "GET /static/admin/img/tooltag-add.svg HTTP/1.1" 200 331
INFO 2026-07-29 07:44:36,632 basehttp 15148 12860 "GET /admin/builder/template/9/change/ HTTP/1.1" 200 51515
INFO 2026-07-29 07:44:36,653 basehttp 15148 12860 "GET /static/admin/css/forms.css HTTP/1.1" 200 8525
INFO 2026-07-29 07:44:36,663 basehttp 15148 13204 "GET /static/admin/js/prepopulate_init.js HTTP/1.1" 200 586
INFO 2026-07-29 07:44:36,681 basehttp 15148 13204 "GET /static/admin/css/widgets.css HTTP/1.1" 200 11973
INFO 2026-07-29 07:44:36,681 basehttp 15148 8328 "GET /admin/jsi18n/ HTTP/1.1" 200 3342
INFO 2026-07-29 07:44:36,694 basehttp 15148 13204 "GET /static/admin/img/icon-viewlink.svg HTTP/1.1" 200 581
INFO 2026-07-29 07:44:36,694 basehttp 15148 8328 "GET /static/admin/js/change_form.js HTTP/1.1" 200 606
INFO 2026-07-29 07:44:41,239 basehttp 15148 8328 "GET /admin/builder/template/ HTTP/1.1" 200 44272
INFO 2026-07-29 07:44:44,253 basehttp 15148 8328 "GET /admin/builder/template/add/ HTTP/1.1" 200 51155
INFO 2026-07-29 07:44:44,287 basehttp 15148 8328 "GET /admin/jsi18n/ HTTP/1.1" 200 3342
INFO 2026-07-29 07:46:50,125 basehttp 15148 8328 "POST /admin/builder/template/add/ HTTP/1.1" 200 51458
INFO 2026-07-29 07:46:50,175 basehttp 15148 8328 "GET /admin/jsi18n/ HTTP/1.1" 200 3342
INFO 2026-07-29 07:50:14,326 basehttp 15148 8328 "POST /admin/builder/template/add/ HTTP/1.1" 302 0
INFO 2026-07-29 07:50:14,460 basehttp 15148 8328 "GET /admin/builder/template/ HTTP/1.1" 200 44805
INFO 2026-07-29 07:50:14,506 basehttp 15148 8328 "GET /admin/jsi18n/ HTTP/1.1" 200 3342
INFO 2026-07-29 07:50:14,547 basehttp 15148 8328 "GET /static/admin/img/icon-yes.svg HTTP/1.1" 200 436
INFO 2026-07-29 07:51:04,390 basehttp 15148 13884 "GET /templates/ HTTP/1.1" 200 70198
INFO 2026-07-29 07:51:08,566 basehttp 15148 13884 "GET /editor/ModernEcommerce5/ HTTP/1.1" 200 596540
INFO 2026-07-29 07:51:08,898 basehttp 15148 13884 "GET /builder/get-components/ HTTP/1.1" 200 23001
INFO 2026-07-29 07:51:08,948 basehttp 15148 13884 "GET /builder/load-template/ModernEcommerce5/?page=home HTTP/1.1" 200 30368
INFO 2026-07-29 07:51:09,009 basehttp 15148 14584 "GET /builder/api/color-palettes/ HTTP/1.1" 200 55005
INFO 2026-07-29 07:51:09,170 basehttp 15148 14584 "GET /builder/api/color-palettes/ HTTP/1.1" 200 55005
INFO 2026-07-29 07:51:09,516 basehttp 15148 14584 "GET /builder/api/template-color-variables/ModernEcommerce5/ HTTP/1.1" 200 4248
INFO 2026-07-29 07:57:51,912 basehttp 15148 9512 "GET /admin/builder/template/10/change/ HTTP/1.1" 200 51745
INFO 2026-07-29 07:57:51,974 basehttp 15148 9512 "GET /admin/jsi18n/ HTTP/1.1" 200 3342
INFO 2026-07-29 07:59:02,219 basehttp 15148 9512 "POST /admin/builder/template/10/change/ HTTP/1.1" 302 0
INFO 2026-07-29 07:59:02,293 basehttp 15148 9512 "GET /admin/builder/template/ HTTP/1.1" 200 44807
INFO 2026-07-29 07:59:02,340 basehttp 15148 9512 "GET /admin/jsi18n/ HTTP/1.1" 200 3342
INFO 2026-07-29 07:59:08,606 basehttp 15148 13752 "GET /editor/ModernEcommerce5/ HTTP/1.1" 200 596540
INFO 2026-07-29 07:59:08,768 basehttp 15148 13752 "GET /builder/get-components/ HTTP/1.1" 200 23001
INFO 2026-07-29 07:59:08,814 basehttp 15148 13752 "GET /builder/load-template/ModernEcommerce5/?page=home HTTP/1.1" 200 30368
INFO 2026-07-29 07:59:08,894 basehttp 15148 12088 "GET /builder/api/color-palettes/ HTTP/1.1" 200 55005
INFO 2026-07-29 07:59:09,160 basehttp 15148 12088 "GET /builder/api/color-palettes/ HTTP/1.1" 200 55005
INFO 2026-07-29 07:59:09,271 basehttp 15148 12088 "GET /builder/api/template-color-variables/ModernEcommerce5/ HTTP/1.1" 200 4248
INFO 2026-07-29 07:59:31,658 basehttp 15148 9512 "GET /admin/builder/template/10/change/ HTTP/1.1" 200 51807
INFO 2026-07-29 07:59:31,706 basehttp 15148 9512 "GET /admin/jsi18n/ HTTP/1.1" 200 3342
INFO 2026-07-29 07:59:42,949 basehttp 15148 9512 "POST /admin/builder/template/10/change/ HTTP/1.1" 302 0
INFO 2026-07-29 07:59:43,026 basehttp 15148 9512 "GET /admin/builder/template/ HTTP/1.1" 200 44807
INFO 2026-07-29 07:59:43,069 basehttp 15148 9512 "GET /admin/jsi18n/ HTTP/1.1" 200 3342
INFO 2026-07-29 07:59:47,203 basehttp 15148 12088 "GET /editor/ModernEcommerce5/ HTTP/1.1" 200 597698
INFO 2026-07-29 07:59:47,397 basehttp 15148 12088 "GET /builder/get-components/ HTTP/1.1" 200 23001
INFO 2026-07-29 07:59:47,481 basehttp 15148 12088 "GET /builder/load-template/ModernEcommerce5/?page=home HTTP/1.1" 200 30368
INFO 2026-07-29 07:59:47,776 basehttp 15148 13752 "GET /builder/api/color-palettes/ HTTP/1.1" 200 55005
INFO 2026-07-29 07:59:47,951 basehttp 15148 13752 "GET /builder/api/color-palettes/ HTTP/1.1" 200 55005
INFO 2026-07-29 07:59:48,001 basehttp 15148 13752 "GET /builder/api/template-color-variables/ModernEcommerce5/ HTTP/1.1" 200 4248
INFO 2026-07-29 07:59:50,489 basehttp 15148 13752 "GET /builder/load-template/ModernEcommerce5/?page=products HTTP/1.1" 200 20600
INFO 2026-07-29 08:07:01,538 basehttp 15148 11204 "GET /admin/builder/template/add/ HTTP/1.1" 200 51155
INFO 2026-07-29 08:07:01,596 basehttp 15148 11204 "GET /admin/jsi18n/ HTTP/1.1" 200 3342
INFO 2026-07-29 08:08:20,324 basehttp 15148 11204 "GET /admin/builder/template/add/ HTTP/1.1" 200 51155
INFO 2026-07-29 08:08:20,386 basehttp 15148 11204 "GET /admin/jsi18n/ HTTP/1.1" 200 3342
INFO 2026-07-29 08:08:25,023 basehttp 15148 11204 "GET /admin/builder/template/add/ HTTP/1.1" 200 51155
INFO 2026-07-29 08:08:30,363 basehttp 15148 11204 "GET /admin/builder/template/ HTTP/1.1" 200 44581
INFO 2026-07-29 08:08:30,402 basehttp 15148 11204 "GET /admin/jsi18n/ HTTP/1.1" 200 3342
INFO 2026-07-29 08:08:33,005 basehttp 15148 11204 "GET /admin/builder/template/10/change/ HTTP/1.1" 200 51807
INFO 2026-07-29 08:08:33,038 basehttp 15148 11204 "GET /admin/jsi18n/ HTTP/1.1" 200 3342
INFO 2026-07-29 08:09:25,817 basehttp 15148 11204 "POST /admin/builder/template/add/ HTTP/1.1" 302 0
INFO 2026-07-29 08:09:25,894 basehttp 15148 11204 "GET /admin/builder/template/ HTTP/1.1" 200 45120
INFO 2026-07-29 08:09:25,931 basehttp 15148 11204 "GET /admin/jsi18n/ HTTP/1.1" 200 3342
INFO 2026-07-29 08:10:26,500 basehttp 15148 11204 "GET /admin/builder/template/add/ HTTP/1.1" 200 51155
INFO 2026-07-29 08:10:26,537 basehttp 15148 11204 "GET /admin/jsi18n/ HTTP/1.1" 200 3342
INFO 2026-07-29 08:12:45,735 basehttp 15148 11204 "POST /admin/builder/template/add/ HTTP/1.1" 302 0
INFO 2026-07-29 08:12:45,819 basehttp 15148 11204 "GET /admin/builder/template/ HTTP/1.1" 200 45438
INFO 2026-07-29 08:12:45,860 basehttp 15148 11204 "GET /admin/jsi18n/ HTTP/1.1" 200 3342
INFO 2026-07-29 08:14:14,370 basehttp 15148 11204 "GET /admin/builder/template/add/ HTTP/1.1" 200 51155
INFO 2026-07-29 08:14:14,413 basehttp 15148 11204 "GET /admin/jsi18n/ HTTP/1.1" 200 3342
INFO 2026-07-29 08:15:39,731 basehttp 15148 11204 "POST /admin/builder/template/add/ HTTP/1.1" 302 0
INFO 2026-07-29 08:15:39,836 basehttp 15148 11204 "GET /admin/builder/template/ HTTP/1.1" 200 45736
INFO 2026-07-29 08:15:39,882 basehttp 15148 11204 "GET /admin/jsi18n/ HTTP/1.1" 200 3342
INFO 2026-07-29 08:16:17,612 basehttp 15148 11204 "GET /admin/builder/template/add/ HTTP/1.1" 200 51155
INFO 2026-07-29 08:16:17,658 basehttp 15148 11204 "GET /admin/jsi18n/ HTTP/1.1" 200 3342
INFO 2026-07-29 08:18:19,848 basehttp 15148 11204 "POST /admin/builder/template/add/ HTTP/1.1" 302 0
INFO 2026-07-29 08:18:19,937 basehttp 15148 11204 "GET /admin/builder/template/ HTTP/1.1" 200 46043
INFO 2026-07-29 08:18:19,982 basehttp 15148 11204 "GET /admin/jsi18n/ HTTP/1.1" 200 3342
INFO 2026-07-29 08:20:27,685 basehttp 15148 11204 "GET /admin/builder/template/add/ HTTP/1.1" 200 51155
INFO 2026-07-29 08:20:27,729 basehttp 15148 11204 "GET /admin/jsi18n/ HTTP/1.1" 200 3342
INFO 2026-07-29 08:20:37,234 basehttp 15148 11204 "GET /admin/builder/template/ HTTP/1.1" 200 45819
INFO 2026-07-29 08:21:43,653 basehttp 15148 11204 "GET /admin/builder/template/13/change/ HTTP/1.1" 200 51803
INFO 2026-07-29 08:21:43,702 basehttp 15148 11204 "GET /admin/jsi18n/ HTTP/1.1" 200 3342
INFO 2026-07-29 08:22:20,958 basehttp 15148 11204 "POST /admin/builder/template/13/change/ HTTP/1.1" 302 0
INFO 2026-07-29 08:22:21,027 basehttp 15148 11204 "GET /admin/builder/template/ HTTP/1.1" 200 46062
INFO 2026-07-29 08:22:21,061 basehttp 15148 11204 "GET /admin/jsi18n/ HTTP/1.1" 200 3342
INFO 2026-07-29 08:22:28,166 basehttp 15148 11204 "GET /admin/builder/template/14/change/ HTTP/1.1" 200 51807
INFO 2026-07-29 08:22:28,209 basehttp 15148 11204 "GET /admin/jsi18n/ HTTP/1.1" 200 3342
INFO 2026-07-29 08:23:27,111 basehttp 15148 11204 "POST /admin/builder/template/14/change/ HTTP/1.1" 302 0
INFO 2026-07-29 08:23:27,182 basehttp 15148 11204 "GET /admin/builder/template/ HTTP/1.1" 200 46054
INFO 2026-07-29 08:23:27,222 basehttp 15148 11204 "GET /admin/jsi18n/ HTTP/1.1" 200 3342
INFO 2026-07-29 08:24:34,216 basehttp 15148 11204 "GET /admin/builder/template/add/ HTTP/1.1" 200 51155
INFO 2026-07-29 08:24:34,253 basehttp 15148 11204 "GET /admin/jsi18n/ HTTP/1.1" 200 3342
INFO 2026-07-29 08:24:42,878 basehttp 15148 11204 "GET /admin/builder/template/ HTTP/1.1" 200 45829
INFO 2026-07-29 08:24:52,299 basehttp 15148 11204 "GET /admin/builder/template/add/ HTTP/1.1" 200 51155
INFO 2026-07-29 08:24:52,344 basehttp 15148 11204 "GET /admin/jsi18n/ HTTP/1.1" 200 3342
INFO 2026-07-29 08:25:41,187 basehttp 15148 11204 "POST /admin/builder/template/add/ HTTP/1.1" 302 0
INFO 2026-07-29 08:25:41,270 basehttp 15148 11204 "GET /admin/builder/template/ HTTP/1.1" 200 46383
INFO 2026-07-29 08:25:41,318 basehttp 15148 11204 "GET /admin/jsi18n/ HTTP/1.1" 200 3342
INFO 2026-07-29 08:26:58,994 basehttp 15148 11204 "GET /admin/builder/template/add/ HTTP/1.1" 200 51155
INFO 2026-07-29 08:26:59,038 basehttp 15148 11204 "GET /admin/jsi18n/ HTTP/1.1" 200 3342
INFO 2026-07-29 08:27:31,465 basehttp 15148 11204 "POST /admin/builder/template/add/ HTTP/1.1" 302 0
INFO 2026-07-29 08:27:31,536 basehttp 15148 11204 "GET /admin/builder/template/ HTTP/1.1" 200 46690
INFO 2026-07-29 08:27:31,584 basehttp 15148 11204 "GET /admin/jsi18n/ HTTP/1.1" 200 3342
INFO 2026-07-29 08:27:35,086 basehttp 15148 11204 "GET /admin/builder/template/add/ HTTP/1.1" 200 51155
INFO 2026-07-29 08:27:35,125 basehttp 15148 11204 "GET /admin/jsi18n/ HTTP/1.1" 200 3342
INFO 2026-07-29 08:28:31,991 basehttp 15148 11204 "POST /admin/builder/template/add/ HTTP/1.1" 302 0
INFO 2026-07-29 08:28:32,057 basehttp 15148 11204 "GET /admin/builder/template/add/ HTTP/1.1" 200 51426
INFO 2026-07-29 08:28:32,096 basehttp 15148 11204 "GET /admin/jsi18n/ HTTP/1.1" 200 3342
INFO 2026-07-29 08:29:35,516 basehttp 15148 11204 "POST /admin/builder/template/add/ HTTP/1.1" 302 0
INFO 2026-07-29 08:29:35,595 basehttp 15148 11204 "GET /admin/builder/template/ HTTP/1.1" 200 47345
INFO 2026-07-29 08:29:35,631 basehttp 15148 11204 "GET /admin/jsi18n/ HTTP/1.1" 200 3342
INFO 2026-07-29 08:29:49,145 basehttp 15148 11204 "GET /admin/builder/template/add/ HTTP/1.1" 200 51155
INFO 2026-07-29 08:29:49,185 basehttp 15148 11204 "GET /admin/jsi18n/ HTTP/1.1" 200 3342
INFO 2026-07-29 08:30:28,098 basehttp 15148 11204 "POST /admin/builder/template/add/ HTTP/1.1" 302 0
INFO 2026-07-29 08:30:28,175 basehttp 15148 11204 "GET /admin/builder/template/add/ HTTP/1.1" 200 51417
INFO 2026-07-29 08:30:28,212 basehttp 15148 11204 "GET /admin/jsi18n/ HTTP/1.1" 200 3342
INFO 2026-07-29 08:31:03,891 basehttp 15148 11204 "POST /admin/builder/template/add/ HTTP/1.1" 302 0
INFO 2026-07-29 08:31:03,960 basehttp 15148 11204 "GET /admin/builder/template/ HTTP/1.1" 200 47974
INFO 2026-07-29 08:31:04,005 basehttp 15148 11204 "GET /admin/jsi18n/ HTTP/1.1" 200 3342
INFO 2026-07-29 08:31:18,123 basehttp 15148 12504 "GET /templates/ HTTP/1.1" 200 110646
INFO 2026-07-29 08:31:22,259 basehttp 15148 12504 "GET /editor/ModernEcommerce9/ HTTP/1.1" 200 597698
INFO 2026-07-29 08:31:22,395 basehttp 15148 12504 "GET /builder/get-components/ HTTP/1.1" 200 23001
INFO 2026-07-29 08:31:22,448 basehttp 15148 12504 "GET /builder/load-template/ModernEcommerce9/?page=home HTTP/1.1" 200 28252
INFO 2026-07-29 08:31:22,633 basehttp 15148 5368 "GET /builder/api/color-palettes/ HTTP/1.1" 200 55005
INFO 2026-07-29 08:31:22,747 basehttp 15148 12504 "GET /builder/api/color-palettes/ HTTP/1.1" 200 55005
INFO 2026-07-29 08:31:23,046 basehttp 15148 12504 "GET /builder/api/template-color-variables/ModernEcommerce9/ HTTP/1.1" 200 2463
INFO 2026-07-29 08:32:31,596 basehttp 15148 12504 "GET /editor/ModernEcommerce12/ HTTP/1.1" 200 597701
INFO 2026-07-29 08:32:31,761 basehttp 15148 12504 "GET /builder/get-components/ HTTP/1.1" 200 23001
INFO 2026-07-29 08:32:31,805 basehttp 15148 12504 "GET /builder/load-template/ModernEcommerce12/?page=home HTTP/1.1" 200 25745
INFO 2026-07-29 08:32:31,926 basehttp 15148 5368 "GET /builder/api/color-palettes/ HTTP/1.1" 200 55005
INFO 2026-07-29 08:32:32,266 basehttp 15148 5368 "GET /builder/api/color-palettes/ HTTP/1.1" 200 55005
INFO 2026-07-29 08:32:32,711 basehttp 15148 5368 "GET /builder/api/template-color-variables/ModernEcommerce12/ HTTP/1.1" 200 2757
INFO 2026-07-29 08:33:01,649 basehttp 15148 5368 "GET /editor/ModernEcommerce8/ HTTP/1.1" 200 597698
INFO 2026-07-29 08:33:02,051 basehttp 15148 5368 "GET /builder/get-components/ HTTP/1.1" 200 23001
INFO 2026-07-29 08:33:02,183 basehttp 15148 5368 "GET /builder/load-template/ModernEcommerce8/?page=home HTTP/1.1" 200 39892
INFO 2026-07-29 08:33:02,302 basehttp 15148 12504 "GET /builder/api/color-palettes/ HTTP/1.1" 200 55005
INFO 2026-07-29 08:33:02,744 basehttp 15148 12504 "GET /builder/api/color-palettes/ HTTP/1.1" 200 55005
INFO 2026-07-29 08:33:03,401 basehttp 15148 12504 "GET /builder/api/template-color-variables/ModernEcommerce8/ HTTP/1.1" 200 2463
INFO 2026-07-29 08:34:00,574 basehttp 15148 12504 "GET /editor/ModernEcommerce8/ HTTP/1.1" 200 597698
INFO 2026-07-29 08:34:00,807 basehttp 15148 12504 "GET /builder/get-components/ HTTP/1.1" 200 23001
INFO 2026-07-29 08:34:00,982 basehttp 15148 12504 "GET /builder/load-template/ModernEcommerce8/?page=home HTTP/1.1" 200 39892
INFO 2026-07-29 08:34:01,117 basehttp 15148 5368 "GET /builder/api/color-palettes/ HTTP/1.1" 200 55005
INFO 2026-07-29 08:34:01,411 basehttp 15148 5368 "GET /builder/api/color-palettes/ HTTP/1.1" 200 55005
INFO 2026-07-29 08:34:01,478 basehttp 15148 5368 "GET /builder/api/template-color-variables/ModernEcommerce8/ HTTP/1.1" 200 2463
INFO 2026-07-29 08:34:05,535 basehttp 15148 5368 "GET /editor/ModernEcommerce11/ HTTP/1.1" 200 597701
INFO 2026-07-29 08:34:05,757 basehttp 15148 5368 "GET /builder/get-components/ HTTP/1.1" 200 23001
INFO 2026-07-29 08:34:05,842 basehttp 15148 5368 "GET /builder/load-template/ModernEcommerce11/?page=home HTTP/1.1" 200 31926
INFO 2026-07-29 08:34:06,051 basehttp 15148 12504 "GET /builder/api/color-palettes/ HTTP/1.1" 200 55005
INFO 2026-07-29 08:34:06,265 basehttp 15148 5368 "GET /static/images/ModernEcommerce11/babyclothes-2.jpg HTTP/1.1" 200 1382414
INFO 2026-07-29 08:34:06,339 basehttp 15148 12504 "GET /builder/api/color-palettes/ HTTP/1.1" 200 55005
INFO 2026-07-29 08:34:07,048 basehttp 15148 12504 "GET /builder/api/template-color-variables/ModernEcommerce11/ HTTP/1.1" 200 2773
INFO 2026-07-29 08:34:16,617 basehttp 15148 12504 "GET /builder/load-template/ModernEcommerce11/?page=about HTTP/1.1" 200 34361
INFO 2026-07-29 08:34:54,956 basehttp 15148 12504 "GET /builder/load-template/ModernEcommerce11/?page=contact HTTP/1.1" 200 33759
INFO 2026-07-29 08:35:37,168 basehttp 15148 12504 "GET /builder/load-template/ModernEcommerce11/?page=cart HTTP/1.1" 200 34498
INFO 2026-07-29 08:35:43,754 basehttp 15148 12504 "GET /builder/load-template/ModernEcommerce11/?page=wishlist HTTP/1.1" 200 33551
INFO 2026-07-29 08:35:47,275 basehttp 15148 12504 "GET /builder/load-template/ModernEcommerce11/?page=home HTTP/1.1" 200 31926
INFO 2026-07-29 08:36:46,452 basehttp 15148 12504 "GET /editor/ModernEcommerce5/ HTTP/1.1" 200 597698
INFO 2026-07-29 08:36:46,658 basehttp 15148 12504 "GET /builder/get-components/ HTTP/1.1" 200 23001
INFO 2026-07-29 08:36:46,741 basehttp 15148 12504 "GET /builder/load-template/ModernEcommerce5/?page=home HTTP/1.1" 200 30368
INFO 2026-07-29 08:36:47,013 basehttp 15148 5368 "GET /builder/api/color-palettes/ HTTP/1.1" 200 55005
INFO 2026-07-29 08:36:47,213 basehttp 15148 12504 "GET /builder/api/color-palettes/ HTTP/1.1" 200 55005
INFO 2026-07-29 08:36:47,270 basehttp 15148 12504 "GET /builder/api/template-color-variables/ModernEcommerce5/ HTTP/1.1" 200 4248
INFO 2026-07-29 08:37:09,710 basehttp 15148 12504 "GET /editor/ModernEcommerce7/ HTTP/1.1" 200 597698
INFO 2026-07-29 08:37:09,921 basehttp 15148 12504 "GET /builder/get-components/ HTTP/1.1" 200 23001
INFO 2026-07-29 08:37:09,993 basehttp 15148 12504 "GET /builder/load-template/ModernEcommerce7/?page=home HTTP/1.1" 200 22042
INFO 2026-07-29 08:37:10,240 basehttp 15148 5368 "GET /builder/api/color-palettes/ HTTP/1.1" 200 55005
INFO 2026-07-29 08:37:10,530 basehttp 15148 5368 "GET /builder/api/color-palettes/ HTTP/1.1" 200 55005
INFO 2026-07-29 08:37:10,962 basehttp 15148 5368 "GET /builder/api/template-color-variables/ModernEcommerce7/ HTTP/1.1" 200 1583
INFO 2026-07-29 08:37:24,060 basehttp 15148 5368 "GET /builder/load-template/ModernEcommerce7/?page=contact HTTP/1.1" 200 33622
INFO 2026-07-29 08:37:28,318 basehttp 15148 5368 "GET /builder/load-template/ModernEcommerce7/?page=about HTTP/1.1" 200 34780
INFO 2026-07-29 08:37:43,610 basehttp 15148 5368 "GET /editor/ModernEcommerce14/ HTTP/1.1" 200 597701
INFO 2026-07-29 08:37:43,810 basehttp 15148 5368 "GET /builder/get-components/ HTTP/1.1" 200 23001
INFO 2026-07-29 08:37:43,873 basehttp 15148 5368 "GET /builder/load-template/ModernEcommerce14/?page=home HTTP/1.1" 200 32144
INFO 2026-07-29 08:37:43,997 basehttp 15148 12504 "GET /builder/api/color-palettes/ HTTP/1.1" 200 55005
INFO 2026-07-29 08:37:44,301 basehttp 15148 12504 "GET /builder/api/color-palettes/ HTTP/1.1" 200 55005
INFO 2026-07-29 08:37:44,760 basehttp 15148 12504 "GET /builder/api/template-color-variables/ModernEcommerce14/ HTTP/1.1" 200 1296
INFO 2026-07-29 08:38:13,171 basehttp 15148 12504 "GET /editor/ModernEcommerce35/ HTTP/1.1" 200 596543
INFO 2026-07-29 08:38:13,306 basehttp 15148 12504 "GET /builder/get-components/ HTTP/1.1" 200 23001
INFO 2026-07-29 08:38:13,374 basehttp 15148 5368 "GET /builder/api/color-palettes/ HTTP/1.1" 200 55005
INFO 2026-07-29 08:38:13,431 basehttp 15148 12504 "GET /builder/load-template/ModernEcommerce35/?page=home HTTP/1.1" 200 82919
INFO 2026-07-29 08:38:13,524 basehttp 15148 5368 "GET /builder/api/color-palettes/ HTTP/1.1" 200 55005
INFO 2026-07-29 08:38:13,945 basehttp 15148 5368 "GET /builder/api/template-color-variables/ModernEcommerce35/ HTTP/1.1" 200 1041
INFO 2026-07-29 08:38:22,872 basehttp 15148 5368 "GET /editor/ModernEcommerce33/ HTTP/1.1" 200 596543
INFO 2026-07-29 08:38:23,061 basehttp 15148 5368 "GET /builder/get-components/ HTTP/1.1" 200 23001
INFO 2026-07-29 08:38:23,117 basehttp 15148 5368 "GET /builder/load-template/ModernEcommerce33/?page=home HTTP/1.1" 200 63061
INFO 2026-07-29 08:38:23,240 basehttp 15148 12504 "GET /builder/api/color-palettes/ HTTP/1.1" 200 55005
INFO 2026-07-29 08:38:23,682 basehttp 15148 12504 "GET /builder/api/color-palettes/ HTTP/1.1" 200 55005
INFO 2026-07-29 08:38:24,018 basehttp 15148 12504 "GET /builder/api/template-color-variables/ModernEcommerce33/ HTTP/1.1" 200 1041
INFO 2026-07-29 08:38:38,625 basehttp 15148 12504 "GET /editor/ModernEcommerce18/ HTTP/1.1" 200 597701
INFO 2026-07-29 08:38:38,806 basehttp 15148 12504 "GET /builder/get-components/ HTTP/1.1" 200 23001
INFO 2026-07-29 08:38:38,874 basehttp 15148 12504 "GET /builder/load-template/ModernEcommerce18/?page=home HTTP/1.1" 200 24014
INFO 2026-07-29 08:38:39,089 basehttp 15148 5368 "GET /builder/api/color-palettes/ HTTP/1.1" 200 55005
INFO 2026-07-29 08:38:39,097 basehttp 15148 12504 "GET /static/images/Ecom18/hero.png HTTP/1.1" 200 1276533
INFO 2026-07-29 08:38:39,460 basehttp 15148 5368 "GET /builder/api/color-palettes/ HTTP/1.1" 200 55005
INFO 2026-07-29 08:38:39,926 basehttp 15148 5368 "GET /builder/api/template-color-variables/ModernEcommerce18/ HTTP/1.1" 200 3105
INFO 2026-07-29 08:39:03,318 basehttp 15148 5368 "GET /builder/load-template/ModernEcommerce18/?page=products HTTP/1.1" 200 29485
INFO 2026-07-29 08:39:06,691 basehttp 15148 5368 "GET /builder/load-template/ModernEcommerce18/?page=categories HTTP/1.1" 200 23155
INFO 2026-07-29 08:39:07,994 basehttp 15148 5368 "GET /builder/load-template/ModernEcommerce18/?page=product-details HTTP/1.1" 200 36176
INFO 2026-07-29 08:39:16,200 basehttp 15148 5368 "GET /editor/ModernEcommerce6/ HTTP/1.1" 200 597698
INFO 2026-07-29 08:39:16,381 basehttp 15148 5368 "GET /builder/get-components/ HTTP/1.1" 200 23001
INFO 2026-07-29 08:39:16,442 basehttp 15148 5368 "GET /builder/load-template/ModernEcommerce6/?page=home HTTP/1.1" 200 48844
INFO 2026-07-29 08:39:16,729 basehttp 15148 12504 "GET /builder/api/color-palettes/ HTTP/1.1" 200 55005
INFO 2026-07-29 08:39:16,977 basehttp 15148 12504 "GET /builder/api/color-palettes/ HTTP/1.1" 200 55005
INFO 2026-07-29 08:39:17,391 basehttp 15148 12504 "GET /builder/api/template-color-variables/ModernEcommerce6/ HTTP/1.1" 200 2463
INFO 2026-07-29 08:39:42,672 basehttp 15148 12504 "GET /builder/load-template/ModernEcommerce6/?page=products HTTP/1.1" 200 34146
INFO 2026-07-29 08:39:44,279 basehttp 15148 12504 "GET /builder/load-template/ModernEcommerce6/?page=product-details HTTP/1.1" 200 48084
INFO 2026-07-29 08:39:45,608 basehttp 15148 12504 "GET /builder/load-template/ModernEcommerce6/?page=categories HTTP/1.1" 200 32384
INFO 2026-07-29 11:18:10,735 basehttp 15148 12692 "GET /editor/ModernEcommerce11/ HTTP/1.1" 200 597701
INFO 2026-07-29 11:18:11,047 basehttp 15148 12692 "GET /builder/get-components/ HTTP/1.1" 200 23001
INFO 2026-07-29 11:18:11,102 basehttp 15148 12692 "GET /builder/load-template/ModernEcommerce11/?page=home HTTP/1.1" 200 31926
INFO 2026-07-29 11:18:11,116 basehttp 15148 12388 "GET /builder/api/color-palettes/ HTTP/1.1" 200 55005
INFO 2026-07-29 11:18:11,375 basehttp 15148 12388 "GET /builder/api/color-palettes/ HTTP/1.1" 200 55005
INFO 2026-07-29 11:18:11,892 basehttp 15148 12388 "GET /builder/api/template-color-variables/ModernEcommerce11/ HTTP/1.1" 200 2773
INFO 2026-07-29 11:21:01,666 basehttp 15148 12388 "GET /editor/ModernEcommerce11/ HTTP/1.1" 200 597701
INFO 2026-07-29 11:21:01,869 basehttp 15148 12388 "GET /builder/get-components/ HTTP/1.1" 200 23001
INFO 2026-07-29 11:21:01,931 basehttp 15148 12388 "GET /builder/load-template/ModernEcommerce11/?page=home HTTP/1.1" 200 31922
INFO 2026-07-29 11:21:02,216 basehttp 15148 12692 "GET /builder/api/color-palettes/ HTTP/1.1" 200 55005
INFO 2026-07-29 11:21:02,345 basehttp 15148 12692 "GET /builder/api/color-palettes/ HTTP/1.1" 200 55005
INFO 2026-07-29 11:21:02,411 basehttp 15148 12692 "GET /builder/api/template-color-variables/ModernEcommerce11/ HTTP/1.1" 200 2773
INFO 2026-07-29 11:21:45,354 basehttp 15148 12692 "GET /editor/ModernEcommerce11/ HTTP/1.1" 200 597701
INFO 2026-07-29 11:21:45,465 basehttp 15148 12692 "GET /builder/get-components/ HTTP/1.1" 200 23001
INFO 2026-07-29 11:21:45,537 basehttp 15148 12692 "GET /builder/load-template/ModernEcommerce11/?page=home HTTP/1.1" 200 31922
INFO 2026-07-29 11:21:45,636 basehttp 15148 12388 "GET /builder/api/color-palettes/ HTTP/1.1" 200 55005
INFO 2026-07-29 11:21:45,732 basehttp 15148 12388 "GET /builder/api/color-palettes/ HTTP/1.1" 200 55005
INFO 2026-07-29 11:21:45,970 basehttp 15148 12388 "GET /builder/api/template-color-variables/ModernEcommerce11/ HTTP/1.1" 200 2773
INFO 2026-07-29 11:22:06,715 basehttp 15148 12388 "GET /editor/ModernEcommerce11/ HTTP/1.1" 200 597701
INFO 2026-07-29 11:22:06,826 basehttp 15148 12388 "GET /builder/get-components/ HTTP/1.1" 200 23001
INFO 2026-07-29 11:22:06,882 basehttp 15148 12388 "GET /builder/load-template/ModernEcommerce11/?page=home HTTP/1.1" 200 31866
INFO 2026-07-29 11:22:07,015 basehttp 15148 12692 "GET /builder/api/color-palettes/ HTTP/1.1" 200 55005
INFO 2026-07-29 11:22:07,121 basehttp 15148 12692 "GET /builder/api/color-palettes/ HTTP/1.1" 200 55005
INFO 2026-07-29 11:22:07,421 basehttp 15148 12692 "GET /builder/api/template-color-variables/ModernEcommerce11/ HTTP/1.1" 200 2773
INFO 2026-07-29 11:22:59,316 basehttp 15148 12692 "GET /editor/ModernEcommerce11/ HTTP/1.1" 200 597701
INFO 2026-07-29 11:22:59,447 basehttp 15148 12692 "GET /builder/get-components/ HTTP/1.1" 200 23001
INFO 2026-07-29 11:22:59,503 basehttp 15148 12692 "GET /builder/load-template/ModernEcommerce11/?page=home HTTP/1.1" 200 31922
INFO 2026-07-29 11:22:59,620 basehttp 15148 12388 "GET /builder/api/color-palettes/ HTTP/1.1" 200 55005
INFO 2026-07-29 11:22:59,733 basehttp 15148 12388 "GET /builder/api/color-palettes/ HTTP/1.1" 200 55005
INFO 2026-07-29 11:22:59,925 basehttp 15148 12388 "GET /builder/api/template-color-variables/ModernEcommerce11/ HTTP/1.1" 200 2773
INFO 2026-07-29 11:24:24,609 basehttp 15148 12388 "GET /editor/ModernEcommerce11/ HTTP/1.1" 200 597701
INFO 2026-07-29 11:24:24,770 basehttp 15148 12388 "GET /builder/get-components/ HTTP/1.1" 200 23001
INFO 2026-07-29 11:24:24,835 basehttp 15148 12388 "GET /builder/load-template/ModernEcommerce11/?page=home HTTP/1.1" 200 31929
INFO 2026-07-29 11:24:24,943 basehttp 15148 12692 "GET /builder/api/color-palettes/ HTTP/1.1" 200 55005
INFO 2026-07-29 11:24:25,054 basehttp 15148 12692 "GET /builder/api/color-palettes/ HTTP/1.1" 200 55005
INFO 2026-07-29 11:24:25,313 basehttp 15148 12692 "GET /builder/api/template-color-variables/ModernEcommerce11/ HTTP/1.1" 200 2773
INFO 2026-07-29 11:25:16,571 basehttp 15148 12692 "GET /editor/ModernEcommerce11/ HTTP/1.1" 200 597701
INFO 2026-07-29 11:25:16,720 basehttp 15148 12692 "GET /builder/get-components/ HTTP/1.1" 200 23001
INFO 2026-07-29 11:25:16,771 basehttp 15148 12692 "GET /builder/load-template/ModernEcommerce11/?page=home HTTP/1.1" 200 31953
INFO 2026-07-29 11:25:16,885 basehttp 15148 12388 "GET /builder/api/color-palettes/ HTTP/1.1" 200 55005
INFO 2026-07-29 11:25:16,997 basehttp 15148 12388 "GET /builder/api/color-palettes/ HTTP/1.1" 200 55005
INFO 2026-07-29 11:25:17,261 basehttp 15148 12388 "GET /builder/api/template-color-variables/ModernEcommerce11/ HTTP/1.1" 200 2773
INFO 2026-07-29 11:27:08,001 basehttp 15148 12388 "GET /builder/load-template/ModernEcommerce11/?page=products HTTP/1.1" 200 22779
WARNING 2026-07-29 11:27:08,051 log 15148 12388 Not Found: /editor/ModernEcommerce11/style.css
WARNING 2026-07-29 11:27:08,052 basehttp 15148 12388 "GET /editor/ModernEcommerce11/style.css HTTP/1.1" 404 44005
INFO 2026-07-29 11:27:15,053 basehttp 15148 12388 "GET /builder/load-template/ModernEcommerce11/?page=about HTTP/1.1" 200 34361
INFO 2026-07-29 11:27:18,975 basehttp 15148 12388 "GET /builder/load-template/ModernEcommerce11/?page=categories HTTP/1.1" 200 20325
INFO 2026-07-29 11:27:25,320 basehttp 15148 12388 "GET /builder/load-template/ModernEcommerce11/?page=product-details HTTP/1.1" 200 45864
INFO 2026-07-29 11:29:05,452 basehttp 15148 12388 "GET /builder/load-template/ModernEcommerce11/?page=home HTTP/1.1" 200 31953
INFO 2026-07-29 11:29:19,245 basehttp 15148 12388 "GET /editor/ModernEcommerce11/?page=home HTTP/1.1" 200 597701
INFO 2026-07-29 11:29:19,423 basehttp 15148 12388 "GET /builder/get-components/ HTTP/1.1" 200 23001
INFO 2026-07-29 11:29:19,476 basehttp 15148 12388 "GET /builder/load-template/ModernEcommerce11/?page=home HTTP/1.1" 200 31953
INFO 2026-07-29 11:29:19,567 basehttp 15148 12692 "GET /builder/api/color-palettes/ HTTP/1.1" 200 55005
INFO 2026-07-29 11:29:19,660 basehttp 15148 12692 "GET /builder/api/color-palettes/ HTTP/1.1" 200 55005
INFO 2026-07-29 11:29:19,885 basehttp 15148 12692 "GET /builder/api/template-color-variables/ModernEcommerce11/ HTTP/1.1" 200 2773
INFO 2026-07-29 11:33:42,188 basehttp 15148 12692 "GET /builder/load-template/ModernEcommerce11/?page=products HTTP/1.1" 200 22800
WARNING 2026-07-29 11:33:42,256 log 15148 12692 Not Found: /editor/ModernEcommerce11/style.css
WARNING 2026-07-29 11:33:42,257 basehttp 15148 12692 "GET /editor/ModernEcommerce11/style.css HTTP/1.1" 404 44005
INFO 2026-07-29 11:33:51,087 basehttp 15148 12692 "GET /builder/load-template/ModernEcommerce11/?page=product-details HTTP/1.1" 200 45894
INFO 2026-07-29 11:33:53,138 basehttp 15148 12692 "GET /builder/load-template/ModernEcommerce11/?page=categories HTTP/1.1" 200 20358
INFO 2026-07-29 11:33:55,463 basehttp 15148 12692 "GET /builder/load-template/ModernEcommerce11/?page=about HTTP/1.1" 200 34391
INFO 2026-07-29 11:33:57,260 basehttp 15148 12692 "GET /builder/load-template/ModernEcommerce11/?page=contact HTTP/1.1" 200 33777
INFO 2026-07-29 11:33:59,792 basehttp 15148 12692 "GET /builder/load-template/ModernEcommerce11/?page=wishlist HTTP/1.1" 200 33578
INFO 2026-07-29 11:34:01,040 basehttp 15148 12692 "GET /builder/load-template/ModernEcommerce11/?page=cart HTTP/1.1" 200 34525
INFO 2026-07-29 11:34:02,159 basehttp 15148 12692 "GET /builder/load-template/ModernEcommerce11/?page=contact HTTP/1.1" 200 33777
INFO 2026-07-29 11:34:03,347 basehttp 15148 12692 "GET /builder/load-template/ModernEcommerce11/?page=about HTTP/1.1" 200 34391
INFO 2026-07-29 11:34:04,461 basehttp 15148 12692 "GET /builder/load-template/ModernEcommerce11/?page=categories HTTP/1.1" 200 20358
INFO 2026-07-29 11:34:05,595 basehttp 15148 12692 "GET /builder/load-template/ModernEcommerce11/?page=product-details HTTP/1.1" 200 45894
INFO 2026-07-29 11:34:06,662 basehttp 15148 12692 "GET /builder/load-template/ModernEcommerce11/?page=products HTTP/1.1" 200 22800
WARNING 2026-07-29 11:34:06,724 log 15148 12692 Not Found: /editor/ModernEcommerce11/style.css
WARNING 2026-07-29 11:34:06,725 basehttp 15148 12692 "GET /editor/ModernEcommerce11/style.css HTTP/1.1" 404 44005
INFO 2026-07-29 11:34:08,595 basehttp 15148 12692 "GET /builder/load-template/ModernEcommerce11/?page=product-details HTTP/1.1" 200 45894
INFO 2026-07-29 11:38:58,203 basehttp 15148 12692 "GET /builder/load-template/ModernEcommerce11/?page=products HTTP/1.1" 200 22822
WARNING 2026-07-29 11:38:58,281 log 15148 12692 Not Found: /editor/ModernEcommerce11/style.css
WARNING 2026-07-29 11:38:58,283 basehttp 15148 12692 "GET /editor/ModernEcommerce11/style.css HTTP/1.1" 404 44005
INFO 2026-07-29 11:39:06,595 basehttp 15148 12692 "GET /builder/load-template/ModernEcommerce11/?page=product-details HTTP/1.1" 200 45921
INFO 2026-07-29 11:39:08,296 basehttp 15148 12692 "GET /builder/load-template/ModernEcommerce11/?page=categories HTTP/1.1" 200 20385
INFO 2026-07-29 11:39:12,772 basehttp 15148 12692 "GET /builder/load-template/ModernEcommerce11/?page=about HTTP/1.1" 200 34410
INFO 2026-07-29 11:39:14,286 basehttp 15148 12692 "GET /builder/load-template/ModernEcommerce11/?page=contact HTTP/1.1" 200 33796
INFO 2026-07-29 11:39:15,656 basehttp 15148 12692 "GET /builder/load-template/ModernEcommerce11/?page=cart HTTP/1.1" 200 34552
INFO 2026-07-29 11:39:17,124 basehttp 15148 12692 "GET /builder/load-template/ModernEcommerce11/?page=wishlist HTTP/1.1" 200 33605
INFO 2026-07-29 11:39:23,715 basehttp 15148 12692 "GET /builder/load-template/ModernEcommerce11/?page=cart HTTP/1.1" 200 34552
INFO 2026-07-29 11:39:24,821 basehttp 15148 12692 "GET /builder/load-template/ModernEcommerce11/?page=contact HTTP/1.1" 200 33796
INFO 2026-07-29 11:39:41,643 basehttp 15148 12692 "GET /builder/load-template/ModernEcommerce11/?page=about HTTP/1.1" 200 34410
INFO 2026-07-29 11:39:46,122 basehttp 15148 12692 "GET /builder/load-template/ModernEcommerce11/?page=categories HTTP/1.1" 200 20385
INFO 2026-07-29 11:39:48,919 basehttp 15148 12692 "GET /builder/load-template/ModernEcommerce11/?page=product-details HTTP/1.1" 200 45921
INFO 2026-07-29 11:39:56,638 basehttp 15148 12692 "GET /builder/load-template/ModernEcommerce11/?page=products HTTP/1.1" 200 22822
WARNING 2026-07-29 11:39:56,719 log 15148 12692 Not Found: /editor/ModernEcommerce11/style.css
WARNING 2026-07-29 11:39:56,722 basehttp 15148 12692 "GET /editor/ModernEcommerce11/style.css HTTP/1.1" 404 44005
INFO 2026-07-29 11:40:03,336 basehttp 15148 12692 "GET /builder/load-template/ModernEcommerce11/?page=home HTTP/1.1" 200 31953
INFO 2026-07-29 11:46:25,008 basehttp 15148 13064 "GET /builder/load-template/ModernEcommerce11/?page=products HTTP/1.1" 200 22822
WARNING 2026-07-29 11:46:25,065 log 15148 13064 Not Found: /editor/ModernEcommerce11/style.css
WARNING 2026-07-29 11:46:25,066 basehttp 15148 13064 "GET /editor/ModernEcommerce11/style.css HTTP/1.1" 404 44005
INFO 2026-07-29 11:46:26,434 basehttp 15148 13064 "GET /builder/load-template/ModernEcommerce11/?page=product-details HTTP/1.1" 200 45921
INFO 2026-07-29 11:46:27,686 basehttp 15148 13064 "GET /builder/load-template/ModernEcommerce11/?page=categories HTTP/1.1" 200 20385
INFO 2026-07-29 11:46:29,202 basehttp 15148 13064 "GET /builder/load-template/ModernEcommerce11/?page=home HTTP/1.1" 200 31953
INFO 2026-07-29 11:46:37,253 basehttp 15148 13064 "GET /builder/load-template/ModernEcommerce11/?page=products HTTP/1.1" 200 22822
WARNING 2026-07-29 11:46:37,310 log 15148 13064 Not Found: /editor/ModernEcommerce11/style.css
WARNING 2026-07-29 11:46:37,312 basehttp 15148 13064 "GET /editor/ModernEcommerce11/style.css HTTP/1.1" 404 44005
INFO 2026-07-29 11:46:43,183 basehttp 15148 13064 "GET /builder/load-template/ModernEcommerce11/?page=product-details HTTP/1.1" 200 45921
INFO 2026-07-29 11:47:12,653 basehttp 15148 13064 "GET /builder/load-template/ModernEcommerce11/?page=home HTTP/1.1" 200 31953
INFO 2026-07-29 11:47:18,515 basehttp 15148 13064 "GET /builder/load-template/ModernEcommerce11/?page=product-details HTTP/1.1" 200 45921
INFO 2026-07-29 11:47:23,815 basehttp 15148 13064 "GET /builder/load-template/ModernEcommerce11/?page=home HTTP/1.1" 200 31953
INFO 2026-07-29 11:49:31,891 basehttp 15148 13064 "GET /editor/ModernEcommerce18/ HTTP/1.1" 200 597701
INFO 2026-07-29 11:49:32,065 basehttp 15148 13064 "GET /builder/get-components/ HTTP/1.1" 200 23001
INFO 2026-07-29 11:49:32,147 basehttp 15148 13064 "GET /builder/load-template/ModernEcommerce18/?page=home HTTP/1.1" 200 24014
INFO 2026-07-29 11:49:32,276 basehttp 15148 11632 "GET /builder/api/color-palettes/ HTTP/1.1" 200 55005
INFO 2026-07-29 11:49:32,594 basehttp 15148 11632 "GET /builder/api/color-palettes/ HTTP/1.1" 200 55005
INFO 2026-07-29 11:49:32,797 basehttp 15148 11632 "GET /builder/api/template-color-variables/ModernEcommerce18/ HTTP/1.1" 200 3105
INFO 2026-07-29 11:51:38,396 basehttp 15148 11632 "GET /builder/load-template/ModernEcommerce18/?page=products HTTP/1.1" 200 29485
INFO 2026-07-29 11:51:40,043 basehttp 15148 11632 "GET /builder/load-template/ModernEcommerce18/?page=product-details HTTP/1.1" 200 36176
INFO 2026-07-29 11:51:42,996 basehttp 15148 11632 "GET /builder/load-template/ModernEcommerce18/?page=home HTTP/1.1" 200 24014
INFO 2026-07-29 11:51:54,584 basehttp 15148 11632 "GET /editor/ModernEcommerce18/?page=home HTTP/1.1" 200 597701
INFO 2026-07-29 11:51:54,797 basehttp 15148 11632 "GET /builder/get-components/ HTTP/1.1" 200 23001
INFO 2026-07-29 11:51:54,858 basehttp 15148 11632 "GET /builder/load-template/ModernEcommerce18/?page=home HTTP/1.1" 200 24014
INFO 2026-07-29 11:51:55,006 basehttp 15148 13064 "GET /builder/api/color-palettes/ HTTP/1.1" 200 55005
INFO 2026-07-29 11:51:55,385 basehttp 15148 13064 "GET /builder/api/color-palettes/ HTTP/1.1" 200 55005
INFO 2026-07-29 11:51:55,554 basehttp 15148 13064 "GET /builder/api/template-color-variables/ModernEcommerce18/ HTTP/1.1" 200 3105
INFO 2026-07-29 11:53:22,792 basehttp 15148 13064 "GET /editor/ModernEcommerce18/?page=home HTTP/1.1" 200 597701
INFO 2026-07-29 11:53:22,965 basehttp 15148 13064 "GET /builder/get-components/ HTTP/1.1" 200 23001
INFO 2026-07-29 11:53:23,018 basehttp 15148 13064 "GET /builder/load-template/ModernEcommerce18/?page=home HTTP/1.1" 200 24020
INFO 2026-07-29 11:53:23,139 basehttp 15148 11632 "GET /builder/api/color-palettes/ HTTP/1.1" 200 55005
INFO 2026-07-29 11:53:23,508 basehttp 15148 13064 "GET /builder/api/color-palettes/ HTTP/1.1" 200 55005
INFO 2026-07-29 11:53:23,635 basehttp 15148 13064 "GET /builder/api/template-color-variables/ModernEcommerce18/ HTTP/1.1" 200 3105
INFO 2026-07-29 11:53:51,687 basehttp 15148 13064 "GET /editor/ModernEcommerce18/?page=home HTTP/1.1" 200 597701
INFO 2026-07-29 11:53:51,853 basehttp 15148 13064 "GET /builder/get-components/ HTTP/1.1" 200 23001
INFO 2026-07-29 11:53:51,911 basehttp 15148 13064 "GET /builder/load-template/ModernEcommerce18/?page=home HTTP/1.1" 200 24024
INFO 2026-07-29 11:53:52,000 basehttp 15148 11632 "GET /builder/api/color-palettes/ HTTP/1.1" 200 55005
INFO 2026-07-29 11:53:52,346 basehttp 15148 11632 "GET /builder/api/color-palettes/ HTTP/1.1" 200 55005
INFO 2026-07-29 11:53:52,479 basehttp 15148 11632 "GET /builder/api/template-color-variables/ModernEcommerce18/ HTTP/1.1" 200 3105
INFO 2026-07-29 11:55:21,111 basehttp 15148 11632 "GET /builder/load-template/ModernEcommerce18/?page=products HTTP/1.1" 200 29485
INFO 2026-07-29 11:55:22,215 basehttp 15148 11632 "GET /builder/load-template/ModernEcommerce18/?page=home HTTP/1.1" 200 24012
INFO 2026-07-29 11:55:30,054 basehttp 15148 11632 "GET /builder/load-template/ModernEcommerce18/?page=products HTTP/1.1" 200 29485
INFO 2026-07-29 11:55:33,978 basehttp 15148 11632 "GET /builder/load-template/ModernEcommerce18/?page=home HTTP/1.1" 200 24012
INFO 2026-07-29 11:56:18,600 basehttp 15148 11632 "GET /editor/ModernEcommerce18/?page=home HTTP/1.1" 200 597701
INFO 2026-07-29 11:56:18,771 basehttp 15148 11632 "GET /builder/get-components/ HTTP/1.1" 200 23001
INFO 2026-07-29 11:56:18,822 basehttp 15148 11632 "GET /builder/load-template/ModernEcommerce18/?page=home HTTP/1.1" 200 24020
INFO 2026-07-29 11:56:19,005 basehttp 15148 13064 "GET /builder/api/color-palettes/ HTTP/1.1" 200 55005
INFO 2026-07-29 11:56:19,351 basehttp 15148 13064 "GET /builder/api/color-palettes/ HTTP/1.1" 200 55005
INFO 2026-07-29 11:56:19,471 basehttp 15148 13064 "GET /builder/api/template-color-variables/ModernEcommerce18/ HTTP/1.1" 200 3105
INFO 2026-07-29 11:57:33,495 basehttp 15148 13064 "GET /builder/load-template/ModernEcommerce18/?page=products HTTP/1.1" 200 29485
INFO 2026-07-29 11:57:34,976 basehttp 15148 13064 "GET /builder/load-template/ModernEcommerce18/?page=home HTTP/1.1" 200 24036
INFO 2026-07-29 12:09:54,341 basehttp 15148 6504 "GET /builder/load-template/ModernEcommerce18/?page=products HTTP/1.1" 200 29510
INFO 2026-07-29 12:09:56,248 basehttp 15148 6504 "GET /builder/load-template/ModernEcommerce18/?page=product-details HTTP/1.1" 200 36213
INFO 2026-07-29 12:09:57,571 basehttp 15148 6504 "GET /builder/load-template/ModernEcommerce18/?page=categories HTTP/1.1" 200 23189
INFO 2026-07-29 12:09:58,664 basehttp 15148 6504 "GET /builder/load-template/ModernEcommerce18/?page=about HTTP/1.1" 200 32081
INFO 2026-07-29 12:10:00,964 basehttp 15148 6504 "GET /builder/load-template/ModernEcommerce18/?page=contact HTTP/1.1" 200 32831
INFO 2026-07-29 12:10:04,663 basehttp 15148 6504 "GET /builder/load-template/ModernEcommerce18/?page=products HTTP/1.1" 200 29510
INFO 2026-07-29 12:10:06,123 basehttp 15148 6504 "GET /builder/load-template/ModernEcommerce18/?page=home HTTP/1.1" 200 24036
INFO 2026-07-29 12:10:38,013 basehttp 15148 6504 "GET /editor/ModernEcommerce18/ HTTP/1.1" 200 597701
INFO 2026-07-29 12:10:38,366 basehttp 15148 6504 "GET /builder/get-components/ HTTP/1.1" 200 23001
INFO 2026-07-29 12:10:38,613 basehttp 15148 6504 "GET /builder/load-template/ModernEcommerce18/?page=home HTTP/1.1" 200 24036
INFO 2026-07-29 12:10:38,661 basehttp 15148 12888 "GET /builder/api/color-palettes/ HTTP/1.1" 200 55005
INFO 2026-07-29 12:10:39,105 basehttp 15148 12888 "GET /builder/api/color-palettes/ HTTP/1.1" 200 55005
INFO 2026-07-29 12:10:39,213 basehttp 15148 12888 "GET /builder/api/template-color-variables/ModernEcommerce18/ HTTP/1.1" 200 3105
INFO 2026-07-29 12:10:49,197 basehttp 15148 12888 "GET /builder/load-template/ModernEcommerce18/?page=products HTTP/1.1" 200 29510
INFO 2026-07-29 12:10:55,103 basehttp 15148 12888 "GET /builder/load-template/ModernEcommerce18/?page=product-details HTTP/1.1" 200 36213
INFO 2026-07-29 12:10:56,463 basehttp 15148 12888 "GET /builder/load-template/ModernEcommerce18/?page=categories HTTP/1.1" 200 23189
INFO 2026-07-29 12:11:09,113 basehttp 15148 12888 "GET /editor/ModernEcommerce14/ HTTP/1.1" 200 597701
INFO 2026-07-29 12:11:09,531 basehttp 15148 12888 "GET /builder/get-components/ HTTP/1.1" 200 23001
INFO 2026-07-29 12:11:09,810 basehttp 15148 12888 "GET /builder/load-template/ModernEcommerce14/?page=home HTTP/1.1" 200 32144
INFO 2026-07-29 12:11:09,828 basehttp 15148 6504 "GET /builder/api/color-palettes/ HTTP/1.1" 200 55005
INFO 2026-07-29 12:11:10,355 basehttp 15148 12888 "GET /builder/api/color-palettes/ HTTP/1.1" 200 55005
INFO 2026-07-29 12:11:10,832 basehttp 15148 12888 "GET /builder/api/template-color-variables/ModernEcommerce14/ HTTP/1.1" 200 1296
INFO 2026-07-29 17:50:00,311 basehttp 15148 11792 "GET / HTTP/1.1" 200 52837
INFO 2026-07-29 17:50:00,416 basehttp 15148 14192 "GET /static/images/Elan-noir.png HTTP/1.1" 304 0
INFO 2026-07-29 17:50:00,417 basehttp 15148 11792 "GET /static/images/landing/landing-hero.png HTTP/1.1" 304 0
INFO 2026-07-29 17:50:00,425 basehttp 15148 13440 "GET /static/images/elegance-lux.png HTTP/1.1" 304 0
INFO 2026-07-29 17:50:00,426 basehttp 15148 1212 "GET /static/images/tech-sphere.png HTTP/1.1" 304 0
WARNING 2026-07-29 17:50:00,622 log 15148 13440 Not Found: /favicon.ico
WARNING 2026-07-29 17:50:00,623 basehttp 15148 13440 "GET /favicon.ico HTTP/1.1" 404 43913
INFO 2026-07-29 17:50:05,492 basehttp 15148 13440 "GET /onboarding/ HTTP/1.1" 200 95332
INFO 2026-07-29 17:50:05,571 basehttp 15148 13440 "GET /builder/api/color-palettes/ HTTP/1.1" 302 0
INFO 2026-07-29 17:50:05,608 basehttp 15148 1212 "GET /builder/templates/api/ HTTP/1.1" 200 2583
WARNING 2026-07-29 17:50:05,624 log 15148 13440 Not Found: /accounts/login/
WARNING 2026-07-29 17:50:05,632 basehttp 15148 13440 "GET /accounts/login/?next=/builder/api/color-palettes/ HTTP/1.1" 404 43962
INFO 2026-07-29 17:59:59,282 basehttp 15148 14340 "GET /onboarding/ HTTP/1.1" 200 95156
INFO 2026-07-29 17:59:59,353 basehttp 15148 14340 "GET /builder/api/color-palettes/ HTTP/1.1" 302 0
INFO 2026-07-29 17:59:59,354 basehttp 15148 12740 "GET /builder/templates/api/ HTTP/1.1" 200 2583
WARNING 2026-07-29 17:59:59,396 log 15148 14340 Not Found: /accounts/login/
WARNING 2026-07-29 17:59:59,397 basehttp 15148 14340 "GET /accounts/login/?next=/builder/api/color-palettes/ HTTP/1.1" 404 43962
INFO 2026-07-29 18:00:00,537 basehttp 15148 14340 "GET /onboarding/ HTTP/1.1" 200 95156
INFO 2026-07-29 18:00:00,590 basehttp 15148 14340 "GET /builder/api/color-palettes/ HTTP/1.1" 302 0
INFO 2026-07-29 18:00:00,601 basehttp 15148 12740 "GET /builder/templates/api/ HTTP/1.1" 200 2583
WARNING 2026-07-29 18:00:00,623 log 15148 14340 Not Found: /accounts/login/
WARNING 2026-07-29 18:00:00,624 basehttp 15148 14340 "GET /accounts/login/?next=/builder/api/color-palettes/ HTTP/1.1" 404 43962
INFO 2026-07-29 18:00:40,043 basehttp 15148 14340 "GET /onboarding/ HTTP/1.1" 200 95156
INFO 2026-07-29 18:00:40,141 basehttp 15148 14340 "GET /builder/api/color-palettes/ HTTP/1.1" 302 0
INFO 2026-07-29 18:00:40,153 basehttp 15148 12740 "GET /builder/templates/api/ HTTP/1.1" 200 2583
WARNING 2026-07-29 18:00:40,175 log 15148 14340 Not Found: /accounts/login/
WARNING 2026-07-29 18:00:40,176 basehttp 15148 14340 "GET /accounts/login/?next=/builder/api/color-palettes/ HTTP/1.1" 404 43962
INFO 2026-07-29 18:01:13,241 basehttp 15148 14340 "GET /onboarding/ HTTP/1.1" 200 95156
INFO 2026-07-29 18:01:13,295 basehttp 15148 14340 "GET /builder/api/color-palettes/ HTTP/1.1" 302 0
INFO 2026-07-29 18:01:13,306 basehttp 15148 12740 "GET /builder/templates/api/ HTTP/1.1" 200 2583
WARNING 2026-07-29 18:01:13,327 log 15148 14340 Not Found: /accounts/login/
WARNING 2026-07-29 18:01:13,327 basehttp 15148 14340 "GET /accounts/login/?next=/builder/api/color-palettes/ HTTP/1.1" 404 43962
INFO 2026-07-29 18:01:50,084 basehttp 15148 14340 "GET /onboarding/ HTTP/1.1" 200 95156
INFO 2026-07-29 18:01:50,148 basehttp 15148 14340 "GET /builder/api/color-palettes/ HTTP/1.1" 302 0
INFO 2026-07-29 18:01:50,149 basehttp 15148 12740 "GET /builder/templates/api/ HTTP/1.1" 200 2583
WARNING 2026-07-29 18:01:50,173 log 15148 14340 Not Found: /accounts/login/
WARNING 2026-07-29 18:01:50,175 basehttp 15148 14340 "GET /accounts/login/?next=/builder/api/color-palettes/ HTTP/1.1" 404 43962
INFO 2026-07-29 18:02:12,904 basehttp 15148 14340 "GET /onboarding/ HTTP/1.1" 200 95156
INFO 2026-07-29 18:02:12,962 basehttp 15148 14340 "GET /builder/api/color-palettes/ HTTP/1.1" 302 0
INFO 2026-07-29 18:02:12,969 basehttp 15148 12740 "GET /builder/templates/api/ HTTP/1.1" 200 2583
WARNING 2026-07-29 18:02:12,998 log 15148 14340 Not Found: /accounts/login/
WARNING 2026-07-29 18:02:12,999 basehttp 15148 14340 "GET /accounts/login/?next=/builder/api/color-palettes/ HTTP/1.1" 404 43962
INFO 2026-07-29 18:03:05,067 basehttp 15148 14340 "GET /onboarding/ HTTP/1.1" 200 95156
INFO 2026-07-29 18:03:05,128 basehttp 15148 14340 "GET /builder/api/color-palettes/ HTTP/1.1" 302 0
INFO 2026-07-29 18:03:05,135 basehttp 15148 12740 "GET /builder/templates/api/ HTTP/1.1" 200 2583
WARNING 2026-07-29 18:03:05,163 log 15148 14340 Not Found: /accounts/login/
WARNING 2026-07-29 18:03:05,164 basehttp 15148 14340 "GET /accounts/login/?next=/builder/api/color-palettes/ HTTP/1.1" 404 43962
INFO 2026-07-29 18:09:49,222 basehttp 15148 11292 "GET /onboarding/ HTTP/1.1" 200 95323
INFO 2026-07-29 18:09:49,289 basehttp 15148 11292 "GET /builder/api/color-palettes/ HTTP/1.1" 302 0
INFO 2026-07-29 18:09:49,296 basehttp 15148 6420 "GET /builder/templates/api/ HTTP/1.1" 200 2583
WARNING 2026-07-29 18:09:49,325 log 15148 6420 Not Found: /accounts/login/
WARNING 2026-07-29 18:09:49,326 basehttp 15148 6420 "GET /accounts/login/?next=/builder/api/color-palettes/ HTTP/1.1" 404 43962
INFO 2026-07-29 18:10:16,667 basehttp 15148 6420 "GET /onboarding/ HTTP/1.1" 200 95315
INFO 2026-07-29 18:10:16,723 basehttp 15148 6420 "GET /builder/api/color-palettes/ HTTP/1.1" 302 0
INFO 2026-07-29 18:10:16,734 basehttp 15148 11292 "GET /builder/templates/api/ HTTP/1.1" 200 2583
WARNING 2026-07-29 18:10:16,764 log 15148 6420 Not Found: /accounts/login/
WARNING 2026-07-29 18:10:16,765 basehttp 15148 6420 "GET /accounts/login/?next=/builder/api/color-palettes/ HTTP/1.1" 404 43962
INFO 2026-07-29 18:11:32,423 basehttp 15148 6420 "GET /onboarding/ HTTP/1.1" 200 95788
INFO 2026-07-29 18:11:32,490 basehttp 15148 6420 "GET /builder/api/color-palettes/ HTTP/1.1" 302 0
INFO 2026-07-29 18:11:32,490 basehttp 15148 11292 "GET /builder/templates/api/ HTTP/1.1" 200 2583
WARNING 2026-07-29 18:11:32,521 log 15148 6420 Not Found: /accounts/login/
WARNING 2026-07-29 18:11:32,522 basehttp 15148 6420 "GET /accounts/login/?next=/builder/api/color-palettes/ HTTP/1.1" 404 43962
INFO 2026-07-29 18:12:51,157 basehttp 15148 6420 "GET /onboarding/ HTTP/1.1" 200 95850
INFO 2026-07-29 18:12:51,214 basehttp 15148 6420 "GET /builder/api/color-palettes/ HTTP/1.1" 302 0
INFO 2026-07-29 18:12:51,224 basehttp 15148 11292 "GET /builder/templates/api/ HTTP/1.1" 200 2583
WARNING 2026-07-29 18:12:51,255 log 15148 6420 Not Found: /accounts/login/
WARNING 2026-07-29 18:12:51,257 basehttp 15148 6420 "GET /accounts/login/?next=/builder/api/color-palettes/ HTTP/1.1" 404 43962
INFO 2026-07-29 18:13:04,653 basehttp 15148 6420 "GET /login/ HTTP/1.1" 200 27786
INFO 2026-07-29 18:13:04,693 basehttp 15148 6420 "GET /static/accounts/js/auth.js HTTP/1.1" 200 1805
INFO 2026-07-29 18:13:04,731 basehttp 15148 11292 "GET /static/js/checkout.js HTTP/1.1" 200 4447
INFO 2026-07-29 18:13:11,187 basehttp 15148 11292 "GET /builder/register/ HTTP/1.1" 200 43596
INFO 2026-07-29 18:15:16,967 basehttp 15148 11292 "GET /onboarding/ HTTP/1.1" 200 95894
INFO 2026-07-29 18:15:17,004 basehttp 15148 11292 "GET /builder/api/color-palettes/ HTTP/1.1" 302 0
INFO 2026-07-29 18:15:17,009 basehttp 15148 6420 "GET /builder/templates/api/ HTTP/1.1" 200 2583
WARNING 2026-07-29 18:15:17,050 log 15148 6420 Not Found: /accounts/login/
WARNING 2026-07-29 18:15:17,052 basehttp 15148 6420 "GET /accounts/login/?next=/builder/api/color-palettes/ HTTP/1.1" 404 43962
INFO 2026-07-29 18:15:53,123 basehttp 15148 6420 "GET /onboarding/ HTTP/1.1" 200 95895
INFO 2026-07-29 18:15:53,181 basehttp 15148 6420 "GET /builder/api/color-palettes/ HTTP/1.1" 302 0
INFO 2026-07-29 18:15:53,195 basehttp 15148 11292 "GET /builder/templates/api/ HTTP/1.1" 200 2583
WARNING 2026-07-29 18:15:53,220 log 15148 6420 Not Found: /accounts/login/
WARNING 2026-07-29 18:15:53,224 basehttp 15148 6420 "GET /accounts/login/?next=/builder/api/color-palettes/ HTTP/1.1" 404 43962
INFO 2026-07-29 18:16:18,030 basehttp 15148 6420 "GET /onboarding/ HTTP/1.1" 200 95897
INFO 2026-07-29 18:16:18,094 basehttp 15148 6420 "GET /builder/api/color-palettes/ HTTP/1.1" 302 0
INFO 2026-07-29 18:16:18,107 basehttp 15148 11292 "GET /builder/templates/api/ HTTP/1.1" 200 2583
WARNING 2026-07-29 18:16:18,130 log 15148 6420 Not Found: /accounts/login/
WARNING 2026-07-29 18:16:18,131 basehttp 15148 6420 "GET /accounts/login/?next=/builder/api/color-palettes/ HTTP/1.1" 404 43962
INFO 2026-07-29 18:20:21,004 autoreload 15148 11768 D:\360ExtremeBrowserDownload\Test\venv\src\accounts\views.py changed, reloading.
INFO 2026-07-29 18:20:25,692 autoreload 11052 6408 Watching for file changes with StatReloader
INFO 2026-07-29 18:53:01,178 basehttp 11052 11324 "GET /dashboard/ HTTP/1.1" 200 221409
INFO 2026-07-29 18:53:07,015 basehttp 11052 11324 "GET /onboarding/ HTTP/1.1" 200 88231
INFO 2026-07-29 18:53:07,074 basehttp 11052 2908 "GET /builder/templates/api/ HTTP/1.1" 200 2583
INFO 2026-07-29 18:53:07,437 basehttp 11052 11324 "GET /builder/api/color-palettes/ HTTP/1.1" 200 55005
INFO 2026-07-29 18:53:13,606 basehttp 11052 11324 "GET /builder/api/check-subdomain/?subdomain=jerry HTTP/1.1" 200 189
INFO 2026-07-29 18:53:13,620 basehttp 11052 11324 "GET /builder/api/check-subdomain/?subdomain=jerry-42bd HTTP/1.1" 200 123
WARNING 2026-07-29 18:54:10,756 log 11052 11324 Not Found: /.well-known/appspecific/com.chrome.devtools.json
WARNING 2026-07-29 18:54:10,757 basehttp 11052 11324 "GET /.well-known/appspecific/com.chrome.devtools.json HTTP/1.1" 404 44061
INFO 2026-07-29 19:05:57,471 basehttp 11052 13616 "GET /dashboard/ HTTP/1.1" 200 221409
INFO 2026-07-29 19:06:02,217 basehttp 11052 13616 "GET /logout/ HTTP/1.1" 302 0
INFO 2026-07-29 19:06:02,227 basehttp 11052 13616 "GET /onboarding/ HTTP/1.1" 200 95897
INFO 2026-07-29 19:06:02,371 basehttp 11052 13616 "GET /builder/api/color-palettes/ HTTP/1.1" 302 0
INFO 2026-07-29 19:06:02,379 basehttp 11052 14480 "GET /builder/templates/api/ HTTP/1.1" 200 2583
WARNING 2026-07-29 19:06:02,401 log 11052 13616 Not Found: /accounts/login/
WARNING 2026-07-29 19:06:02,402 basehttp 11052 13616 "GET /accounts/login/?next=/builder/api/color-palettes/ HTTP/1.1" 404 43962
INFO 2026-07-29 19:06:19,148 basehttp 11052 13616 "GET / HTTP/1.1" 200 52837
INFO 2026-07-29 19:06:31,946 basehttp 11052 13616 "GET /login/ HTTP/1.1" 200 27786
INFO 2026-07-29 19:06:35,707 basehttp 11052 13616 "GET /builder/register/ HTTP/1.1" 200 43596
ERROR 2026-07-29 19:07:30,390 log 11052 13616 Internal Server Error: /builder/register/
Traceback (most recent call last):
  File "C:\Users\user\AppData\Roaming\Python\Python313\site-packages\django\core\handlers\exception.py", line 55, in inner
    response = get_response(request)
  File "C:\Users\user\AppData\Roaming\Python\Python313\site-packages\django\core\handlers\base.py", line 197, in _get_response
    response = wrapped_callback(request, *callback_args, **callback_kwargs)
  File "D:\360ExtremeBrowserDownload\Test\venv\src\accounts\views.py", line 135, in builder_register
    return redirect('accounts:dashboard')
  File "C:\Users\user\AppData\Roaming\Python\Python313\site-packages\django\shortcuts.py", line 51, in redirect
    resolve_url(to, *args, **kwargs),
    ~~~~~~~~~~~^^^^^^^^^^^^^^^^^^^^^
  File "C:\Users\user\AppData\Roaming\Python\Python313\site-packages\django\shortcuts.py", line 184, in resolve_url
    return reverse(to, args=args, kwargs=kwargs)
  File "C:\Users\user\AppData\Roaming\Python\Python313\site-packages\django\urls\base.py", line 98, in reverse
    resolved_url = resolver._reverse_with_prefix(view, prefix, *args, **kwargs)
  File "C:\Users\user\AppData\Roaming\Python\Python313\site-packages\django\urls\resolvers.py", line 831, in _reverse_with_prefix
    raise NoReverseMatch(msg)
django.urls.exceptions.NoReverseMatch: Reverse for 'dashboard' not found. 'dashboard' is not a valid view function or pattern name.
INFO 2026-07-29 19:07:30,609 basehttp 11052 13616 "POST /builder/register/ HTTP/1.1" 302 0
INFO 2026-07-29 19:07:30,846 basehttp 11052 13616 "GET /dashboard/ HTTP/1.1" 200 32257
INFO 2026-07-29 19:19:48,802 autoreload 11052 6408 D:\360ExtremeBrowserDownload\Test\venv\src\accounts\views.py changed, reloading.
INFO 2026-07-29 19:19:52,178 autoreload 12260 3000 Watching for file changes with StatReloader
INFO 2026-07-29 19:20:04,994 basehttp 12260 10260 "GET /logout/ HTTP/1.1" 302 0
INFO 2026-07-29 19:20:05,025 basehttp 12260 10260 "GET /onboarding/ HTTP/1.1" 200 95897
INFO 2026-07-29 19:20:05,384 basehttp 12260 10260 "GET /builder/api/color-palettes/ HTTP/1.1" 302 0
INFO 2026-07-29 19:20:05,389 basehttp 12260 9432 "GET /builder/templates/api/ HTTP/1.1" 200 2583
WARNING 2026-07-29 19:20:05,449 log 12260 9432 Not Found: /accounts/login/
WARNING 2026-07-29 19:20:05,450 basehttp 12260 9432 "GET /accounts/login/?next=/builder/api/color-palettes/ HTTP/1.1" 404 43962
INFO 2026-07-29 19:21:23,948 basehttp 12260 5020 "GET /onboarding/ HTTP/1.1" 200 95884
INFO 2026-07-29 19:21:25,230 basehttp 12260 5020 "GET /builder/api/color-palettes/ HTTP/1.1" 302 0
INFO 2026-07-29 19:21:25,233 basehttp 12260 616 "GET /builder/templates/api/ HTTP/1.1" 200 2583
WARNING 2026-07-29 19:21:25,257 log 12260 5020 Not Found: /accounts/login/
WARNING 2026-07-29 19:21:25,259 basehttp 12260 5020 "GET /accounts/login/?next=/builder/api/color-palettes/ HTTP/1.1" 404 43962
INFO 2026-07-29 19:21:54,237 basehttp 12260 5020 "GET /onboarding/ HTTP/1.1" 200 95890
INFO 2026-07-29 19:21:54,302 basehttp 12260 5020 "GET /builder/api/color-palettes/ HTTP/1.1" 302 0
INFO 2026-07-29 19:21:54,306 basehttp 12260 616 "GET /builder/templates/api/ HTTP/1.1" 200 2583
WARNING 2026-07-29 19:21:54,341 log 12260 616 Not Found: /accounts/login/
WARNING 2026-07-29 19:21:54,342 basehttp 12260 616 "GET /accounts/login/?next=/builder/api/color-palettes/ HTTP/1.1" 404 43962
INFO 2026-07-29 19:23:46,856 basehttp 12260 9432 "GET /onboarding/ HTTP/1.1" 200 95846
INFO 2026-07-29 19:23:46,917 basehttp 12260 9432 "GET /builder/api/color-palettes/ HTTP/1.1" 302 0
INFO 2026-07-29 19:23:46,921 basehttp 12260 10260 "GET /builder/templates/api/ HTTP/1.1" 200 2583
WARNING 2026-07-29 19:23:46,975 log 12260 10260 Not Found: /accounts/login/
WARNING 2026-07-29 19:23:46,976 basehttp 12260 10260 "GET /accounts/login/?next=/builder/api/color-palettes/ HTTP/1.1" 404 43962
INFO 2026-07-29 19:24:32,451 basehttp 12260 10260 "GET /builder/register/ HTTP/1.1" 200 43596
INFO 2026-07-29 19:25:21,956 basehttp 12260 10260 "POST /builder/register/ HTTP/1.1" 302 0
INFO 2026-07-29 19:25:22,181 basehttp 12260 10260 "GET /dashboard/ HTTP/1.1" 200 32257
INFO 2026-07-30 05:25:44,378 autoreload 9120 1832 Watching for file changes with StatReloader
INFO 2026-07-30 05:26:03,477 basehttp 9120 13604 "GET / HTTP/1.1" 200 52777
INFO 2026-07-30 05:26:03,821 basehttp 9120 13604 "GET /static/images/landing/landing-hero.png HTTP/1.1" 200 97489
INFO 2026-07-30 05:26:03,834 basehttp 9120 8264 "GET /static/images/Elan-noir.png HTTP/1.1" 200 724295
INFO 2026-07-30 05:26:03,881 basehttp 9120 13604 "GET /static/images/tech-sphere.png HTTP/1.1" 200 961500
INFO 2026-07-30 05:26:03,887 basehttp 9120 8264 "GET /static/images/elegance-lux.png HTTP/1.1" 200 920529
WARNING 2026-07-30 05:26:05,334 log 9120 8264 Not Found: /favicon.ico
WARNING 2026-07-30 05:26:05,335 basehttp 9120 8264 "GET /favicon.ico HTTP/1.1" 404 43913
INFO 2026-07-30 05:26:51,505 basehttp 9120 8264 "GET /dashboard/ HTTP/1.1" 200 221408
INFO 2026-07-30 05:26:51,562 basehttp 9120 8264 "GET /static/accounts/js/auth.js HTTP/1.1" 200 1805
INFO 2026-07-30 05:26:51,573 basehttp 9120 13604 "GET /static/js/checkout.js HTTP/1.1" 200 4447
INFO 2026-07-30 05:26:56,815 basehttp 9120 13604 "GET /logout/ HTTP/1.1" 302 0
INFO 2026-07-30 05:26:56,838 basehttp 9120 13604 "GET /onboarding/ HTTP/1.1" 200 95892
INFO 2026-07-30 05:26:57,296 basehttp 9120 8264 "GET /builder/api/color-palettes/ HTTP/1.1" 302 0
INFO 2026-07-30 05:26:57,297 basehttp 9120 13604 "GET /builder/templates/api/ HTTP/1.1" 200 2583
WARNING 2026-07-30 05:26:57,386 log 9120 13604 Not Found: /accounts/login/
WARNING 2026-07-30 05:26:57,387 basehttp 9120 13604 "GET /accounts/login/?next=/builder/api/color-palettes/ HTTP/1.1" 404 43962
INFO 2026-07-30 05:27:00,098 basehttp 9120 13604 "GET /builder/register/ HTTP/1.1" 200 51670
WARNING 2026-07-30 05:27:46,277 log 9120 13604 Forbidden (CSRF token missing.): /builder/register/
WARNING 2026-07-30 05:27:46,284 basehttp 9120 13604 "POST /builder/register/ HTTP/1.1" 403 2491
INFO 2026-07-30 05:36:01,570 basehttp 9120 2264 "GET /builder/register/ HTTP/1.1" 200 51632
INFO 2026-07-30 05:36:07,565 basehttp 9120 2264 "GET /builder/register/ HTTP/1.1" 200 51632
WARNING 2026-07-30 05:37:00,057 log 9120 2264 Forbidden (CSRF token missing.): /builder/register/
WARNING 2026-07-30 05:37:00,058 basehttp 9120 2264 "POST /builder/register/ HTTP/1.1" 403 2491
INFO 2026-07-30 05:39:27,370 basehttp 9120 2264 "GET /builder/register/ HTTP/1.1" 200 51650
WARNING 2026-07-30 05:40:34,138 log 9120 2844 Forbidden (CSRF token missing.): /builder/register/
WARNING 2026-07-30 05:40:34,139 basehttp 9120 2844 "POST /builder/register/ HTTP/1.1" 403 2491
INFO 2026-07-30 05:41:24,181 basehttp 9120 2844 "GET /builder/register/ HTTP/1.1" 200 43596
INFO 2026-07-30 05:42:21,351 basehttp 9120 2844 "POST /builder/register/ HTTP/1.1" 302 0
INFO 2026-07-30 05:42:21,552 basehttp 9120 2844 "GET /dashboard/ HTTP/1.1" 200 32257
INFO 2026-07-30 05:44:04,219 basehttp 9120 2844 "GET /logout/ HTTP/1.1" 302 0
INFO 2026-07-30 05:44:04,239 basehttp 9120 2844 "GET /onboarding/ HTTP/1.1" 200 95892
INFO 2026-07-30 05:44:04,420 basehttp 9120 2844 "GET /builder/api/color-palettes/ HTTP/1.1" 302 0
INFO 2026-07-30 05:44:04,420 basehttp 9120 10332 "GET /builder/templates/api/ HTTP/1.1" 200 2583
WARNING 2026-07-30 05:44:04,486 log 9120 10332 Not Found: /accounts/login/
WARNING 2026-07-30 05:44:04,487 basehttp 9120 10332 "GET /accounts/login/?next=/builder/api/color-palettes/ HTTP/1.1" 404 43962
INFO 2026-07-30 05:44:06,394 basehttp 9120 10332 "GET /builder/register/ HTTP/1.1" 200 51640
WARNING 2026-07-30 05:44:44,591 log 9120 10332 Forbidden (CSRF token missing.): /builder/register/
WARNING 2026-07-30 05:44:44,592 basehttp 9120 10332 "POST /builder/register/ HTTP/1.1" 403 2491
INFO 2026-07-30 05:46:22,929 basehttp 9120 9484 "GET /builder/register/ HTTP/1.1" 200 51767
WARNING 2026-07-30 05:47:24,210 log 9120 9484 Forbidden (CSRF token missing.): /builder/register/
WARNING 2026-07-30 05:47:24,211 basehttp 9120 9484 "POST /builder/register/ HTTP/1.1" 403 2491
INFO 2026-07-30 05:50:49,158 basehttp 9120 5284 "GET /builder/register/ HTTP/1.1" 200 46816
INFO 2026-07-30 05:51:50,822 basehttp 9120 5284 "POST /builder/register/ HTTP/1.1" 302 0
INFO 2026-07-30 05:51:51,033 basehttp 9120 5284 "GET /dashboard/ HTTP/1.1" 200 32259
INFO 2026-07-30 06:01:20,435 autoreload 9120 1832 D:\360ExtremeBrowserDownload\Test\venv\src\accounts\views.py changed, reloading.
INFO 2026-07-30 06:01:23,899 autoreload 2192 12928 Watching for file changes with StatReloader
INFO 2026-07-30 06:02:12,356 basehttp 2192 11328 "GET /logout/ HTTP/1.1" 302 0
INFO 2026-07-30 06:02:12,387 basehttp 2192 11328 "GET /onboarding/ HTTP/1.1" 200 95892
INFO 2026-07-30 06:02:12,508 basehttp 2192 11328 "GET /builder/api/color-palettes/ HTTP/1.1" 302 0
INFO 2026-07-30 06:02:12,516 basehttp 2192 8556 "GET /builder/templates/api/ HTTP/1.1" 200 2583
WARNING 2026-07-30 06:02:12,593 log 2192 11328 Not Found: /accounts/login/
WARNING 2026-07-30 06:02:12,603 basehttp 2192 11328 "GET /accounts/login/?next=/builder/api/color-palettes/ HTTP/1.1" 404 43962
INFO 2026-07-30 06:02:16,572 basehttp 2192 11328 "GET /login/ HTTP/1.1" 200 30997
INFO 2026-07-30 06:02:22,255 basehttp 2192 11328 "GET /builder/register/ HTTP/1.1" 200 46816
INFO 2026-07-30 06:03:10,374 basehttp 2192 11328 "POST /builder/register/ HTTP/1.1" 302 0
INFO 2026-07-30 06:03:10,619 basehttp 2192 11328 "GET /dashboard/ HTTP/1.1" 200 32258
INFO 2026-07-30 06:04:46,680 basehttp 2192 11328 "GET /logout/ HTTP/1.1" 302 0
INFO 2026-07-30 06:04:46,698 basehttp 2192 11328 "GET /onboarding/ HTTP/1.1" 200 95892
INFO 2026-07-30 06:04:46,840 basehttp 2192 11328 "GET /builder/api/color-palettes/ HTTP/1.1" 302 0
INFO 2026-07-30 06:04:46,841 basehttp 2192 8556 "GET /builder/templates/api/ HTTP/1.1" 200 2583
WARNING 2026-07-30 06:04:46,922 log 2192 8556 Not Found: /accounts/login/
WARNING 2026-07-30 06:04:46,923 basehttp 2192 8556 "GET /accounts/login/?next=/builder/api/color-palettes/ HTTP/1.1" 404 43962
INFO 2026-07-30 06:04:50,874 basehttp 2192 8556 "GET /login/ HTTP/1.1" 200 30997
INFO 2026-07-30 06:04:55,811 basehttp 2192 8556 "POST /login/ HTTP/1.1" 302 0
INFO 2026-07-30 06:04:55,872 basehttp 2192 8556 "GET /onboarding/ HTTP/1.1" 200 88224
INFO 2026-07-30 06:04:56,149 basehttp 2192 11328 "GET /builder/templates/api/ HTTP/1.1" 200 2583
INFO 2026-07-30 06:04:56,443 basehttp 2192 8556 "GET /builder/api/color-palettes/ HTTP/1.1" 200 55005
INFO 2026-07-30 06:05:49,486 autoreload 2192 12928 D:\360ExtremeBrowserDownload\Test\venv\src\accounts\views.py changed, reloading.
INFO 2026-07-30 06:05:52,359 autoreload 15196 14380 Watching for file changes with StatReloader
INFO 2026-07-30 06:06:00,887 basehttp 15196 9108 "GET /dashboard/ HTTP/1.1" 200 221408
INFO 2026-07-30 06:06:05,119 basehttp 15196 9108 "GET /logout/ HTTP/1.1" 302 0
INFO 2026-07-30 06:06:05,141 basehttp 15196 9108 "GET /onboarding/ HTTP/1.1" 200 95892
INFO 2026-07-30 06:06:05,230 basehttp 15196 9108 "GET /builder/api/color-palettes/ HTTP/1.1" 302 0
INFO 2026-07-30 06:06:05,232 basehttp 15196 5536 "GET /builder/templates/api/ HTTP/1.1" 200 2583
WARNING 2026-07-30 06:06:05,303 log 15196 5536 Not Found: /accounts/login/
WARNING 2026-07-30 06:06:05,307 basehttp 15196 5536 "GET /accounts/login/?next=/builder/api/color-palettes/ HTTP/1.1" 404 43962
INFO 2026-07-30 06:06:09,127 basehttp 15196 5536 "GET /login/ HTTP/1.1" 200 30997
INFO 2026-07-30 06:06:38,053 basehttp 15196 5536 "POST /login/ HTTP/1.1" 302 0
INFO 2026-07-30 06:06:38,105 basehttp 15196 5536 "GET /onboarding/ HTTP/1.1" 200 88224
INFO 2026-07-30 06:06:38,222 basehttp 15196 9108 "GET /builder/templates/api/ HTTP/1.1" 200 2583
INFO 2026-07-30 06:06:38,387 basehttp 15196 5536 "GET /builder/api/color-palettes/ HTTP/1.1" 200 55005
INFO 2026-07-30 06:08:12,326 autoreload 15196 14380 D:\360ExtremeBrowserDownload\Test\venv\src\accounts\views.py changed, reloading.
INFO 2026-07-30 06:08:15,251 autoreload 7552 5380 Watching for file changes with StatReloader
INFO 2026-07-30 06:08:23,069 basehttp 7552 11496 "GET /dashboard/ HTTP/1.1" 200 221408
INFO 2026-07-30 06:08:28,011 basehttp 7552 11496 "GET /logout/ HTTP/1.1" 302 0
INFO 2026-07-30 06:08:28,031 basehttp 7552 11496 "GET /onboarding/ HTTP/1.1" 200 95892
INFO 2026-07-30 06:08:28,103 basehttp 7552 11496 "GET /builder/api/color-palettes/ HTTP/1.1" 302 0
INFO 2026-07-30 06:08:28,108 basehttp 7552 8704 "GET /builder/templates/api/ HTTP/1.1" 200 2583
WARNING 2026-07-30 06:08:28,166 log 7552 8704 Not Found: /accounts/login/
WARNING 2026-07-30 06:08:28,171 basehttp 7552 8704 "GET /accounts/login/?next=/builder/api/color-palettes/ HTTP/1.1" 404 43962
INFO 2026-07-30 06:08:30,308 basehttp 7552 8704 "GET /login/ HTTP/1.1" 200 30997
INFO 2026-07-30 06:08:34,688 basehttp 7552 8704 "POST /login/ HTTP/1.1" 302 0
INFO 2026-07-30 06:08:35,283 basehttp 7552 8704 "GET /dashboard/ HTTP/1.1" 200 221408
INFO 2026-07-30 06:10:07,913 autoreload 7552 5380 D:\360ExtremeBrowserDownload\Test\venv\src\accounts\views.py changed, reloading.
INFO 2026-07-30 06:10:10,979 autoreload 4376 12312 Watching for file changes with StatReloader
INFO 2026-07-30 06:10:18,102 basehttp 4376 14688 "GET /logout/ HTTP/1.1" 302 0
INFO 2026-07-30 06:10:18,120 basehttp 4376 14688 "GET /onboarding/ HTTP/1.1" 200 95892
INFO 2026-07-30 06:10:18,212 basehttp 4376 14688 "GET /builder/api/color-palettes/ HTTP/1.1" 302 0
INFO 2026-07-30 06:10:18,213 basehttp 4376 13632 "GET /builder/templates/api/ HTTP/1.1" 200 2583
WARNING 2026-07-30 06:10:18,285 log 4376 13632 Not Found: /accounts/login/
WARNING 2026-07-30 06:10:18,287 basehttp 4376 13632 "GET /accounts/login/?next=/builder/api/color-palettes/ HTTP/1.1" 404 43962
INFO 2026-07-30 06:10:20,192 basehttp 4376 13632 "GET /builder/register/ HTTP/1.1" 200 46816
INFO 2026-07-30 06:11:04,841 basehttp 4376 13632 "POST /builder/register/ HTTP/1.1" 302 0
INFO 2026-07-30 06:11:04,931 basehttp 4376 13632 "GET /dashboard/ HTTP/1.1" 200 32259
